{"stats":{"minecraft:used":{"croptopia:leek":1,"minecraft:stone_sword":136,"minecraft:chest":4,"minecraft:white_terracotta":2,"minecraft:shield":24,"minecraft:iron_sword":203,"travelersbackpack:diamond":2,"minecraft:cooked_chicken":10,"minecraft:rotten_flesh":14,"minecraft:torch":430,"minecraft:dirt":48,"minecraft:tuff":3,"minecraft:granite":2,"minecraft:bow":1,"minecraft:furnace":3,"minecraft:cooked_cod":3,"croptopia:squash":1,"minecraft:cooked_beef":7,"minecraft:cobbled_deepslate":37,"minecraft:orange_terracotta":2,"minecraft:cooked_mutton":5,"minecraft:diorite":4,"minecraft:birch_planks":1,"minecraft:stone_pickaxe":166,"minecraft:oak_planks":22,"croptopia:apricot":1,"minecraft:golden_apple":1,"minecraft:terracotta":4,"minecraft:yellow_terracotta":7,"minecraft:crafting_table":1,"minecraft:light_gray_terracotta":1,"croptopia:orange":1,"minecraft:oak_log":1,"croptopia:nectarine":1,"minecraft:apple":4,"minecraft:bread":10,"minecraft:iron_pickaxe":932,"minecraft:gravel":19,"minecraft:stone_axe":10,"minecraft:cobblestone":112,"travelersbackpack:standard":3,"minecraft:brush":5,"croptopia:cantaloupe":2},"minecraft:picked_up":{"minecraft:fishing_rod":1,"minecraft:crafting_table":1,"minecraft:iron_chestplate":3,"minecraft:chicken":1,"minecraft:prismarine_shard":14,"croptopia:grape_seed":1,"croptopia:tomatillo_seed":4,"minecraft:gold_block":2,"minecraft:diamond_horse_armor":2,"minecraft:dead_horn_coral_block":1,"minecraft:shield":3,"minecraft:string":11,"minecraft:dead_tube_coral_block":1,"croptopia:cantaloupe":2,"minecraft:raw_copper":248,"travelersbackpack:diamond":2,"minecraft:iron_leggings":4,"croptopia:pear":10,"minecraft:sea_pickle":9,"minecraft:cobbled_deepslate":98,"minecraft:bucket":2,"croptopia:tomatillo":2,"minecraft:iron_pickaxe":7,"croptopia:blueberry":4,"minecraft:chest":2,"minecraft:piston":1,"minecraft:furnace":3,"minecraft:iron_boots":3,"minecraft:egg":9,"minecraft:stick":36,"minecraft:raw_iron":235,"minecraft:oak_fence":1,"minecraft:torch":129,"croptopia:blackberry_seed":1,"minecraft:acacia_log":7,"croptopia:olive_seed":2,"croptopia:ginger_seed":3,"minecraft:diorite":6,"minecraft:redstone":102,"croptopia:strawberry":2,"minecraft:prismarine_crystals":10,"croptopia:grape":1,"croptopia:cantaloupe_seed":2,"minecraft:arrow":38,"minecraft:cactus":4,"minecraft:rotten_flesh":31,"croptopia:squash_seed":1,"minecraft:beetroot_seeds":3,"croptopia:strawberry_seed":3,"minecraft:armadillo_scute":21,"minecraft:yellow_terracotta":7,"minecraft:ward_armor_trim_smithing_template":1,"minecraft:gold_ingot":12,"minecraft:white_terracotta":2,"minecraft:mutton":2,"minecraft:white_wool":1,"minecraft:bone_block":3,"minecraft:cobblestone":273,"minecraft:magma_block":2,"minecraft:feather":4,"minecraft:salmon":10,"croptopia:nectarine":6,"minecraft:water_bucket":1,"minecraft:andesite":19,"minecraft:flint":1,"minecraft:tuff":5,"minecraft:oak_log":5,"minecraft:prismarine_bricks":7,"croptopia:leek":3,"minecraft:gunpowder":5,"minecraft:lapis_lazuli":65,"croptopia:blueberry_seed":3,"croptopia:celery":2,"minecraft:dirt":56,"minecraft:orange_terracotta":2,"minecraft:cooked_mutton":4,"croptopia:kiwi_seed":5,"croptopia:olive":8,"minecraft:mangrove_fence":1,"minecraft:red_carpet":1,"minecraft:bone":75,"minecraft:acacia_planks":91,"minecraft:bow":2,"minecraft:wheat_seeds":29,"croptopia:squash":1,"minecraft:raw_gold":41,"minecraft:stone_pickaxe":3,"minecraft:cooked_chicken":4,"minecraft:iron_sword":1,"minecraft:acacia_sapling":7,"croptopia:kiwi":2,"minecraft:prismarine":24,"croptopia:lime":3,"minecraft:oak_planks":9,"minecraft:cooked_porkchop":11,"croptopia:apricot":12,"croptopia:plum":1,"minecraft:brush":3,"minecraft:red_wool":6,"croptopia:ginger":1,"croptopia:blackberry":1,"minecraft:raw_iron_block":2,"minecraft:gravel":25,"croptopia:celery_seed":3,"minecraft:sand":2,"croptopia:rutabaga_seed":2,"minecraft:red_banner":2,"minecraft:ink_sac":10,"minecraft:white_bed":2,"minecraft:acacia_stairs":1,"minecraft:sea_lantern":3,"minecraft:spider_eye":3,"minecraft:leather_helmet":1,"minecraft:dark_prismarine":10,"travelersbackpack:standard":3,"croptopia:cherry":7,"minecraft:light_gray_terracotta":1,"croptopia:lemon":4,"minecraft:stone_axe":1,"minecraft:diamond":16,"croptopia:orange":12,"minecraft:dead_brain_coral_block":1,"croptopia:leek_seed":3,"minecraft:iron_helmet":3,"minecraft:granite":12,"minecraft:golden_apple":1,"minecraft:bread":1,"minecraft:terracotta":4,"minecraft:oak_sapling":3,"minecraft:coal":426},"minecraft:killed":{"minecraft:cave_spider":1,"minecraft:spider":10,"minecraft:skeleton":13,"minecraft:creeper":2,"minecraft:zombie":22},"minecraft:custom":{"minecraft:mob_kills":49,"minecraft:interact_with_crafting_table":22,"minecraft:open_barrel":12,"goblintraders:trade_with_goblin":36,"minecraft:leave_game":3,"minecraft:time_since_death":23552,"minecraft:climb_one_cm":3401,"minecraft:sprint_one_cm":376063,"minecraft:walk_one_cm":1720091,"minecraft:damage_blocked_by_shield":894,"minecraft:drop":24,"minecraft:talked_to_villager":1,"minecraft:play_time":403981,"minecraft:deaths":4,"minecraft:sneak_time":11825,"minecraft:walk_under_water_one_cm":49369,"minecraft:boat_one_cm":31840,"minecraft:jump":5290,"minecraft:walk_on_water_one_cm":96932,"minecraft:total_world_time":403981,"minecraft:interact_with_furnace":56,"minecraft:sleep_in_bed":3,"minecraft:time_since_rest":23661,"minecraft:waystone_activated":3,"minecraft:damage_taken":3650,"minecraft:damage_absorbed":39,"minecraft:damage_dealt":10425,"minecraft:swim_one_cm":19501,"minecraft:fly_one_cm":116662,"minecraft:open_chest":100,"minecraft:crouch_one_cm":37154,"minecraft:fall_one_cm":73761},"minecraft:dropped":{"minecraft:bread":7,"minecraft:wheat_seeds":3,"minecraft:crafting_table":1,"minecraft:apple":2,"minecraft:granite":1,"travelersbackpack:standard":1,"minecraft:stick":3,"minecraft:diamond_horse_armor":1,"minecraft:torch":95,"minecraft:iron_pickaxe":1,"minecraft:string":3,"minecraft:gravel":6,"minecraft:stone_sword":1,"minecraft:rotten_flesh":2},"minecraft:broken":{"minecraft:leather_helmet":1,"minecraft:stone_sword":1,"minecraft:stone_pickaxe":2,"minecraft:brush":3,"minecraft:iron_pickaxe":3,"minecraft:bow":1},"minecraft:killed_by":{"minecraft:vindicator":1,"minecraft:warden":2,"minecraft:zombie":1},"minecraft:mined":{"minecraft:yellow_terracotta":7,"croptopia:cantaloupe_crop":2,"minecraft:tuff":5,"minecraft:white_bed":1,"croptopia:orange_crop":12,"minecraft:deepslate_diamond_ore":16,"croptopia:grape_crop":1,"croptopia:strawberry_crop":2,"minecraft:sculk_vein":4,"minecraft:granite":12,"croptopia:lime_crop":3,"minecraft:acacia_log":6,"minecraft:grass_block":26,"minecraft:spawner":1,"minecraft:raw_iron_block":2,"minecraft:redstone_ore":5,"croptopia:ginger_crop":1,"croptopia:cherry_crop":7,"minecraft:furnace":2,"minecraft:iron_ore":129,"minecraft:cobbled_deepslate":5,"minecraft:acacia_stairs":1,"minecraft:andesite":7,"croptopia:blueberry_crop":2,"minecraft:deepslate_lapis_ore":4,"croptopia:squash_crop":1,"minecraft:deepslate_iron_ore":106,"minecraft:stone":181,"minecraft:brain_coral":1,"minecraft:deepslate_redstone_ore":24,"minecraft:red_wool":8,"minecraft:orange_terracotta":2,"travelersbackpack:standard":1,"minecraft:oak_fence":1,"minecraft:crafting_table":1,"minecraft:torch":19,"minecraft:light_gray_terracotta":1,"minecraft:short_grass":24,"minecraft:dead_bush":6,"croptopia:lemon_crop":4,"minecraft:copper_ore":53,"minecraft:tall_grass":6,"minecraft:cobblestone":10,"minecraft:deepslate_gold_ore":17,"minecraft:lapis_ore":5,"minecraft:sculk":1,"minecraft:oak_planks":9,"croptopia:olive_crop":2,"minecraft:diorite":6,"minecraft:wall_torch":14,"minecraft:deepslate_copper_ore":5,"travelersbackpack:diamond":1,"minecraft:white_terracotta":2,"croptopia:nectarine_crop":6,"croptopia:leek_crop":1,"croptopia:tomatillo_crop":2,"croptopia:pear_crop":10,"minecraft:birch_leaves":1,"minecraft:red_wall_banner":1,"croptopia:apricot_crop":10,"minecraft:oak_log":5,"minecraft:coal_ore":392,"croptopia:celery_crop":2,"croptopia:kiwi_crop":3,"croptopia:blackberry_crop":1,"minecraft:gravel":20,"minecraft:dirt":27,"minecraft:terracotta":4,"minecraft:gold_ore":24,"minecraft:oak_leaves":11,"minecraft:deepslate":45},"minecraft:crafted":{"minecraft:oak_planks":32,"minecraft:cooked_chicken":6,"minecraft:furnace":1,"minecraft:cooked_mutton":9,"minecraft:iron_boots":2,"minecraft:chest":4,"minecraft:cooked_beef":7,"minecraft:cooked_cod":3,"minecraft:emerald":2,"minecraft:crafting_table":1,"minecraft:iron_helmet":2,"minecraft:iron_sword":1,"minecraft:copper_ingot":3,"minecraft:stone_axe":1,"minecraft:air":0,"minecraft:iron_chestplate":2,"minecraft:stick":176,"minecraft:iron_ingot":110,"minecraft:iron_pickaxe":3,"minecraft:stone_sword":2,"minecraft:iron_leggings":1,"minecraft:acacia_planks":24,"minecraft:torch":504}},"DataVersion":3839}