{"stats":{"minecraft:custom":{"minecraft:interact_with_crafting_table":48,"minecraft:open_barrel":59,"goblintraders:trade_with_goblin":36,"minecraft:leave_game":4,"minecraft:time_since_death":137667,"minecraft:sprint_one_cm":845133,"minecraft:damage_blocked_by_shield":1469,"minecraft:drop":38,"minecraft:talked_to_villager":1,"minecraft:play_time":661440,"minecraft:deaths":5,"minecraft:jump":7666,"minecraft:walk_on_water_one_cm":159280,"minecraft:interact_with_furnace":61,"minecraft:sleep_in_bed":8,"minecraft:waystone_activated":6,"minecraft:damage_dealt":14427,"minecraft:crouch_one_cm":40278,"minecraft:mob_kills":70,"minecraft:climb_one_cm":9734,"minecraft:walk_one_cm":2665334,"minecraft:sneak_time":13481,"minecraft:walk_under_water_one_cm":72846,"minecraft:boat_one_cm":507334,"minecraft:interact_with_lectern":1,"minecraft:total_world_time":661440,"minecraft:time_since_rest":129192,"minecraft:damage_taken":4454,"minecraft:damage_absorbed":39,"minecraft:swim_one_cm":140037,"minecraft:fly_one_cm":227933,"minecraft:open_chest":257,"minecraft:fall_one_cm":96601},"minecraft:killed_by":{"minecraft:vindicator":2,"minecraft:zombie":1,"minecraft:warden":2},"minecraft:crafted":{"minecraft:oak_planks":32,"minecraft:wolf_armor":3,"minecraft:cooked_chicken":6,"minecraft:cooked_mutton":9,"minecraft:bow":1,"minecraft:iron_boots":2,"minecraft:chest":9,"minecraft:emerald":2,"minecraft:crafting_table":2,"minecraft:iron_helmet":2,"minecraft:copper_ingot":3,"minecraft:iron_chestplate":2,"minecraft:stick":180,"minecraft:iron_ingot":110,"minecraft:iron_pickaxe":3,"minecraft:acacia_chest_boat":2,"minecraft:stone_sword":2,"minecraft:furnace":2,"minecraft:iron_hoe":1,"minecraft:cooked_beef":7,"minecraft:cooked_cod":3,"minecraft:iron_sword":1,"minecraft:stone_axe":1,"minecraft:acacia_boat":2,"minecraft:air":0,"minecraft:iron_shovel":2,"minecraft:iron_leggings":1,"minecraft:acacia_planks":32,"minecraft:torch":504},"minecraft:picked_up":{"minecraft:iron_chestplate":3,"minecraft:prismarine_shard":14,"croptopia:grape_seed":3,"croptopia:tomatillo_seed":6,"croptopia:cabbage_seed":1,"croptopia:lettuce":1,"minecraft:raw_copper":248,"minecraft:string":12,"minecraft:dead_tube_coral_block":1,"croptopia:cantaloupe":3,"travelersbackpack:diamond":6,"minecraft:iron_leggings":4,"minecraft:sea_pickle":9,"minecraft:red_sand":71,"minecraft:cobbled_deepslate":98,"minecraft:bucket":2,"minecraft:rose_bush":5,"minecraft:iron_pickaxe":7,"croptopia:blueberry":5,"minecraft:iron_boots":3,"minecraft:furnace":3,"minecraft:stick":44,"minecraft:oak_fence":1,"minecraft:acacia_log":7,"minecraft:torch":133,"croptopia:blackberry_seed":1,"minecraft:spruce_stairs":1,"croptopia:olive_seed":2,"croptopia:ginger_seed":3,"minecraft:diorite":6,"minecraft:cactus":4,"minecraft:rotten_flesh":31,"croptopia:squash_seed":1,"croptopia:raspberry_seed":1,"minecraft:armadillo_scute":21,"minecraft:white_terracotta":2,"croptopia:cabbage":1,"minecraft:cobblestone":277,"croptopia:lettuce_seed":1,"minecraft:magma_block":2,"minecraft:feather":4,"minecraft:water_bucket":1,"croptopia:nectarine":6,"minecraft:andesite":19,"minecraft:flint":2,"minecraft:tuff":5,"minecraft:prismarine_bricks":7,"minecraft:lantern":1,"croptopia:blueberry_seed":4,"croptopia:celery":2,"minecraft:lapis_lazuli":65,"minecraft:dirt":220,"croptopia:kiwi_seed":5,"minecraft:mangrove_fence":1,"minecraft:bone":94,"croptopia:corn":2,"minecraft:acacia_planks":92,"minecraft:bow":2,"minecraft:wheat_seeds":38,"minecraft:raw_gold":41,"croptopia:bellpepper":1,"croptopia:lime":3,"minecraft:prismarine":24,"minecraft:oak_planks":9,"minecraft:cooked_porkchop":25,"croptopia:plum":1,"croptopia:ginger":1,"croptopia:blackberry":1,"croptopia:celery_seed":3,"minecraft:sand":47,"minecraft:ink_sac":10,"minecraft:acacia_stairs":1,"minecraft:dark_prismarine":10,"croptopia:cherry":7,"minecraft:light_gray_terracotta":1,"minecraft:diamond":16,"croptopia:radish_seed":2,"croptopia:leek_seed":3,"minecraft:dead_brain_coral_block":1,"minecraft:granite":12,"minecraft:bone_meal":1,"minecraft:golden_apple":1,"minecraft:spruce_sign":12,"minecraft:acacia_chest_boat":6,"minecraft:bread":30,"minecraft:oak_sapling":3,"minecraft:dark_oak_fence":2,"minecraft:andesite_slab":1,"minecraft:fishing_rod":2,"minecraft:crafting_table":1,"minecraft:chicken":1,"minecraft:ladder":1,"minecraft:gold_block":3,"minecraft:diamond_horse_armor":2,"minecraft:dead_horn_coral_block":1,"minecraft:shield":3,"croptopia:bellpepper_seed":1,"croptopia:pear":11,"croptopia:tomatillo":3,"croptopia:pepper_seed":3,"minecraft:poppy":1,"minecraft:spruce_slab":1,"minecraft:sugar_cane":31,"minecraft:chest":2,"minecraft:piston":1,"minecraft:spruce_trapdoor":1,"minecraft:phantom_membrane":1,"minecraft:egg":23,"minecraft:raw_iron":244,"croptopia:corn_seed":3,"minecraft:polished_blackstone_bricks":1,"minecraft:redstone":102,"croptopia:strawberry":4,"minecraft:prismarine_crystals":10,"croptopia:grape":2,"croptopia:cantaloupe_seed":4,"minecraft:arrow":48,"croptopia:strawberry_seed":6,"minecraft:beetroot_seeds":3,"minecraft:peony":5,"minecraft:yellow_terracotta":7,"minecraft:ward_armor_trim_smithing_template":1,"minecraft:gold_ingot":12,"croptopia:pepper":2,"minecraft:mutton":3,"minecraft:white_wool":1,"minecraft:bone_block":3,"minecraft:salmon":10,"minecraft:oak_log":5,"croptopia:leek":3,"minecraft:gunpowder":5,"minecraft:orange_terracotta":2,"minecraft:cooked_mutton":4,"croptopia:olive":8,"minecraft:smooth_sandstone":1,"minecraft:red_carpet":1,"croptopia:squash":1,"minecraft:stone_pickaxe":3,"minecraft:iron_ingot":3,"croptopia:raspberry":1,"minecraft:cooked_chicken":4,"croptopia:tomato":1,"minecraft:acacia_sapling":7,"croptopia:kiwi":2,"minecraft:iron_sword":2,"minecraft:book":33,"minecraft:pumpkin":6,"croptopia:apricot":12,"minecraft:brush":3,"minecraft:red_wool":6,"minecraft:dandelion":6,"minecraft:raw_iron_block":4,"minecraft:gravel":25,"croptopia:rutabaga_seed":2,"minecraft:red_banner":2,"minecraft:white_bed":5,"minecraft:sea_lantern":3,"minecraft:spider_eye":4,"minecraft:leather_helmet":1,"travelersbackpack:standard":3,"croptopia:lemon":4,"minecraft:stone_axe":1,"minecraft:iron_helmet":3,"croptopia:orange":12,"minecraft:terracotta":6,"minecraft:coal":431},"minecraft:broken":{"minecraft:stone_pickaxe":2,"minecraft:iron_sword":1,"minecraft:bow":1,"minecraft:leather_helmet":1,"minecraft:golden_hoe":1,"minecraft:stone_sword":1,"minecraft:brush":3,"minecraft:iron_pickaxe":3},"minecraft:killed":{"minecraft:cave_spider":1,"minecraft:spider":13,"minecraft:skeleton":21,"minecraft:creeper":2,"minecraft:pillager":3,"minecraft:zombie":25,"minecraft:phantom":2,"minecraft:drowned":1},"minecraft:mined":{"croptopia:bellpepper_crop":1,"croptopia:cantaloupe_crop":3,"croptopia:pepper_crop":1,"minecraft:white_bed":4,"croptopia:grape_crop":2,"croptopia:strawberry_crop":4,"minecraft:sculk_vein":4,"minecraft:red_sand":77,"minecraft:granite":12,"croptopia:lime_crop":3,"minecraft:acacia_log":6,"minecraft:grass_block":121,"minecraft:spawner":2,"minecraft:raw_iron_block":4,"croptopia:cherry_crop":7,"minecraft:iron_ore":138,"minecraft:cobbled_deepslate":5,"minecraft:pumpkin":5,"minecraft:deepslate_lapis_ore":4,"minecraft:deepslate_redstone_ore":24,"minecraft:orange_terracotta":2,"minecraft:torch":20,"minecraft:light_gray_terracotta":1,"minecraft:dead_bush":9,"croptopia:raspberry_crop":1,"minecraft:cobblestone":14,"minecraft:sugar_cane":21,"minecraft:oak_planks":9,"minecraft:wall_torch":14,"minecraft:deepslate_copper_ore":5,"travelersbackpack:diamond":2,"minecraft:seagrass":1,"minecraft:white_terracotta":2,"croptopia:nectarine_crop":6,"croptopia:tomatillo_crop":3,"croptopia:pear_crop":11,"minecraft:pumpkin_stem":1,"croptopia:apricot_crop":10,"minecraft:oak_log":5,"minecraft:sand":45,"minecraft:dirt":86,"minecraft:oak_leaves":13,"minecraft:deepslate":45,"croptopia:cabbage_crop":1,"minecraft:yellow_terracotta":7,"minecraft:tuff":5,"croptopia:orange_crop":12,"minecraft:deepslate_diamond_ore":16,"minecraft:dark_oak_fence":2,"minecraft:redstone_ore":5,"croptopia:ginger_crop":1,"minecraft:furnace":2,"croptopia:corn_crop":2,"minecraft:acacia_stairs":1,"croptopia:blueberry_crop":3,"minecraft:andesite":7,"minecraft:peony":5,"minecraft:gold_block":1,"minecraft:bookshelf":11,"croptopia:squash_crop":1,"minecraft:deepslate_iron_ore":106,"minecraft:stone":181,"minecraft:brain_coral":1,"minecraft:red_wool":8,"croptopia:lettuce_crop":1,"travelersbackpack:standard":1,"minecraft:oak_fence":1,"minecraft:smooth_sandstone":1,"minecraft:crafting_table":1,"minecraft:short_grass":66,"minecraft:rose_bush":5,"croptopia:lemon_crop":4,"minecraft:tall_grass":6,"minecraft:copper_ore":53,"minecraft:lapis_ore":5,"minecraft:deepslate_gold_ore":17,"minecraft:sculk":1,"minecraft:diorite":6,"croptopia:olive_crop":2,"croptopia:leek_crop":1,"minecraft:birch_leaves":2,"croptopia:tomato_crop":1,"minecraft:red_wall_banner":1,"minecraft:coal_ore":397,"croptopia:celery_crop":2,"croptopia:blackberry_crop":1,"croptopia:kiwi_crop":3,"croptopia:radish_crop":1,"minecraft:gravel":20,"minecraft:terracotta":4,"minecraft:acacia_planks":1,"minecraft:gold_ore":24},"minecraft:used":{"croptopia:leek":1,"minecraft:red_sand":22,"minecraft:iron_shovel":140,"minecraft:chest":9,"minecraft:shield":44,"minecraft:white_terracotta":2,"minecraft:iron_sword":339,"travelersbackpack:diamond":3,"minecraft:rotten_flesh":23,"minecraft:tuff":3,"minecraft:bow":11,"minecraft:furnace":7,"minecraft:cooked_cod":3,"minecraft:potato":8,"croptopia:pear":10,"minecraft:diorite":4,"minecraft:stone_pickaxe":166,"minecraft:oak_planks":22,"minecraft:sugar_cane":41,"minecraft:golden_apple":1,"minecraft:golden_hoe":35,"minecraft:sand":39,"minecraft:yellow_terracotta":7,"minecraft:light_gray_terracotta":1,"minecraft:pumpkin_seeds":6,"croptopia:orange":1,"croptopia:nectarine":1,"minecraft:bread":15,"minecraft:gravel":19,"croptopia:cantaloupe":2,"minecraft:stone_sword":136,"minecraft:cooked_chicken":10,"minecraft:torch":442,"minecraft:dirt":221,"minecraft:granite":2,"minecraft:iron_hoe":13,"croptopia:squash":1,"minecraft:cooked_beef":7,"minecraft:acacia_planks":1,"minecraft:cobbled_deepslate":37,"minecraft:orange_terracotta":2,"minecraft:wheat_seeds":15,"minecraft:cooked_mutton":5,"minecraft:water_bucket":15,"croptopia:lemon":4,"minecraft:birch_planks":1,"minecraft:baked_potato":2,"croptopia:apricot":1,"croptopia:corn_seed":3,"minecraft:terracotta":6,"minecraft:crafting_table":4,"minecraft:white_bed":2,"minecraft:oak_log":1,"minecraft:apple":13,"minecraft:iron_pickaxe":966,"minecraft:acacia_chest_boat":7,"minecraft:stone_axe":14,"croptopia:kiwi":2,"minecraft:cobblestone":185,"travelersbackpack:standard":3,"minecraft:cooked_porkchop":5,"minecraft:bucket":15,"minecraft:brush":5},"minecraft:dropped":{"minecraft:spruce_sign":1,"minecraft:diamond":1,"minecraft:crafting_table":1,"travelersbackpack:standard":1,"minecraft:dirt":9,"minecraft:dark_oak_fence":2,"minecraft:iron_pickaxe":1,"minecraft:fishing_rod":1,"minecraft:gravel":6,"minecraft:rotten_flesh":2,"minecraft:egg":1,"minecraft:bread":7,"minecraft:wheat_seeds":3,"minecraft:feather":4,"minecraft:apple":2,"minecraft:granite":1,"minecraft:stick":3,"minecraft:diamond_horse_armor":1,"minecraft:torch":95,"minecraft:pumpkin":1,"minecraft:string":3,"travelersbackpack:diamond":3,"minecraft:stone_sword":1}},"DataVersion":3839}