{"stats":{"minecraft:broken":{"minecraft:iron_shovel":2,"minecraft:iron_leggings":1,"minecraft:stone_pickaxe":2,"minecraft:iron_sword":1,"minecraft:bow":1,"minecraft:leather_helmet":1,"minecraft:golden_hoe":1,"minecraft:stone_sword":1,"minecraft:brush":3,"minecraft:iron_pickaxe":3},"minecraft:dropped":{"minecraft:spruce_sign":1,"minecraft:diamond":1,"minecraft:crafting_table":1,"travelersbackpack:standard":1,"minecraft:dirt":9,"minecraft:dark_oak_fence":2,"minecraft:iron_pickaxe":1,"minecraft:fishing_rod":1,"minecraft:gravel":6,"minecraft:rotten_flesh":2,"minecraft:chest":2,"minecraft:egg":1,"minecraft:bread":7,"minecraft:wheat_seeds":3,"minecraft:feather":4,"minecraft:apple":2,"minecraft:granite":1,"minecraft:stick":3,"minecraft:diamond_horse_armor":1,"minecraft:torch":95,"minecraft:pumpkin":1,"minecraft:string":3,"croptopia:popcorn":4,"travelersbackpack:diamond":3,"minecraft:stone_sword":1},"minecraft:mined":{"croptopia:bellpepper_crop":5,"croptopia:cantaloupe_crop":11,"croptopia:pepper_crop":10,"minecraft:white_bed":4,"minecraft:farmland":6,"croptopia:greenbean_crop":2,"croptopia:grape_crop":5,"croptopia:strawberry_crop":10,"minecraft:sculk_vein":4,"minecraft:granite":12,"minecraft:red_sand":77,"croptopia:lime_crop":3,"minecraft:acacia_log":6,"minecraft:grass_block":444,"croptopia:cherry_sapling":9,"minecraft:oxeye_daisy":3,"minecraft:spawner":2,"minecraft:tall_seagrass":1,"minecraft:raw_iron_block":4,"croptopia:cherry_crop":10,"minecraft:iron_ore":138,"croptopia:tea_crop":3,"minecraft:cobbled_deepslate":5,"minecraft:pumpkin":5,"minecraft:deepslate_lapis_ore":4,"croptopia:apple_crop":10,"croptopia:pear_sapling":1,"minecraft:deepslate_redstone_ore":24,"minecraft:melon_stem":2,"minecraft:orange_terracotta":2,"minecraft:torch":30,"minecraft:light_gray_terracotta":1,"minecraft:melon":2,"minecraft:chest":2,"minecraft:dead_bush":9,"croptopia:raspberry_crop":2,"minecraft:cobblestone":14,"minecraft:oak_planks":9,"minecraft:sugar_cane":71,"minecraft:wall_torch":17,"minecraft:deepslate_copper_ore":5,"travelersbackpack:diamond":2,"minecraft:seagrass":3,"minecraft:white_terracotta":2,"croptopia:nectarine_crop":16,"minecraft:birch_log":7,"minecraft:wheat":31,"croptopia:tomatillo_crop":10,"croptopia:pear_crop":22,"minecraft:pumpkin_stem":3,"croptopia:chile_pepper_crop":2,"croptopia:apricot_crop":10,"minecraft:oak_log":5,"minecraft:beetroots":10,"minecraft:acacia_fence":28,"minecraft:sand":82,"minecraft:dirt":127,"croptopia:nectarine_sapling":1,"minecraft:oak_leaves":13,"minecraft:deepslate":45,"croptopia:cabbage_crop":2,"minecraft:yellow_terracotta":7,"minecraft:tuff":5,"croptopia:orange_crop":18,"minecraft:deepslate_diamond_ore":16,"minecraft:dark_oak_fence":2,"minecraft:birch_slab":4,"minecraft:redstone_ore":5,"croptopia:ginger_crop":1,"minecraft:furnace":2,"croptopia:corn_crop":9,"minecraft:acacia_stairs":1,"minecraft:andesite":7,"croptopia:blueberry_crop":7,"minecraft:peony":6,"minecraft:gold_block":1,"croptopia:squash_crop":8,"minecraft:bookshelf":11,"minecraft:deepslate_iron_ore":106,"croptopia:orange_sapling":2,"minecraft:stone":190,"minecraft:brain_coral":1,"minecraft:birch_stairs":25,"minecraft:red_wool":8,"croptopia:lettuce_crop":1,"croptopia:apple_sapling":5,"minecraft:dandelion":5,"travelersbackpack:standard":1,"minecraft:oak_fence":1,"minecraft:smooth_sandstone":1,"minecraft:crafting_table":1,"minecraft:cornflower":1,"minecraft:short_grass":128,"minecraft:rose_bush":5,"minecraft:copper_ore":53,"croptopia:lemon_crop":4,"minecraft:tall_grass":6,"minecraft:lapis_ore":5,"minecraft:deepslate_gold_ore":17,"minecraft:sculk":1,"minecraft:diorite":6,"croptopia:olive_crop":7,"croptopia:spinach_crop":2,"croptopia:leek_crop":1,"minecraft:acacia_fence_gate":2,"minecraft:birch_leaves":2,"croptopia:yam_crop":5,"croptopia:tomato_crop":4,"minecraft:red_wall_banner":1,"croptopia:hops_crop":1,"croptopia:turmeric_crop":2,"croptopia:celery_crop":9,"minecraft:coal_ore":462,"croptopia:kiwi_crop":9,"croptopia:radish_crop":5,"croptopia:blackberry_crop":2,"minecraft:gravel":89,"croptopia:rutabaga_crop":4,"minecraft:terracotta":4,"minecraft:acacia_planks":1,"minecraft:gold_ore":24},"minecraft:killed_by":{"minecraft:vindicator":2,"minecraft:zombie":1,"minecraft:warden":2},"minecraft:killed":{"minecraft:cave_spider":1,"minecraft:spider":15,"minecraft:skeleton":24,"minecraft:chicken":10,"minecraft:creeper":2,"minecraft:pillager":3,"minecraft:zombie":34,"minecraft:phantom":2,"minecraft:drowned":6},"minecraft:picked_up":{"minecraft:iron_chestplate":4,"minecraft:wheat":29,"croptopia:grape_seed":7,"minecraft:prismarine_shard":14,"croptopia:tomatillo_seed":18,"croptopia:cabbage_seed":2,"croptopia:calamari":1,"croptopia:cantaloupe":10,"minecraft:string":14,"minecraft:dead_tube_coral_block":1,"croptopia:lettuce":1,"minecraft:raw_copper":248,"travelersbackpack:diamond":6,"minecraft:iron_leggings":5,"minecraft:beetroot":10,"minecraft:sea_pickle":9,"minecraft:red_sand":71,"minecraft:cobbled_deepslate":98,"minecraft:bucket":2,"minecraft:acacia_fence_gate":2,"minecraft:rose_bush":5,"minecraft:iron_pickaxe":8,"croptopia:blueberry":9,"minecraft:melon_slice":10,"minecraft:iron_boots":4,"minecraft:furnace":3,"minecraft:stick":45,"minecraft:acacia_fence":27,"croptopia:rutabaga":3,"minecraft:oak_fence":1,"minecraft:torch":160,"croptopia:blackberry_seed":3,"minecraft:acacia_log":7,"minecraft:spruce_stairs":1,"croptopia:olive_seed":10,"croptopia:ginger_seed":3,"minecraft:diorite":6,"croptopia:cherry_sapling":9,"minecraft:cactus":4,"minecraft:rotten_flesh":43,"croptopia:squash_seed":11,"croptopia:raspberry_seed":1,"minecraft:armadillo_scute":21,"minecraft:white_terracotta":2,"croptopia:cabbage":2,"minecraft:cobblestone":285,"minecraft:birch_log":7,"croptopia:lettuce_seed":1,"minecraft:magma_block":2,"croptopia:apple_sapling":5,"minecraft:feather":12,"minecraft:lilac":3,"croptopia:radish":2,"croptopia:nectarine":16,"minecraft:birch_slab":5,"minecraft:water_bucket":1,"minecraft:andesite":19,"croptopia:spinach":2,"minecraft:flint":13,"minecraft:tuff":5,"minecraft:prismarine_bricks":7,"minecraft:lantern":1,"croptopia:celery":9,"croptopia:blueberry_seed":10,"minecraft:lapis_lazuli":65,"minecraft:dirt":621,"croptopia:kiwi_seed":12,"minecraft:mangrove_fence":1,"minecraft:bone":98,"croptopia:corn":9,"minecraft:acacia_planks":92,"minecraft:bow":2,"minecraft:wheat_seeds":139,"minecraft:raw_gold":41,"croptopia:bellpepper":4,"croptopia:popcorn":3,"croptopia:lime":3,"minecraft:prismarine":24,"minecraft:oak_planks":9,"croptopia:yam":5,"croptopia:chile_pepper_seed":4,"minecraft:cooked_porkchop":25,"croptopia:plum":1,"croptopia:turmeric":2,"croptopia:ginger":1,"croptopia:blackberry":2,"croptopia:celery_seed":16,"minecraft:sand":84,"minecraft:ink_sac":13,"minecraft:lily_of_the_valley":4,"minecraft:acacia_stairs":1,"croptopia:spinach_seed":3,"minecraft:dark_prismarine":10,"croptopia:chile_pepper":2,"croptopia:cherry":10,"minecraft:light_gray_terracotta":1,"croptopia:hops_seed":1,"minecraft:diamond":16,"croptopia:radish_seed":4,"minecraft:dead_brain_coral_block":1,"croptopia:leek_seed":3,"minecraft:granite":12,"minecraft:bone_meal":1,"minecraft:golden_apple":1,"minecraft:spruce_sign":12,"minecraft:acacia_chest_boat":6,"minecraft:bread":30,"minecraft:oak_sapling":15,"minecraft:dark_oak_fence":2,"minecraft:andesite_slab":1,"minecraft:fishing_rod":2,"minecraft:crafting_table":1,"croptopia:nectarine_sapling":1,"minecraft:chicken":10,"minecraft:ladder":1,"minecraft:gold_block":3,"minecraft:diamond_horse_armor":3,"croptopia:orange_sapling":2,"minecraft:dead_horn_coral_block":1,"minecraft:shield":4,"minecraft:cornflower":4,"minecraft:iron_axe":1,"minecraft:iron_shovel":1,"croptopia:bellpepper_seed":6,"croptopia:pear":22,"croptopia:tomatillo":10,"croptopia:tomato_seed":6,"croptopia:pepper_seed":17,"minecraft:poppy":2,"minecraft:spruce_slab":1,"minecraft:sugar_cane":124,"minecraft:chest":6,"minecraft:piston":1,"minecraft:spruce_trapdoor":1,"minecraft:phantom_membrane":1,"minecraft:egg":147,"minecraft:raw_iron":244,"croptopia:corn_seed":14,"minecraft:copper_ingot":1,"croptopia:greenbean_seed":3,"minecraft:polished_blackstone_bricks":1,"minecraft:carrot":1,"minecraft:redstone":102,"croptopia:yam_seed":7,"croptopia:strawberry":10,"minecraft:prismarine_crystals":10,"croptopia:grape":5,"minecraft:arrow":50,"croptopia:cantaloupe_seed":15,"croptopia:strawberry_seed":14,"minecraft:beetroot_seeds":27,"minecraft:peony":15,"minecraft:yellow_terracotta":7,"minecraft:saddle":1,"minecraft:ward_armor_trim_smithing_template":1,"minecraft:gold_ingot":12,"croptopia:pepper":8,"minecraft:mutton":3,"minecraft:white_wool":1,"minecraft:bone_block":3,"minecraft:oxeye_daisy":6,"minecraft:salmon":10,"minecraft:wolf_armor":1,"croptopia:pear_sapling":1,"croptopia:tea_leaves":3,"minecraft:oak_log":8,"croptopia:leek":3,"minecraft:gunpowder":7,"minecraft:orange_terracotta":2,"minecraft:cooked_mutton":4,"croptopia:olive":13,"minecraft:smooth_sandstone":1,"minecraft:red_carpet":1,"minecraft:apple":10,"croptopia:squash":5,"minecraft:iron_ingot":3,"croptopia:raspberry":2,"minecraft:stone_pickaxe":3,"minecraft:cooked_chicken":4,"croptopia:tomato":4,"minecraft:iron_sword":3,"croptopia:kiwi":8,"minecraft:acacia_sapling":7,"minecraft:book":33,"croptopia:apricot":12,"minecraft:pumpkin":6,"minecraft:brush":3,"minecraft:red_wool":6,"minecraft:dandelion":18,"minecraft:raw_iron_block":4,"minecraft:gravel":86,"croptopia:hops":1,"minecraft:birch_stairs":25,"croptopia:turmeric_seed":3,"croptopia:rutabaga_seed":7,"minecraft:red_banner":2,"minecraft:white_bed":5,"croptopia:tea_seed":6,"minecraft:sea_lantern":3,"minecraft:spider_eye":5,"minecraft:leather_helmet":1,"travelersbackpack:standard":3,"croptopia:lemon":4,"minecraft:pumpkin_seeds":2,"minecraft:stone_axe":1,"minecraft:iron_helmet":4,"croptopia:orange":18,"croptopia:greenbean":2,"minecraft:terracotta":6,"minecraft:melon_seeds":3,"minecraft:coal":492},"minecraft:custom":{"minecraft:animals_bred":34,"minecraft:interact_with_crafting_table":113,"minecraft:open_barrel":61,"goblintraders:trade_with_goblin":36,"minecraft:leave_game":5,"minecraft:time_since_death":436537,"minecraft:sprint_one_cm":936470,"minecraft:damage_blocked_by_shield":1574,"minecraft:drop":41,"minecraft:talked_to_villager":1,"minecraft:play_time":960310,"minecraft:deaths":5,"minecraft:jump":9194,"minecraft:walk_on_water_one_cm":186072,"minecraft:interact_with_furnace":122,"minecraft:sleep_in_bed":12,"minecraft:waystone_activated":6,"minecraft:damage_dealt":18309,"minecraft:crouch_one_cm":41064,"minecraft:horse_one_cm":2267,"minecraft:mob_kills":100,"minecraft:climb_one_cm":9734,"minecraft:walk_one_cm":4279478,"minecraft:sneak_time":13719,"minecraft:walk_under_water_one_cm":81466,"minecraft:boat_one_cm":544584,"minecraft:interact_with_lectern":1,"minecraft:total_world_time":960310,"minecraft:time_since_rest":37362,"minecraft:damage_taken":5035,"minecraft:damage_absorbed":39,"minecraft:swim_one_cm":157791,"minecraft:fly_one_cm":264312,"minecraft:open_chest":621,"minecraft:fall_one_cm":105841},"minecraft:crafted":{"minecraft:oak_planks":208,"croptopia:olive_oil":1,"minecraft:cooked_chicken":8,"minecraft:wolf_armor":3,"minecraft:birch_slab":120,"croptopia:toast":23,"croptopia:popcorn":6,"minecraft:cooked_mutton":9,"minecraft:glass":13,"minecraft:hopper":1,"minecraft:bow":1,"minecraft:iron_boots":2,"croptopia:flour":12,"minecraft:chest":16,"minecraft:acacia_fence":99,"croptopia:salt":27,"minecraft:glass_bottle":12,"minecraft:emerald":2,"minecraft:crafting_table":2,"minecraft:iron_helmet":2,"minecraft:copper_ingot":3,"minecraft:birch_planks":132,"croptopia:ginger_seed":1,"croptopia:cherry_sapling":2,"minecraft:iron_chestplate":2,"croptopia:molasses":4,"minecraft:stick":332,"minecraft:iron_ingot":110,"minecraft:iron_pickaxe":3,"minecraft:acacia_chest_boat":2,"minecraft:stone_sword":2,"croptopia:knife":1,"minecraft:birch_stairs":48,"croptopia:pear_sapling":1,"croptopia:apple_sapling":4,"croptopia:cooking_pot":1,"minecraft:furnace":2,"minecraft:acacia_fence_gate":4,"minecraft:piston":2,"croptopia:bacon":4,"minecraft:iron_hoe":1,"croptopia:dough":5,"croptopia:frying_pan":1,"minecraft:cooked_beef":7,"minecraft:sugar":101,"minecraft:cooked_cod":3,"croptopia:orange_sapling":2,"croptopia:food_press":1,"minecraft:iron_sword":1,"croptopia:water_bottle":32,"minecraft:bowl":8,"croptopia:mortar_and_pestle":1,"minecraft:bucket":6,"minecraft:stone_axe":1,"minecraft:acacia_boat":2,"minecraft:air":0,"croptopia:cheese":7,"minecraft:iron_shovel":2,"minecraft:iron_leggings":1,"croptopia:olive_seed":1,"minecraft:acacia_planks":172,"minecraft:torch":552,"croptopia:lime_sapling":1,"croptopia:nectarine_sapling":2},"minecraft:used":{"minecraft:peony":15,"croptopia:leek":1,"croptopia:blueberry_seed":4,"minecraft:red_sand":22,"minecraft:iron_shovel":534,"minecraft:poppy":1,"minecraft:shield":48,"minecraft:chest":17,"minecraft:white_terracotta":2,"minecraft:iron_sword":475,"travelersbackpack:diamond":3,"croptopia:cabbage_seed":1,"minecraft:rotten_flesh":23,"minecraft:lily_of_the_valley":4,"minecraft:carrot":1,"minecraft:tuff":3,"croptopia:radish_seed":3,"croptopia:rutabaga_seed":3,"croptopia:spinach_seed":1,"croptopia:pepper_seed":14,"croptopia:blackberry_seed":1,"minecraft:bow":11,"minecraft:oak_sapling":1,"minecraft:cooked_cod":3,"minecraft:furnace":7,"minecraft:beetroot_seeds":18,"minecraft:acacia_fence":126,"minecraft:egg":3,"minecraft:potato":8,"croptopia:pear":10,"minecraft:diorite":4,"croptopia:tomatillo_seed":7,"croptopia:lettuce_seed":1,"croptopia:kiwi_seed":6,"minecraft:stone_pickaxe":166,"minecraft:oak_planks":22,"minecraft:cactus":4,"croptopia:nectarine_sapling":3,"minecraft:sugar_cane":52,"minecraft:golden_apple":1,"minecraft:golden_hoe":35,"minecraft:sand":69,"minecraft:yellow_terracotta":7,"croptopia:ginger_seed":2,"croptopia:olive_seed":8,"minecraft:light_gray_terracotta":1,"minecraft:pumpkin_seeds":12,"croptopia:orange":1,"croptopia:nectarine":1,"minecraft:birch_slab":125,"minecraft:bread":15,"croptopia:hops_seed":3,"minecraft:gravel":19,"croptopia:lime_sapling":1,"croptopia:leek_seed":1,"croptopia:cantaloupe":2,"minecraft:rose_bush":5,"minecraft:stone_sword":136,"croptopia:bellpepper_seed":4,"croptopia:cantaloupe_seed":7,"croptopia:popcorn":3,"minecraft:cooked_chicken":10,"minecraft:torch":498,"minecraft:dirt":839,"croptopia:strawberry_seed":6,"minecraft:granite":2,"minecraft:iron_hoe":149,"croptopia:grape_seed":3,"croptopia:yam_seed":4,"minecraft:melon_seeds":5,"croptopia:squash":1,"croptopia:greenbean_seed":1,"minecraft:cooked_beef":7,"minecraft:cobbled_deepslate":37,"minecraft:acacia_planks":1,"croptopia:cherry_sapling":11,"minecraft:orange_terracotta":2,"croptopia:raspberry_seed":1,"minecraft:wheat_seeds":46,"minecraft:cooked_mutton":5,"minecraft:water_bucket":19,"croptopia:lemon":4,"minecraft:birch_planks":1,"minecraft:baked_potato":2,"croptopia:apricot":1,"croptopia:tea_seed":2,"croptopia:corn_seed":9,"minecraft:terracotta":6,"minecraft:crafting_table":4,"croptopia:apple_sapling":9,"minecraft:white_bed":2,"croptopia:celery_seed":7,"minecraft:oak_log":1,"croptopia:squash_seed":6,"minecraft:cornflower":3,"minecraft:apple":13,"minecraft:oxeye_daisy":6,"minecraft:iron_pickaxe":1045,"croptopia:chile_pepper_seed":4,"croptopia:tomato_seed":5,"minecraft:acacia_chest_boat":7,"croptopia:orange_sapling":4,"minecraft:acacia_fence_gate":6,"minecraft:stone_axe":82,"travelersbackpack:standard":3,"minecraft:cobblestone":185,"croptopia:kiwi":2,"minecraft:cooked_porkchop":12,"minecraft:bucket":21,"minecraft:brush":5,"croptopia:pear_sapling":2,"minecraft:dandelion":18,"minecraft:birch_stairs":73}},"DataVersion":3839}