{"stats":{"minecraft:broken":{"minecraft:iron_leggings":1,"minecraft:iron_sword":1,"minecraft:bow":1,"minecraft:leather_helmet":1,"minecraft:stone_sword":1,"minecraft:brush":3,"minecraft:iron_pickaxe":3,"minecraft:iron_helmet":1,"minecraft:iron_shovel":2,"minecraft:stone_pickaxe":2,"minecraft:golden_hoe":1},"minecraft:used":{"minecraft:peony":15,"croptopia:leek":1,"minecraft:poppy":1,"minecraft:chest":20,"travelersbackpack:diamond":6,"minecraft:rotten_flesh":29,"minecraft:lily_of_the_valley":4,"minecraft:cocoa_beans":8,"minecraft:jungle_sapling":3,"croptopia:radish_seed":3,"croptopia:rutabaga_seed":3,"croptopia:cauliflower_seed":1,"croptopia:blackberry_seed":1,"minecraft:bow":11,"minecraft:furnace":7,"minecraft:oak_sapling":2,"minecraft:cooked_cod":3,"minecraft:acacia_fence":126,"minecraft:egg":9,"minecraft:potato":16,"minecraft:mossy_stone_bricks":4,"minecraft:diorite":4,"croptopia:tomatillo_seed":7,"croptopia:garlic_seed":2,"minecraft:cactus":4,"croptopia:nectarine_sapling":3,"minecraft:golden_apple":1,"croptopia:kale_seed":2,"minecraft:sand":69,"croptopia:ginger_seed":3,"minecraft:pumpkin_seeds":13,"croptopia:orange":7,"croptopia:nectarine":1,"minecraft:birch_slab":125,"croptopia:lime_sapling":1,"minecraft:stone_sword":136,"croptopia:popcorn":3,"minecraft:torch":609,"croptopia:rhubarb_seed":3,"croptopia:strawberry_seed":6,"croptopia:raspberry":1,"croptopia:oat_seed":1,"minecraft:iron_axe":5,"minecraft:jungle_log":1,"croptopia:yam_seed":4,"minecraft:melon_seeds":5,"minecraft:acacia_planks":1,"minecraft:cobbled_deepslate":37,"croptopia:cherry_sapling":11,"minecraft:orange_terracotta":2,"croptopia:raspberry_seed":1,"minecraft:calcite":1,"croptopia:grape":1,"minecraft:wheat_seeds":111,"minecraft:water_bucket":21,"croptopia:celery":1,"croptopia:lemon":4,"minecraft:birch_planks":1,"minecraft:mossy_cobblestone":6,"croptopia:broccoli_seed":2,"minecraft:crafting_table":4,"croptopia:apple_sapling":11,"croptopia:soybean_seed":1,"minecraft:white_bed":2,"croptopia:celery_seed":7,"minecraft:oak_log":1,"croptopia:yam":1,"minecraft:cornflower":3,"minecraft:oxeye_daisy":7,"minecraft:iron_pickaxe":1183,"minecraft:cobblestone":187,"travelersbackpack:standard":3,"minecraft:cooked_porkchop":12,"minecraft:brush":5,"croptopia:pear_sapling":2,"minecraft:dandelion":18,"croptopia:blueberry_seed":4,"minecraft:red_sand":22,"minecraft:iron_shovel":789,"croptopia:mustard_seed":1,"croptopia:onion_seed":3,"minecraft:shield":56,"minecraft:white_terracotta":2,"minecraft:iron_sword":628,"ring_of_teleport:ring_of_teleport":1,"croptopia:cabbage_seed":1,"minecraft:carrot":9,"minecraft:tuff":3,"croptopia:spinach_seed":1,"croptopia:pepper_seed":16,"croptopia:persimmon_sapling":1,"minecraft:beetroot_seeds":31,"croptopia:pear":10,"croptopia:lettuce_seed":1,"minecraft:stone_pickaxe":166,"croptopia:radish":1,"croptopia:kiwi_seed":6,"minecraft:oak_planks":22,"minecraft:sugar_cane":52,"croptopia:honeydew_seed":1,"minecraft:golden_hoe":35,"minecraft:yellow_terracotta":7,"minecraft:light_gray_terracotta":1,"croptopia:olive_seed":8,"minecraft:bread":19,"croptopia:hops_seed":3,"minecraft:gravel":29,"croptopia:coconut_sapling":1,"croptopia:leek_seed":1,"croptopia:cantaloupe":4,"croptopia:pineapple_seed":4,"minecraft:rose_bush":5,"croptopia:bellpepper_seed":4,"croptopia:cantaloupe_seed":7,"minecraft:cooked_chicken":14,"minecraft:dirt":971,"croptopia:vanilla_seeds":3,"minecraft:granite":2,"croptopia:pizza":1,"minecraft:iron_hoe":206,"croptopia:grape_seed":7,"croptopia:turmeric_seed":1,"croptopia:squash":1,"croptopia:greenbean_seed":1,"minecraft:cooked_beef":7,"croptopia:eggplant_seed":2,"minecraft:beetroot_soup":1,"minecraft:cooked_mutton":5,"croptopia:rice_seed":2,"croptopia:zucchini_seed":1,"minecraft:baked_potato":8,"croptopia:apricot":2,"croptopia:tea_seed":2,"croptopia:turnip_seed":1,"croptopia:corn_seed":9,"minecraft:terracotta":6,"minecraft:painting":2,"croptopia:squash_seed":11,"minecraft:apple":19,"croptopia:chile_pepper_seed":6,"croptopia:tomato_seed":5,"croptopia:orange_sapling":4,"minecraft:acacia_chest_boat":7,"minecraft:acacia_fence_gate":6,"minecraft:stone_axe":82,"croptopia:barley_seed":1,"croptopia:mango_sapling":1,"croptopia:kiwi":2,"minecraft:bucket":23,"minecraft:birch_stairs":73,"croptopia:dragonfruit_sapling":2},"minecraft:dropped":{"minecraft:iron_sword":1,"minecraft:diamond":1,"croptopia:hops_seed":1,"minecraft:crafting_table":1,"minecraft:dirt":138,"minecraft:dark_oak_fence":2,"croptopia:rutabaga_seed":2,"minecraft:iron_pickaxe":1,"minecraft:fishing_rod":1,"croptopia:soybean":1,"minecraft:bone":3,"minecraft:oak_door":2,"minecraft:cooked_chicken":5,"minecraft:rotten_flesh":2,"croptopia:pizza":1,"minecraft:egg":2,"minecraft:wheat_seeds":14,"minecraft:dripstone_block":2,"minecraft:feather":4,"minecraft:apple":2,"minecraft:granite":1,"minecraft:coal":18,"minecraft:diamond_horse_armor":1,"croptopia:celery_seed":3,"croptopia:grape_seed":2,"minecraft:pumpkin":1,"croptopia:turmeric_seed":2,"minecraft:string":3,"minecraft:beetroot_soup":1,"croptopia:yam_seed":2,"minecraft:stone_sword":1,"croptopia:raspberry_seed":2,"minecraft:iron_boots":1,"croptopia:radish_seed":1,"minecraft:diamond_sword":1,"minecraft:potato":5,"minecraft:spruce_sign":1,"minecraft:moss_block":2,"croptopia:turmeric":1,"minecraft:baked_potato":28,"minecraft:ender_pearl":1,"minecraft:decorated_pot":4,"travelersbackpack:standard":1,"croptopia:cantaloupe_seed":4,"minecraft:gravel":7,"minecraft:pointed_dripstone":2,"minecraft:gunpowder":3,"minecraft:chest":2,"minecraft:bread":7,"croptopia:soybean_seed":1,"minecraft:stick":3,"minecraft:torch":171,"croptopia:popcorn":4,"croptopia:oat":1,"travelersbackpack:diamond":5,"minecraft:calcite":1},"minecraft:mined":{"croptopia:pepper_crop":33,"minecraft:white_bed":4,"croptopia:grape_crop":9,"croptopia:mustard_crop":2,"minecraft:jungle_leaves":48,"minecraft:red_sand":77,"minecraft:granite":12,"croptopia:lime_crop":4,"minecraft:acacia_log":6,"minecraft:jungle_log":1,"croptopia:cherry_sapling":9,"minecraft:oxeye_daisy":3,"minecraft:spawner":3,"minecraft:tall_seagrass":1,"minecraft:cobbled_deepslate":5,"minecraft:pumpkin":14,"minecraft:deepslate_lapis_ore":4,"croptopia:dragonfruit_sapling":1,"croptopia:apple_crop":24,"croptopia:pear_sapling":1,"minecraft:tripwire":3,"minecraft:torch":32,"croptopia:oat_crop":4,"minecraft:melon":4,"minecraft:dead_bush":9,"croptopia:raspberry_crop":4,"croptopia:broccoli_crop":2,"minecraft:sugar_cane":71,"travelersbackpack:diamond":3,"minecraft:white_terracotta":2,"croptopia:zucchini_crop":3,"croptopia:cauliflower_crop":5,"croptopia:pineapple_crop":5,"minecraft:wheat":75,"croptopia:tomatillo_crop":23,"croptopia:pear_crop":26,"minecraft:pumpkin_stem":3,"croptopia:vanilla_crop":2,"croptopia:rice_crop":3,"croptopia:nectarine_sapling":1,"minecraft:deepslate":45,"minecraft:suspicious_gravel":7,"croptopia:cabbage_crop":3,"minecraft:yellow_terracotta":7,"croptopia:orange_crop":27,"minecraft:mossy_cobblestone":4,"croptopia:persimmon_crop":8,"minecraft:dark_oak_fence":2,"croptopia:mango_crop":8,"minecraft:moss_block":1,"minecraft:redstone_ore":5,"croptopia:ginger_crop":5,"minecraft:jungle_sapling":3,"croptopia:corn_crop":20,"minecraft:andesite":7,"croptopia:peach_crop":5,"minecraft:potatoes":8,"croptopia:rhubarb_crop":4,"croptopia:orange_sapling":2,"minecraft:brain_coral":1,"croptopia:coconut_crop":19,"minecraft:birch_stairs":25,"croptopia:lettuce_crop":2,"croptopia:apple_sapling":7,"minecraft:dandelion":5,"minecraft:smooth_sandstone":1,"minecraft:cornflower":1,"minecraft:short_grass":143,"croptopia:lemon_crop":4,"minecraft:tall_grass":6,"minecraft:copper_ore":53,"minecraft:deepslate_gold_ore":17,"minecraft:diorite":6,"croptopia:olive_crop":18,"croptopia:spinach_crop":3,"croptopia:leek_crop":5,"minecraft:birch_leaves":2,"minecraft:red_wall_banner":1,"croptopia:celery_crop":19,"croptopia:blackberry_crop":4,"croptopia:radish_crop":11,"minecraft:gravel":307,"minecraft:dripstone_block":1,"minecraft:cobweb":1,"croptopia:rutabaga_crop":9,"minecraft:acacia_planks":1,"minecraft:stone_bricks":1,"minecraft:gold_ore":24,"minecraft:fern":5,"croptopia:bellpepper_crop":13,"croptopia:cantaloupe_crop":24,"minecraft:farmland":6,"croptopia:greenbean_crop":4,"croptopia:strawberry_crop":19,"minecraft:sculk_vein":4,"minecraft:grass_block":469,"minecraft:raw_iron_block":4,"croptopia:cherry_crop":15,"minecraft:iron_ore":144,"croptopia:tea_crop":7,"minecraft:pointed_dripstone":1,"minecraft:deepslate_redstone_ore":24,"croptopia:eggplant_crop":4,"minecraft:melon_stem":2,"minecraft:orange_terracotta":2,"minecraft:light_gray_terracotta":1,"croptopia:garlic_crop":5,"minecraft:chest":3,"minecraft:cobblestone":15,"minecraft:oak_planks":9,"minecraft:wall_torch":19,"minecraft:deepslate_copper_ore":5,"minecraft:seagrass":3,"croptopia:nectarine_crop":26,"minecraft:birch_log":8,"croptopia:chile_pepper_crop":10,"croptopia:apricot_crop":13,"minecraft:oak_log":5,"minecraft:beetroots":23,"minecraft:acacia_fence":28,"minecraft:sand":82,"minecraft:dirt":132,"minecraft:tripwire_hook":4,"minecraft:oak_leaves":15,"minecraft:tuff":5,"minecraft:deepslate_diamond_ore":16,"croptopia:kale_crop":3,"croptopia:onion_crop":6,"minecraft:decorated_pot":16,"minecraft:birch_slab":4,"croptopia:barley_crop":4,"minecraft:furnace":2,"minecraft:carrots":7,"croptopia:soybean_crop":3,"minecraft:acacia_stairs":1,"croptopia:blueberry_crop":13,"minecraft:peony":6,"minecraft:gold_block":1,"croptopia:squash_crop":20,"minecraft:bookshelf":11,"minecraft:deepslate_iron_ore":106,"minecraft:stone":199,"minecraft:red_wool":8,"travelersbackpack:standard":1,"minecraft:oak_fence":1,"minecraft:crafting_table":1,"minecraft:rose_bush":5,"minecraft:lapis_ore":5,"minecraft:sculk":1,"minecraft:acacia_fence_gate":2,"croptopia:yam_crop":14,"croptopia:dragonfruit_crop":2,"croptopia:tomato_crop":17,"croptopia:hops_crop":5,"croptopia:turmeric_crop":5,"minecraft:coal_ore":569,"minecraft:cocoa":4,"croptopia:kiwi_crop":17,"minecraft:cracked_stone_bricks":1,"minecraft:terracotta":4,"minecraft:mossy_stone_bricks":6},"minecraft:picked_up":{"minecraft:iron_chestplate":4,"minecraft:prismarine_shard":14,"croptopia:grape_seed":14,"croptopia:tomatillo_seed":37,"minecraft:diamond_sword":1,"croptopia:cabbage_seed":4,"croptopia:calamari":1,"minecraft:string":24,"minecraft:beetroot":21,"minecraft:gold_nugget":2,"minecraft:cobbled_deepslate":98,"minecraft:acacia_fence_gate":2,"croptopia:blueberry":15,"croptopia:mustard_seed":3,"minecraft:melon_slice":18,"croptopia:barley_seed":3,"minecraft:acacia_log":7,"croptopia:vanilla":1,"croptopia:cherry_sapling":9,"croptopia:persimmon":8,"croptopia:raspberry_seed":5,"minecraft:armadillo_scute":21,"minecraft:white_terracotta":2,"croptopia:lettuce_seed":3,"minecraft:birch_log":8,"croptopia:apple_sapling":7,"minecraft:magma_block":2,"minecraft:feather":19,"minecraft:water_bucket":1,"minecraft:birch_slab":5,"minecraft:jungle_log":1,"minecraft:flint":29,"croptopia:celery":19,"minecraft:lantern":1,"croptopia:eggplant":2,"croptopia:kiwi_seed":24,"croptopia:bellpepper":11,"croptopia:roe":1,"minecraft:moss_block":2,"croptopia:lime":4,"minecraft:honeycomb":4,"croptopia:plum":1,"croptopia:turmeric":4,"croptopia:celery_seed":33,"minecraft:ink_sac":13,"croptopia:eggplant_seed":5,"croptopia:oat":4,"minecraft:acacia_stairs":1,"croptopia:spinach_seed":5,"croptopia:chile_pepper":10,"croptopia:cherry":15,"minecraft:lever":1,"croptopia:radish_seed":10,"croptopia:leek_seed":6,"minecraft:dead_brain_coral_block":1,"minecraft:granite":12,"minecraft:acacia_chest_boat":6,"minecraft:bread":30,"minecraft:dark_oak_fence":2,"minecraft:crafting_table":1,"croptopia:onion":5,"minecraft:dead_horn_coral_block":1,"minecraft:cornflower":4,"minecraft:iron_shovel":1,"croptopia:soybean":3,"minecraft:cracked_stone_bricks":1,"minecraft:beef":1,"croptopia:pepper_seed":55,"minecraft:jungle_sapling":6,"croptopia:coconut":11,"minecraft:poppy":2,"minecraft:spruce_slab":1,"minecraft:chest":7,"minecraft:piston":1,"minecraft:egg":380,"croptopia:corn_seed":31,"minecraft:oak_door":2,"ring_of_repair:ring_of_repair":1,"minecraft:carrot":25,"minecraft:redstone":102,"minecraft:prismarine_crystals":10,"minecraft:stone_shovel":1,"croptopia:strawberry_seed":27,"minecraft:decorated_pot":8,"minecraft:beetroot_seeds":57,"minecraft:peony":15,"croptopia:rhubarb":3,"minecraft:yellow_terracotta":7,"minecraft:gold_ingot":12,"croptopia:pepper":31,"minecraft:mutton":4,"minecraft:bone_block":3,"minecraft:white_wool":1,"minecraft:oxeye_daisy":7,"minecraft:tripwire_hook":3,"minecraft:oak_log":8,"croptopia:leek":5,"croptopia:rice_seed":6,"croptopia:olive":21,"croptopia:barley":3,"minecraft:apple":23,"minecraft:stone_bricks":1,"croptopia:squash":15,"minecraft:stone_pickaxe":3,"croptopia:tomato":16,"minecraft:iron_sword":3,"croptopia:honeydew":1,"minecraft:red_wool":6,"minecraft:gravel":220,"croptopia:dragonfruit_sapling":1,"minecraft:birch_stairs":25,"croptopia:rutabaga_seed":13,"croptopia:tea_seed":12,"minecraft:sea_lantern":3,"croptopia:turnip":1,"minecraft:leather_helmet":1,"travelersbackpack:standard":3,"minecraft:stone_axe":1,"croptopia:orange":27,"minecraft:painting":2,"minecraft:baked_potato":21,"minecraft:melon_seeds":3,"minecraft:ender_pearl":1,"minecraft:wheat":71,"croptopia:zucchini":2,"croptopia:kale":2,"croptopia:broccoli":1,"croptopia:lettuce":2,"minecraft:dead_tube_coral_block":1,"croptopia:cantaloupe":23,"minecraft:raw_copper":248,"travelersbackpack:diamond":9,"minecraft:iron_leggings":5,"minecraft:sea_pickle":9,"minecraft:red_sand":71,"minecraft:bucket":2,"minecraft:rose_bush":5,"minecraft:calcite":2,"minecraft:iron_pickaxe":8,"minecraft:iron_boots":4,"minecraft:furnace":3,"minecraft:tipped_arrow":5,"minecraft:stick":46,"minecraft:acacia_fence":27,"croptopia:blackberry_seed":6,"minecraft:oak_fence":1,"minecraft:torch":188,"croptopia:rutabaga":6,"croptopia:honeydew_seed":1,"minecraft:spruce_stairs":1,"croptopia:olive_seed":25,"croptopia:ginger_seed":10,"minecraft:pointed_dripstone":2,"minecraft:diorite":6,"minecraft:cactus":4,"minecraft:rotten_flesh":70,"croptopia:squash_seed":27,"croptopia:vanilla_seeds":3,"croptopia:garlic_seed":6,"croptopia:cabbage":3,"minecraft:cobblestone":294,"croptopia:cauliflower":4,"croptopia:radish":8,"minecraft:lilac":3,"croptopia:broccoli_seed":2,"croptopia:nectarine":26,"minecraft:andesite":19,"minecraft:potato":39,"croptopia:mango":8,"croptopia:spinach":3,"minecraft:tuff":5,"minecraft:prismarine_bricks":7,"minecraft:dirt":715,"croptopia:blueberry_seed":18,"minecraft:lapis_lazuli":65,"minecraft:mangrove_fence":1,"minecraft:bone":117,"minecraft:acacia_planks":92,"croptopia:corn":20,"minecraft:bow":2,"minecraft:wheat_seeds":252,"minecraft:raw_gold":41,"minecraft:mossy_stone_bricks":4,"croptopia:popcorn":3,"croptopia:kale_seed":4,"minecraft:prismarine":24,"minecraft:oak_planks":9,"croptopia:yam":15,"croptopia:chile_pepper_seed":17,"croptopia:dragonfruit":2,"minecraft:cooked_porkchop":25,"croptopia:rice":3,"croptopia:mustard":2,"croptopia:ginger":5,"croptopia:blackberry":4,"minecraft:sand":84,"minecraft:lily_of_the_valley":4,"minecraft:mossy_cobblestone":6,"minecraft:dark_prismarine":10,"minecraft:light_gray_terracotta":1,"croptopia:hops_seed":3,"minecraft:diamond":16,"croptopia:pineapple_seed":7,"croptopia:onion_seed":9,"minecraft:bone_meal":1,"minecraft:golden_apple":1,"minecraft:spruce_sign":12,"minecraft:oak_sapling":16,"croptopia:zucchini_seed":4,"minecraft:andesite_slab":1,"minecraft:fishing_rod":2,"minecraft:cocoa_beans":15,"croptopia:peach":5,"croptopia:nectarine_sapling":1,"minecraft:chicken":17,"minecraft:ladder":1,"minecraft:gold_block":3,"minecraft:diamond_horse_armor":3,"croptopia:orange_sapling":2,"minecraft:shield":4,"minecraft:brick":20,"minecraft:iron_axe":1,"croptopia:bellpepper_seed":17,"croptopia:pear":26,"croptopia:tomatillo":22,"croptopia:tomato_seed":27,"minecraft:sugar_cane":124,"minecraft:spruce_trapdoor":1,"minecraft:phantom_membrane":1,"minecraft:raw_iron":250,"croptopia:soybean_seed":3,"croptopia:greenbean_seed":5,"minecraft:copper_ingot":1,"croptopia:rhubarb_seed":7,"minecraft:polished_blackstone_bricks":1,"minecraft:cookie":7,"croptopia:strawberry":19,"croptopia:yam_seed":22,"croptopia:grape":9,"croptopia:cantaloupe_seed":33,"minecraft:arrow":59,"minecraft:ward_armor_trim_smithing_template":1,"minecraft:saddle":1,"minecraft:salmon":11,"minecraft:leather":1,"ring_of_teleport:ring_of_teleport":1,"minecraft:wolf_armor":1,"croptopia:pear_sapling":1,"croptopia:tea_leaves":7,"minecraft:gunpowder":10,"minecraft:orange_terracotta":2,"minecraft:cooked_mutton":4,"croptopia:garlic":3,"minecraft:smooth_sandstone":1,"minecraft:red_carpet":1,"minecraft:iron_ingot":5,"croptopia:pineapple":3,"croptopia:raspberry":4,"minecraft:cooked_chicken":6,"croptopia:turnip_seed":2,"minecraft:acacia_sapling":7,"croptopia:kiwi":16,"minecraft:book":33,"croptopia:cauliflower_seed":6,"minecraft:pumpkin":15,"croptopia:apricot":15,"minecraft:brush":3,"minecraft:dandelion":18,"minecraft:raw_iron_block":4,"minecraft:dripstone_block":2,"croptopia:hops":2,"minecraft:red_banner":2,"croptopia:turmeric_seed":7,"minecraft:white_bed":5,"minecraft:spider_eye":6,"croptopia:oat_seed":5,"croptopia:lemon":4,"minecraft:pumpkin_seeds":5,"minecraft:iron_helmet":4,"croptopia:greenbean":3,"minecraft:terracotta":6,"minecraft:coal":596},"minecraft:killed":{"minecraft:cave_spider":1,"minecraft:skeleton":29,"minecraft:chicken":16,"minecraft:pillager":3,"minecraft:zombie":44,"minecraft:cow":1,"minecraft:spider":18,"minecraft:creeper":2,"minecraft:phantom":2,"minecraft:drowned":9},"minecraft:custom":{"minecraft:interact_with_crafting_table":130,"minecraft:open_barrel":80,"goblintraders:trade_with_goblin":36,"minecraft:leave_game":8,"minecraft:time_since_death":753027,"minecraft:damage_blocked_by_shield":1819,"minecraft:play_time":1276800,"minecraft:deaths":5,"minecraft:jump":11217,"minecraft:interact_with_furnace":137,"minecraft:sleep_in_bed":13,"minecraft:waystone_activated":6,"minecraft:damage_dealt":22899,"minecraft:horse_one_cm":2267,"minecraft:sneak_time":14584,"minecraft:interact_with_lectern":1,"minecraft:total_world_time":1276800,"minecraft:time_since_rest":173583,"minecraft:swim_one_cm":197272,"minecraft:fly_one_cm":336460,"minecraft:open_chest":969,"minecraft:fall_one_cm":123879,"minecraft:animals_bred":54,"minecraft:sprint_one_cm":1237623,"minecraft:drop":116,"minecraft:talked_to_villager":1,"minecraft:walk_on_water_one_cm":224370,"minecraft:open_enderchest":1,"minecraft:crouch_one_cm":42430,"minecraft:mob_kills":128,"minecraft:climb_one_cm":22690,"minecraft:walk_one_cm":6114341,"minecraft:walk_under_water_one_cm":96715,"minecraft:boat_one_cm":544584,"minecraft:damage_taken":6017,"minecraft:damage_absorbed":39,"minecraft:trigger_trapped_chest":18},"minecraft:killed_by":{"minecraft:vindicator":2,"minecraft:zombie":1,"minecraft:warden":2},"minecraft:crafted":{"croptopia:olive_oil":1,"minecraft:wolf_armor":3,"minecraft:birch_slab":120,"croptopia:toast":23,"minecraft:cooked_mutton":9,"minecraft:glass":13,"croptopia:mango_sapling":1,"minecraft:acacia_fence":99,"croptopia:salt":27,"minecraft:glass_bottle":30,"minecraft:emerald":2,"minecraft:copper_ingot":3,"croptopia:ginger_seed":1,"croptopia:cherry_sapling":2,"minecraft:iron_pickaxe":3,"minecraft:acacia_chest_boat":2,"croptopia:knife":1,"minecraft:birch_stairs":48,"croptopia:cooking_pot":1,"minecraft:acacia_fence_gate":4,"croptopia:cherry_jam":10,"croptopia:bacon":4,"croptopia:frying_pan":1,"croptopia:food_press":1,"croptopia:water_bottle":32,"croptopia:coconut_sapling":1,"minecraft:iron_shovel":2,"minecraft:iron_leggings":1,"croptopia:olive_seed":1,"minecraft:oak_planks":208,"minecraft:cooked_chicken":21,"croptopia:apple_juice":10,"croptopia:popcorn":6,"minecraft:hopper":1,"minecraft:bow":2,"minecraft:iron_boots":2,"croptopia:flour":12,"minecraft:chest":18,"croptopia:persimmon_sapling":1,"minecraft:crafting_table":2,"minecraft:iron_helmet":2,"minecraft:birch_planks":136,"minecraft:iron_chestplate":2,"croptopia:molasses":4,"minecraft:stick":372,"minecraft:iron_ingot":110,"minecraft:stone_sword":2,"minecraft:beetroot_soup":2,"croptopia:pear_sapling":1,"croptopia:apple_sapling":4,"croptopia:pizza":2,"minecraft:furnace":2,"minecraft:piston":2,"croptopia:dragonfruit_sapling":1,"minecraft:iron_hoe":1,"croptopia:dough":5,"minecraft:cooked_beef":7,"minecraft:sugar":101,"minecraft:cooked_cod":3,"croptopia:orange_sapling":2,"minecraft:iron_sword":1,"minecraft:bowl":8,"croptopia:mortar_and_pestle":1,"minecraft:bucket":6,"minecraft:stone_axe":1,"minecraft:acacia_boat":2,"minecraft:air":0,"croptopia:cheese":7,"minecraft:acacia_planks":172,"minecraft:torch":704,"croptopia:lime_sapling":1,"croptopia:nectarine_sapling":2}},"DataVersion":3839}