{"stats":{"minecraft:broken":{"minecraft:iron_shovel":2,"minecraft:iron_leggings":1,"minecraft:stone_pickaxe":2,"minecraft:iron_sword":1,"minecraft:bow":1,"minecraft:leather_helmet":1,"minecraft:golden_hoe":1,"minecraft:stone_sword":1,"minecraft:brush":3,"minecraft:iron_pickaxe":3,"minecraft:iron_helmet":1},"minecraft:used":{"croptopia:blueberry_seed":4,"minecraft:peony":15,"croptopia:leek":1,"minecraft:iron_shovel":788,"minecraft:red_sand":22,"croptopia:onion_seed":2,"croptopia:mustard_seed":1,"minecraft:poppy":1,"minecraft:shield":54,"minecraft:chest":20,"minecraft:white_terracotta":2,"travelersbackpack:diamond":6,"minecraft:iron_sword":605,"croptopia:cabbage_seed":1,"minecraft:rotten_flesh":29,"ring_of_teleport:ring_of_teleport":1,"minecraft:cocoa_beans":2,"minecraft:lily_of_the_valley":4,"minecraft:carrot":7,"minecraft:tuff":3,"minecraft:jungle_sapling":3,"croptopia:radish_seed":3,"croptopia:rutabaga_seed":3,"croptopia:spinach_seed":1,"croptopia:cauliflower_seed":1,"croptopia:pepper_seed":16,"croptopia:blackberry_seed":1,"minecraft:bow":11,"minecraft:oak_sapling":2,"minecraft:cooked_cod":3,"minecraft:furnace":7,"minecraft:beetroot_seeds":31,"minecraft:acacia_fence":126,"minecraft:egg":9,"minecraft:potato":16,"croptopia:pear":10,"minecraft:mossy_stone_bricks":4,"minecraft:diorite":4,"croptopia:garlic_seed":2,"croptopia:tomatillo_seed":7,"croptopia:lettuce_seed":1,"croptopia:kiwi_seed":6,"croptopia:radish":1,"minecraft:stone_pickaxe":166,"minecraft:oak_planks":22,"minecraft:cactus":4,"croptopia:nectarine_sapling":3,"minecraft:sugar_cane":52,"croptopia:honeydew_seed":1,"minecraft:golden_apple":1,"minecraft:golden_hoe":35,"minecraft:sand":69,"minecraft:yellow_terracotta":7,"croptopia:ginger_seed":3,"croptopia:olive_seed":8,"minecraft:light_gray_terracotta":1,"minecraft:pumpkin_seeds":13,"croptopia:orange":7,"croptopia:nectarine":1,"minecraft:birch_slab":125,"minecraft:bread":19,"croptopia:hops_seed":3,"minecraft:gravel":29,"croptopia:lime_sapling":1,"croptopia:leek_seed":1,"croptopia:cantaloupe":4,"croptopia:pineapple_seed":2,"minecraft:rose_bush":5,"minecraft:stone_sword":136,"croptopia:bellpepper_seed":4,"croptopia:cantaloupe_seed":7,"croptopia:popcorn":3,"minecraft:cooked_chicken":14,"minecraft:torch":595,"croptopia:vanilla_seeds":1,"minecraft:dirt":937,"croptopia:rhubarb_seed":3,"croptopia:strawberry_seed":6,"croptopia:raspberry":1,"minecraft:granite":2,"croptopia:pizza":1,"croptopia:oat_seed":1,"minecraft:iron_hoe":204,"minecraft:iron_axe":4,"minecraft:jungle_log":1,"croptopia:grape_seed":7,"croptopia:yam_seed":4,"minecraft:melon_seeds":5,"croptopia:eggplant_seed":2,"croptopia:cherry_sapling":11,"croptopia:turmeric_seed":1,"croptopia:squash":1,"croptopia:greenbean_seed":1,"minecraft:cooked_beef":7,"minecraft:cobbled_deepslate":37,"minecraft:acacia_planks":1,"minecraft:orange_terracotta":2,"croptopia:raspberry_seed":1,"minecraft:beetroot_soup":1,"minecraft:calcite":1,"croptopia:grape":1,"minecraft:wheat_seeds":88,"minecraft:cooked_mutton":5,"minecraft:water_bucket":19,"croptopia:celery":1,"croptopia:lemon":4,"croptopia:zucchini_seed":1,"minecraft:birch_planks":1,"croptopia:rice_seed":2,"minecraft:baked_potato":6,"croptopia:apricot":1,"croptopia:turnip_seed":1,"croptopia:tea_seed":2,"croptopia:corn_seed":9,"minecraft:mossy_cobblestone":6,"minecraft:terracotta":6,"croptopia:broccoli_seed":1,"croptopia:soybean_seed":1,"minecraft:crafting_table":4,"croptopia:apple_sapling":11,"minecraft:white_bed":2,"croptopia:celery_seed":7,"minecraft:painting":2,"minecraft:oak_log":1,"croptopia:squash_seed":10,"minecraft:cornflower":3,"croptopia:yam":1,"minecraft:apple":13,"minecraft:oxeye_daisy":7,"minecraft:iron_pickaxe":1061,"croptopia:chile_pepper_seed":6,"minecraft:acacia_chest_boat":7,"croptopia:tomato_seed":5,"croptopia:orange_sapling":4,"minecraft:stone_axe":82,"minecraft:acacia_fence_gate":6,"croptopia:barley_seed":1,"travelersbackpack:standard":3,"minecraft:cobblestone":185,"croptopia:kiwi":2,"minecraft:cooked_porkchop":12,"minecraft:bucket":21,"croptopia:pear_sapling":2,"minecraft:brush":5,"minecraft:dandelion":18,"minecraft:birch_stairs":73,"croptopia:dragonfruit_sapling":2},"minecraft:dropped":{"minecraft:spruce_sign":1,"minecraft:iron_sword":1,"minecraft:moss_block":2,"croptopia:turmeric":1,"minecraft:ender_pearl":1,"minecraft:baked_potato":28,"minecraft:diamond":1,"minecraft:crafting_table":1,"minecraft:decorated_pot":4,"travelersbackpack:standard":1,"minecraft:dirt":138,"minecraft:dark_oak_fence":2,"croptopia:rutabaga_seed":2,"minecraft:iron_pickaxe":1,"minecraft:fishing_rod":1,"croptopia:cantaloupe_seed":4,"minecraft:bone":3,"minecraft:oak_door":2,"minecraft:gravel":7,"minecraft:cooked_chicken":5,"minecraft:rotten_flesh":2,"croptopia:pizza":1,"minecraft:gunpowder":3,"minecraft:chest":2,"minecraft:egg":2,"minecraft:bread":7,"minecraft:wheat_seeds":14,"minecraft:feather":4,"minecraft:apple":2,"minecraft:granite":1,"minecraft:coal":18,"minecraft:stick":3,"minecraft:diamond_horse_armor":1,"croptopia:celery_seed":3,"croptopia:grape_seed":2,"minecraft:torch":171,"minecraft:pumpkin":1,"croptopia:turmeric_seed":2,"minecraft:string":3,"croptopia:popcorn":4,"minecraft:beetroot_soup":1,"croptopia:yam_seed":2,"travelersbackpack:diamond":5,"minecraft:stone_sword":1,"croptopia:raspberry_seed":2,"minecraft:iron_boots":1,"croptopia:radish_seed":1,"minecraft:diamond_sword":1,"minecraft:potato":5,"minecraft:calcite":1},"minecraft:mined":{"croptopia:bellpepper_crop":12,"croptopia:cantaloupe_crop":23,"croptopia:pepper_crop":24,"minecraft:white_bed":4,"minecraft:farmland":6,"croptopia:greenbean_crop":3,"minecraft:jungle_leaves":48,"croptopia:grape_crop":9,"croptopia:strawberry_crop":19,"minecraft:sculk_vein":4,"croptopia:mustard_crop":1,"minecraft:granite":12,"croptopia:lime_crop":4,"minecraft:red_sand":77,"minecraft:acacia_log":6,"minecraft:grass_block":466,"minecraft:jungle_log":1,"croptopia:cherry_sapling":9,"minecraft:oxeye_daisy":3,"minecraft:spawner":3,"minecraft:tall_seagrass":1,"minecraft:raw_iron_block":4,"croptopia:cherry_crop":15,"minecraft:iron_ore":138,"croptopia:tea_crop":5,"minecraft:cobbled_deepslate":5,"minecraft:pumpkin":14,"minecraft:deepslate_lapis_ore":4,"croptopia:dragonfruit_sapling":1,"croptopia:apple_crop":24,"croptopia:pear_sapling":1,"minecraft:tripwire":3,"minecraft:deepslate_redstone_ore":24,"croptopia:eggplant_crop":3,"minecraft:melon_stem":2,"minecraft:orange_terracotta":2,"minecraft:torch":32,"minecraft:light_gray_terracotta":1,"croptopia:oat_crop":2,"croptopia:garlic_crop":4,"minecraft:melon":4,"minecraft:chest":3,"minecraft:dead_bush":9,"croptopia:raspberry_crop":4,"minecraft:cobblestone":15,"croptopia:broccoli_crop":1,"minecraft:oak_planks":9,"minecraft:sugar_cane":71,"minecraft:wall_torch":19,"minecraft:deepslate_copper_ore":5,"travelersbackpack:diamond":3,"minecraft:seagrass":3,"minecraft:white_terracotta":2,"croptopia:nectarine_crop":26,"croptopia:pineapple_crop":3,"croptopia:zucchini_crop":1,"croptopia:cauliflower_crop":4,"minecraft:birch_log":7,"minecraft:wheat":53,"croptopia:tomatillo_crop":23,"croptopia:pear_crop":25,"minecraft:pumpkin_stem":3,"croptopia:vanilla_crop":1,"croptopia:apricot_crop":10,"croptopia:chile_pepper_crop":7,"minecraft:oak_log":5,"minecraft:beetroots":23,"croptopia:rice_crop":1,"minecraft:acacia_fence":28,"minecraft:sand":82,"minecraft:dirt":130,"croptopia:nectarine_sapling":1,"minecraft:tripwire_hook":4,"minecraft:oak_leaves":15,"minecraft:deepslate":45,"croptopia:cabbage_crop":3,"minecraft:suspicious_gravel":7,"minecraft:yellow_terracotta":7,"minecraft:tuff":5,"croptopia:orange_crop":27,"minecraft:mossy_cobblestone":4,"minecraft:deepslate_diamond_ore":16,"croptopia:kale_crop":1,"croptopia:onion_crop":3,"croptopia:persimmon_crop":3,"minecraft:dark_oak_fence":2,"minecraft:decorated_pot":16,"croptopia:mango_crop":8,"minecraft:birch_slab":4,"minecraft:moss_block":1,"croptopia:barley_crop":3,"minecraft:redstone_ore":5,"croptopia:ginger_crop":4,"minecraft:carrots":4,"minecraft:furnace":2,"minecraft:jungle_sapling":2,"croptopia:corn_crop":20,"croptopia:soybean_crop":1,"minecraft:acacia_stairs":1,"minecraft:andesite":7,"croptopia:blueberry_crop":13,"minecraft:peony":6,"minecraft:gold_block":1,"minecraft:bookshelf":11,"croptopia:squash_crop":13,"croptopia:rhubarb_crop":3,"minecraft:potatoes":8,"minecraft:deepslate_iron_ore":106,"croptopia:orange_sapling":2,"croptopia:coconut_crop":17,"minecraft:stone":190,"minecraft:brain_coral":1,"minecraft:birch_stairs":25,"minecraft:red_wool":8,"croptopia:lettuce_crop":2,"croptopia:apple_sapling":7,"minecraft:dandelion":5,"travelersbackpack:standard":1,"minecraft:oak_fence":1,"minecraft:smooth_sandstone":1,"minecraft:crafting_table":1,"minecraft:cornflower":1,"minecraft:short_grass":141,"minecraft:rose_bush":5,"minecraft:copper_ore":53,"croptopia:lemon_crop":4,"minecraft:tall_grass":6,"minecraft:lapis_ore":5,"minecraft:deepslate_gold_ore":17,"minecraft:diorite":6,"minecraft:sculk":1,"croptopia:olive_crop":14,"croptopia:spinach_crop":3,"croptopia:leek_crop":5,"minecraft:acacia_fence_gate":2,"minecraft:birch_leaves":2,"croptopia:yam_crop":11,"minecraft:red_wall_banner":1,"croptopia:dragonfruit_crop":2,"croptopia:tomato_crop":14,"croptopia:hops_crop":2,"croptopia:turmeric_crop":3,"croptopia:celery_crop":19,"minecraft:coal_ore":464,"minecraft:cocoa":2,"croptopia:kiwi_crop":17,"croptopia:radish_crop":11,"croptopia:blackberry_crop":4,"minecraft:gravel":307,"croptopia:rutabaga_crop":9,"minecraft:cracked_stone_bricks":1,"minecraft:terracotta":4,"minecraft:acacia_planks":1,"minecraft:stone_bricks":1,"minecraft:mossy_stone_bricks":6,"minecraft:gold_ore":24,"minecraft:fern":5},"minecraft:picked_up":{"croptopia:kale":1,"minecraft:iron_chestplate":4,"croptopia:zucchini":1,"minecraft:wheat":50,"croptopia:grape_seed":14,"minecraft:prismarine_shard":14,"croptopia:tomatillo_seed":37,"croptopia:broccoli":1,"minecraft:diamond_sword":1,"croptopia:cabbage_seed":4,"croptopia:calamari":1,"croptopia:cantaloupe":22,"minecraft:string":21,"minecraft:dead_tube_coral_block":1,"croptopia:lettuce":2,"minecraft:raw_copper":248,"travelersbackpack:diamond":9,"minecraft:iron_leggings":5,"minecraft:beetroot":21,"minecraft:sea_pickle":9,"minecraft:red_sand":71,"minecraft:gold_nugget":2,"minecraft:cobbled_deepslate":98,"minecraft:bucket":2,"minecraft:acacia_fence_gate":2,"minecraft:rose_bush":5,"minecraft:calcite":2,"minecraft:iron_pickaxe":8,"croptopia:blueberry":15,"croptopia:mustard_seed":1,"minecraft:melon_slice":18,"minecraft:iron_boots":4,"minecraft:furnace":3,"minecraft:tipped_arrow":5,"minecraft:stick":46,"minecraft:acacia_fence":27,"croptopia:barley_seed":2,"minecraft:oak_fence":1,"croptopia:rutabaga":6,"minecraft:torch":188,"croptopia:blackberry_seed":6,"minecraft:acacia_log":7,"croptopia:honeydew_seed":1,"minecraft:spruce_stairs":1,"croptopia:olive_seed":21,"croptopia:vanilla":1,"croptopia:ginger_seed":8,"minecraft:diorite":6,"croptopia:cherry_sapling":9,"minecraft:cactus":4,"minecraft:rotten_flesh":70,"croptopia:persimmon":3,"croptopia:squash_seed":18,"croptopia:raspberry_seed":5,"minecraft:armadillo_scute":21,"croptopia:vanilla_seeds":2,"minecraft:white_terracotta":2,"croptopia:garlic_seed":5,"croptopia:cabbage":3,"minecraft:cobblestone":285,"croptopia:cauliflower":3,"minecraft:birch_log":7,"croptopia:lettuce_seed":3,"minecraft:magma_block":2,"croptopia:apple_sapling":7,"minecraft:feather":19,"minecraft:lilac":3,"croptopia:radish":8,"minecraft:jungle_log":1,"minecraft:andesite":19,"croptopia:broccoli_seed":1,"minecraft:birch_slab":5,"minecraft:water_bucket":1,"croptopia:nectarine":26,"croptopia:mango":8,"minecraft:potato":39,"croptopia:spinach":3,"minecraft:flint":29,"minecraft:tuff":5,"minecraft:prismarine_bricks":7,"croptopia:blueberry_seed":18,"croptopia:celery":19,"minecraft:lapis_lazuli":65,"minecraft:dirt":711,"minecraft:lantern":1,"croptopia:eggplant":1,"croptopia:kiwi_seed":24,"minecraft:mangrove_fence":1,"minecraft:bone":115,"croptopia:corn":20,"minecraft:acacia_planks":92,"minecraft:bow":2,"minecraft:wheat_seeds":198,"minecraft:raw_gold":41,"croptopia:bellpepper":10,"croptopia:kale_seed":2,"minecraft:mossy_stone_bricks":4,"croptopia:popcorn":3,"minecraft:moss_block":2,"croptopia:roe":1,"minecraft:honeycomb":4,"minecraft:prismarine":24,"minecraft:oak_planks":9,"croptopia:lime":4,"croptopia:yam":12,"croptopia:chile_pepper_seed":12,"croptopia:dragonfruit":2,"minecraft:cooked_porkchop":25,"croptopia:plum":1,"croptopia:blackberry":4,"croptopia:turmeric":3,"croptopia:mustard":1,"croptopia:ginger":4,"croptopia:rice":1,"croptopia:celery_seed":33,"minecraft:sand":84,"croptopia:oat":2,"croptopia:eggplant_seed":4,"minecraft:ink_sac":13,"minecraft:lily_of_the_valley":4,"minecraft:acacia_stairs":1,"croptopia:spinach_seed":5,"minecraft:mossy_cobblestone":6,"minecraft:dark_prismarine":10,"croptopia:chile_pepper":7,"croptopia:cherry":15,"minecraft:light_gray_terracotta":1,"croptopia:hops_seed":1,"minecraft:diamond":16,"minecraft:lever":1,"croptopia:pineapple_seed":5,"croptopia:radish_seed":10,"minecraft:dead_brain_coral_block":1,"croptopia:leek_seed":6,"minecraft:granite":12,"minecraft:bone_meal":1,"croptopia:onion_seed":5,"minecraft:golden_apple":1,"minecraft:spruce_sign":12,"minecraft:acacia_chest_boat":6,"minecraft:bread":30,"minecraft:oak_sapling":16,"minecraft:dark_oak_fence":2,"croptopia:zucchini_seed":2,"minecraft:andesite_slab":1,"minecraft:fishing_rod":2,"minecraft:cocoa_beans":9,"minecraft:crafting_table":1,"croptopia:nectarine_sapling":1,"minecraft:chicken":17,"minecraft:ladder":1,"croptopia:onion":3,"minecraft:gold_block":3,"minecraft:diamond_horse_armor":3,"croptopia:orange_sapling":2,"minecraft:dead_horn_coral_block":1,"minecraft:brick":20,"minecraft:shield":4,"minecraft:cornflower":4,"minecraft:iron_axe":1,"croptopia:bellpepper_seed":15,"minecraft:iron_shovel":1,"croptopia:soybean":1,"croptopia:pear":25,"minecraft:cracked_stone_bricks":1,"croptopia:tomatillo":22,"croptopia:tomato_seed":21,"minecraft:jungle_sapling":5,"croptopia:pepper_seed":41,"croptopia:coconut":9,"minecraft:poppy":2,"minecraft:spruce_slab":1,"minecraft:sugar_cane":124,"minecraft:chest":7,"minecraft:piston":1,"minecraft:spruce_trapdoor":1,"minecraft:phantom_membrane":1,"minecraft:egg":335,"minecraft:raw_iron":244,"croptopia:corn_seed":31,"minecraft:oak_door":2,"croptopia:soybean_seed":1,"minecraft:copper_ingot":1,"croptopia:greenbean_seed":3,"croptopia:rhubarb_seed":5,"minecraft:polished_blackstone_bricks":1,"ring_of_repair:ring_of_repair":1,"minecraft:cookie":7,"minecraft:carrot":14,"minecraft:redstone":102,"croptopia:strawberry":19,"minecraft:prismarine_crystals":10,"croptopia:yam_seed":17,"croptopia:grape":9,"minecraft:arrow":58,"croptopia:cantaloupe_seed":31,"minecraft:stone_shovel":1,"minecraft:beetroot_seeds":57,"minecraft:decorated_pot":8,"croptopia:strawberry_seed":27,"minecraft:peony":15,"croptopia:rhubarb":2,"minecraft:yellow_terracotta":7,"minecraft:saddle":1,"minecraft:ward_armor_trim_smithing_template":1,"minecraft:gold_ingot":12,"croptopia:pepper":22,"minecraft:mutton":4,"minecraft:white_wool":1,"minecraft:bone_block":3,"minecraft:oxeye_daisy":7,"minecraft:tripwire_hook":3,"minecraft:salmon":11,"minecraft:wolf_armor":1,"croptopia:pear_sapling":1,"ring_of_teleport:ring_of_teleport":1,"croptopia:tea_leaves":5,"minecraft:oak_log":8,"croptopia:leek":5,"minecraft:gunpowder":10,"croptopia:garlic":3,"minecraft:orange_terracotta":2,"croptopia:rice_seed":3,"minecraft:cooked_mutton":4,"croptopia:olive":19,"minecraft:smooth_sandstone":1,"minecraft:red_carpet":1,"minecraft:apple":23,"croptopia:barley":2,"minecraft:stone_bricks":1,"croptopia:pineapple":2,"croptopia:squash":9,"minecraft:iron_ingot":5,"croptopia:raspberry":4,"minecraft:stone_pickaxe":3,"minecraft:cooked_chicken":6,"croptopia:tomato":13,"croptopia:turnip_seed":2,"minecraft:iron_sword":3,"croptopia:kiwi":16,"minecraft:acacia_sapling":7,"croptopia:honeydew":1,"minecraft:book":33,"croptopia:cauliflower_seed":4,"croptopia:apricot":12,"minecraft:pumpkin":15,"minecraft:brush":3,"minecraft:red_wool":6,"minecraft:dandelion":18,"minecraft:raw_iron_block":4,"minecraft:gravel":220,"croptopia:hops":1,"croptopia:dragonfruit_sapling":1,"minecraft:birch_stairs":25,"croptopia:turmeric_seed":5,"croptopia:rutabaga_seed":13,"minecraft:red_banner":2,"minecraft:white_bed":5,"croptopia:tea_seed":9,"minecraft:spider_eye":5,"croptopia:turnip":1,"minecraft:sea_lantern":3,"minecraft:leather_helmet":1,"travelersbackpack:standard":3,"croptopia:lemon":4,"minecraft:pumpkin_seeds":5,"croptopia:oat_seed":4,"minecraft:stone_axe":1,"croptopia:orange":27,"minecraft:iron_helmet":4,"minecraft:painting":2,"croptopia:greenbean":2,"minecraft:terracotta":6,"minecraft:baked_potato":21,"minecraft:melon_seeds":3,"minecraft:coal":494,"minecraft:ender_pearl":1},"minecraft:killed":{"minecraft:cave_spider":1,"minecraft:spider":17,"minecraft:skeleton":28,"minecraft:chicken":16,"minecraft:creeper":2,"minecraft:pillager":3,"minecraft:zombie":44,"minecraft:phantom":2,"minecraft:drowned":8},"minecraft:custom":{"minecraft:animals_bred":50,"minecraft:interact_with_crafting_table":129,"minecraft:open_barrel":66,"goblintraders:trade_with_goblin":36,"minecraft:leave_game":8,"minecraft:time_since_death":693027,"minecraft:sprint_one_cm":1135318,"minecraft:damage_blocked_by_shield":1749,"minecraft:drop":108,"minecraft:talked_to_villager":1,"minecraft:play_time":1216800,"minecraft:deaths":5,"minecraft:jump":10634,"minecraft:walk_on_water_one_cm":206597,"minecraft:interact_with_furnace":137,"minecraft:sleep_in_bed":13,"minecraft:waystone_activated":6,"minecraft:open_enderchest":1,"minecraft:damage_dealt":22240,"minecraft:crouch_one_cm":42307,"minecraft:horse_one_cm":2267,"minecraft:mob_kills":124,"minecraft:climb_one_cm":15895,"minecraft:walk_one_cm":5774651,"minecraft:sneak_time":14429,"minecraft:walk_under_water_one_cm":93223,"minecraft:boat_one_cm":544584,"minecraft:interact_with_lectern":1,"minecraft:total_world_time":1216800,"minecraft:time_since_rest":113583,"minecraft:damage_absorbed":39,"minecraft:damage_taken":5904,"minecraft:trigger_trapped_chest":18,"minecraft:swim_one_cm":184600,"minecraft:fly_one_cm":312475,"minecraft:open_chest":897,"minecraft:fall_one_cm":116442},"minecraft:killed_by":{"minecraft:vindicator":2,"minecraft:zombie":1,"minecraft:warden":2},"minecraft:crafted":{"minecraft:oak_planks":208,"minecraft:cooked_chicken":21,"croptopia:olive_oil":1,"minecraft:wolf_armor":3,"minecraft:birch_slab":120,"croptopia:toast":23,"croptopia:apple_juice":10,"croptopia:popcorn":6,"minecraft:cooked_mutton":9,"minecraft:glass":13,"minecraft:hopper":1,"minecraft:bow":1,"minecraft:iron_boots":2,"croptopia:mango_sapling":1,"croptopia:flour":12,"minecraft:chest":18,"croptopia:persimmon_sapling":1,"minecraft:acacia_fence":99,"croptopia:salt":27,"minecraft:glass_bottle":30,"minecraft:emerald":2,"minecraft:crafting_table":2,"minecraft:iron_helmet":2,"minecraft:copper_ingot":3,"minecraft:birch_planks":132,"croptopia:ginger_seed":1,"croptopia:cherry_sapling":2,"minecraft:iron_chestplate":2,"croptopia:molasses":4,"minecraft:stick":364,"minecraft:iron_ingot":110,"minecraft:iron_pickaxe":3,"minecraft:acacia_chest_boat":2,"minecraft:stone_sword":2,"croptopia:knife":1,"minecraft:birch_stairs":48,"minecraft:beetroot_soup":2,"croptopia:pear_sapling":1,"croptopia:apple_sapling":4,"croptopia:pizza":2,"croptopia:cooking_pot":1,"minecraft:furnace":2,"minecraft:acacia_fence_gate":4,"minecraft:piston":2,"croptopia:cherry_jam":10,"croptopia:dragonfruit_sapling":1,"croptopia:bacon":4,"minecraft:iron_hoe":1,"croptopia:dough":5,"croptopia:frying_pan":1,"minecraft:cooked_beef":7,"minecraft:sugar":101,"minecraft:cooked_cod":3,"croptopia:orange_sapling":2,"croptopia:food_press":1,"minecraft:iron_sword":1,"croptopia:water_bottle":32,"minecraft:bowl":8,"minecraft:bucket":6,"croptopia:mortar_and_pestle":1,"minecraft:stone_axe":1,"minecraft:air":0,"minecraft:acacia_boat":2,"croptopia:coconut_sapling":1,"croptopia:cheese":7,"minecraft:iron_shovel":2,"minecraft:iron_leggings":1,"croptopia:olive_seed":1,"minecraft:acacia_planks":172,"minecraft:torch":680,"croptopia:lime_sapling":1,"croptopia:nectarine_sapling":2}},"DataVersion":3839}