{"stats":{"minecraft:used":{"minecraft:peony":15,"minecraft:moss_block":1,"croptopia:leek":1,"minecraft:poppy":3,"minecraft:chest":20,"travelersbackpack:diamond":32,"minecraft:rotten_flesh":29,"minecraft:lily_of_the_valley":4,"minecraft:cocoa_beans":19,"croptopia:cashew":14,"minecraft:jungle_sapling":3,"croptopia:radish_seed":3,"croptopia:rutabaga_seed":3,"croptopia:cauliflower_seed":1,"croptopia:blackberry_seed":1,"minecraft:bow":28,"minecraft:oak_sapling":3,"minecraft:cooked_cod":3,"minecraft:furnace":12,"croptopia:barley":1,"minecraft:acacia_fence":126,"minecraft:egg":12,"minecraft:potato":16,"minecraft:mossy_stone_bricks":8,"minecraft:diorite":4,"croptopia:tomatillo_seed":7,"croptopia:garlic_seed":2,"croptopia:tomato":1,"minecraft:cactus":4,"croptopia:nectarine_sapling":3,"minecraft:cookie":4,"minecraft:glow_berries":3,"minecraft:golden_apple":1,"croptopia:kale_seed":2,"minecraft:sand":69,"croptopia:ginger_seed":3,"minecraft:pumpkin_seeds":13,"croptopia:orange":7,"croptopia:nectarine":1,"minecraft:birch_slab":125,"croptopia:pecan_sapling":3,"croptopia:lime_sapling":1,"croptopia:bellpepper":2,"minecraft:oak_boat":6,"minecraft:iron_bars":1,"minecraft:stone_sword":136,"croptopia:fig":1,"croptopia:grapefruit_sapling":2,"croptopia:popcorn":3,"minecraft:torch":681,"croptopia:rhubarb_seed":4,"croptopia:chile_pepper":2,"minecraft:stone_stairs":1,"croptopia:strawberry_seed":6,"croptopia:raspberry":1,"croptopia:oat_seed":1,"minecraft:iron_axe":55,"minecraft:jungle_log":1,"croptopia:yam_seed":4,"minecraft:melon_seeds":5,"minecraft:magenta_wool":1,"minecraft:oxidized_copper":3,"croptopia:cherry_sapling":11,"minecraft:orange_terracotta":2,"minecraft:cobbled_deepslate":38,"minecraft:acacia_planks":1,"croptopia:raspberry_seed":1,"minecraft:calcite":1,"croptopia:grape":1,"minecraft:wheat_seeds":122,"minecraft:water_bucket":21,"croptopia:pecan":11,"croptopia:celery":2,"croptopia:lemon":4,"minecraft:birch_planks":1,"minecraft:cracked_stone_bricks":3,"minecraft:mossy_cobblestone":6,"croptopia:broccoli_seed":2,"minecraft:crafting_table":9,"croptopia:apple_sapling":11,"croptopia:soybean_seed":1,"minecraft:white_bed":2,"croptopia:celery_seed":7,"minecraft:copper_ingot":2,"minecraft:oak_log":1,"croptopia:yam":1,"minecraft:cornflower":3,"minecraft:oxeye_daisy":7,"minecraft:stripped_jungle_log":1,"minecraft:iron_pickaxe":1349,"travelersbackpack:standard":43,"minecraft:cobblestone":209,"minecraft:potion":1,"minecraft:cooked_porkchop":12,"minecraft:brush":5,"minecraft:kelp":3,"croptopia:pear_sapling":2,"minecraft:dandelion":18,"croptopia:blueberry_seed":4,"minecraft:red_sand":22,"minecraft:iron_shovel":833,"croptopia:almond_sapling":2,"croptopia:mustard_seed":1,"croptopia:onion_seed":3,"minecraft:decorated_pot":19,"minecraft:shield":180,"minecraft:white_terracotta":2,"minecraft:iron_sword":1102,"croptopia:oat":2,"ring_of_teleport:ring_of_teleport":1,"croptopia:cabbage_seed":1,"minecraft:carrot":11,"minecraft:tuff":6,"croptopia:apricot_sapling":2,"croptopia:spinach_seed":1,"croptopia:fig_sapling":1,"croptopia:pepper_seed":16,"minecraft:stone_bricks":9,"croptopia:persimmon_sapling":1,"minecraft:beetroot_seeds":31,"croptopia:pear":11,"croptopia:coconut":1,"croptopia:sweetpotato_seed":2,"croptopia:lettuce_seed":1,"croptopia:kiwi_seed":6,"minecraft:stone_pickaxe":166,"croptopia:radish":1,"croptopia:walnut_sapling":3,"minecraft:oak_planks":22,"croptopia:almond":18,"minecraft:sugar_cane":53,"croptopia:honeydew_seed":1,"minecraft:golden_hoe":35,"minecraft:yellow_terracotta":7,"croptopia:peanut_seed":2,"minecraft:light_gray_terracotta":1,"croptopia:olive_seed":8,"croptopia:nutmeg_sapling":3,"minecraft:bread":55,"travelersbackpack:pumpkin":6,"croptopia:hops_seed":3,"croptopia:coconut_sapling":1,"minecraft:gravel":29,"croptopia:leek_seed":1,"croptopia:cantaloupe":4,"croptopia:pineapple_seed":4,"minecraft:experience_bottle":1,"minecraft:rose_bush":5,"croptopia:bellpepper_seed":4,"croptopia:cantaloupe_seed":7,"minecraft:stone_shovel":166,"croptopia:cashew_sapling":1,"minecraft:wooden_shovel":59,"minecraft:cooked_chicken":18,"croptopia:vanilla_seeds":3,"minecraft:dirt":1411,"croptopia:blueberry":2,"minecraft:granite":2,"minecraft:spruce_fence":2,"croptopia:starfruit_sapling":1,"croptopia:pizza":1,"minecraft:iron_hoe":244,"minecraft:stone_brick_slab":2,"minecraft:dark_oak_planks":17,"croptopia:grape_seed":7,"minecraft:emerald_block":1,"croptopia:turmeric_seed":1,"croptopia:squash":1,"croptopia:greenbean_seed":1,"croptopia:strawberry":2,"minecraft:cooked_beef":12,"croptopia:eggplant_seed":2,"minecraft:beetroot_soup":1,"minecraft:cooked_mutton":6,"minecraft:coal":1,"croptopia:date_sapling":1,"minecraft:cobblestone_stairs":1,"croptopia:banana_sapling":2,"croptopia:zucchini_seed":1,"minecraft:baked_potato":10,"croptopia:rice_seed":2,"croptopia:walnut":4,"croptopia:apricot":10,"croptopia:turnip_seed":1,"croptopia:tea_seed":2,"croptopia:corn_seed":9,"minecraft:terracotta":6,"minecraft:painting":2,"croptopia:squash_seed":11,"minecraft:apple":35,"croptopia:chile_pepper_seed":6,"croptopia:tomato_seed":5,"croptopia:orange_sapling":4,"minecraft:acacia_chest_boat":7,"minecraft:acacia_fence_gate":6,"minecraft:stone_axe":82,"croptopia:barley_seed":1,"croptopia:mango_sapling":1,"croptopia:kiwi":2,"croptopia:banana":3,"minecraft:bucket":23,"minecraft:pumpkin_pie":3,"minecraft:birch_stairs":73,"croptopia:dragonfruit_sapling":2},"minecraft:custom":{"minecraft:interact_with_crafting_table":180,"minecraft:open_barrel":141,"goblintraders:trade_with_goblin":36,"minecraft:leave_game":10,"minecraft:time_since_death":228236,"minecraft:damage_blocked_by_shield":4934,"minecraft:play_time":1835010,"minecraft:deaths":7,"minecraft:jump":16796,"minecraft:interact_with_furnace":195,"minecraft:sleep_in_bed":31,"minecraft:waystone_activated":8,"minecraft:damage_dealt":35978,"minecraft:interact_with_smoker":1,"minecraft:horse_one_cm":2267,"minecraft:interact_with_anvil":1,"minecraft:sneak_time":16673,"minecraft:interact_with_lectern":1,"minecraft:total_world_time":1835010,"minecraft:time_since_rest":10546,"minecraft:swim_one_cm":439420,"minecraft:fly_one_cm":574314,"minecraft:open_chest":1298,"minecraft:fall_one_cm":204295,"minecraft:animals_bred":54,"minecraft:sprint_one_cm":2315260,"minecraft:drop":201,"minecraft:talked_to_villager":5,"minecraft:interact_with_brewingstand":1,"minecraft:walk_on_water_one_cm":287644,"minecraft:interact_with_loom":2,"minecraft:open_enderchest":1,"minecraft:crouch_one_cm":43665,"minecraft:mob_kills":225,"minecraft:interact_with_campfire":6,"minecraft:climb_one_cm":62997,"minecraft:walk_one_cm":8109572,"minecraft:walk_under_water_one_cm":130168,"minecraft:boat_one_cm":749987,"minecraft:damage_taken":8911,"minecraft:damage_absorbed":39,"minecraft:trigger_trapped_chest":18},"minecraft:broken":{"minecraft:wooden_shovel":1,"minecraft:iron_leggings":1,"minecraft:iron_sword":1,"minecraft:bow":1,"minecraft:leather_helmet":1,"minecraft:stone_sword":1,"minecraft:brush":3,"minecraft:iron_pickaxe":3,"minecraft:iron_helmet":1,"minecraft:iron_shovel":2,"minecraft:stone_pickaxe":2,"minecraft:stone_shovel":1,"minecraft:golden_hoe":1},"minecraft:killed":{"minecraft:cave_spider":1,"minecraft:skeleton":54,"minecraft:chicken":23,"minecraft:pillager":11,"minecraft:zombie":67,"minecraft:cow":2,"minecraft:vindicator":1,"minecraft:spider":21,"minecraft:zombie_villager":1,"minecraft:creeper":2,"minecraft:phantom":2,"minecraft:drowned":10},"minecraft:mined":{"minecraft:dark_oak_planks":3,"croptopia:pepper_crop":42,"minecraft:white_bed":4,"croptopia:grape_crop":9,"croptopia:mustard_crop":3,"minecraft:jungle_leaves":64,"minecraft:granite":15,"minecraft:red_sand":77,"croptopia:lime_crop":6,"minecraft:acacia_log":6,"minecraft:jungle_log":2,"croptopia:cherry_sapling":9,"minecraft:oxeye_daisy":3,"croptopia:honeydew_crop":1,"minecraft:spawner":11,"minecraft:tall_seagrass":1,"minecraft:cobbled_deepslate":5,"minecraft:pumpkin":14,"minecraft:deepslate_lapis_ore":4,"croptopia:dragonfruit_sapling":1,"croptopia:apple_crop":24,"croptopia:pear_sapling":1,"minecraft:tripwire":3,"croptopia:starfruit_crop":3,"minecraft:brown_mushroom":2,"minecraft:powder_snow":60,"croptopia:turnip_crop":2,"minecraft:torch":33,"croptopia:oat_crop":8,"minecraft:oxidized_copper":3,"minecraft:melon":4,"minecraft:dead_bush":9,"croptopia:raspberry_crop":4,"croptopia:broccoli_crop":3,"minecraft:sugar_cane":72,"travelersbackpack:diamond":19,"minecraft:white_terracotta":2,"croptopia:zucchini_crop":5,"croptopia:peanut_crop":2,"croptopia:cauliflower_crop":6,"croptopia:pineapple_crop":9,"minecraft:wheat":86,"croptopia:tomatillo_crop":23,"croptopia:pear_crop":28,"minecraft:pumpkin_stem":3,"croptopia:vanilla_crop":5,"croptopia:cinnamon_leaves":49,"croptopia:rice_crop":8,"croptopia:nectarine_sapling":1,"minecraft:deepslate":46,"minecraft:suspicious_gravel":7,"croptopia:cabbage_crop":4,"minecraft:yellow_terracotta":7,"croptopia:almond_sapling":1,"croptopia:orange_crop":27,"minecraft:mossy_cobblestone":4,"minecraft:dark_oak_log":13,"croptopia:persimmon_crop":8,"minecraft:dark_oak_fence":2,"minecraft:spruce_fence":2,"croptopia:mango_crop":8,"minecraft:moss_block":2,"minecraft:redstone_ore":5,"croptopia:ginger_crop":6,"croptopia:pecan_crop":18,"minecraft:jungle_sapling":3,"croptopia:corn_crop":23,"minecraft:snow":10,"minecraft:andesite":9,"croptopia:peach_crop":5,"minecraft:potatoes":8,"croptopia:rhubarb_crop":7,"croptopia:orange_sapling":2,"croptopia:nutmeg_crop":4,"croptopia:cashew_crop":19,"croptopia:coconut_crop":20,"minecraft:white_wool":5,"minecraft:green_wool":2,"minecraft:brain_coral":1,"croptopia:nutmeg_sapling":2,"minecraft:birch_stairs":25,"croptopia:almond_crop":27,"croptopia:lettuce_crop":3,"minecraft:stone_brick_slab":2,"croptopia:apple_sapling":7,"minecraft:dandelion":5,"croptopia:sweetpotato_crop":2,"minecraft:smooth_sandstone":1,"minecraft:cornflower":1,"minecraft:short_grass":169,"croptopia:lemon_crop":7,"minecraft:tall_grass":8,"minecraft:copper_ore":54,"minecraft:deepslate_gold_ore":17,"minecraft:diorite":6,"croptopia:olive_crop":21,"croptopia:spinach_crop":5,"croptopia:walnut_crop":10,"croptopia:leek_crop":5,"minecraft:stripped_spruce_wood":6,"minecraft:birch_leaves":3,"minecraft:red_wall_banner":1,"croptopia:celery_crop":20,"croptopia:grapefruit_crop":2,"croptopia:radish_crop":12,"croptopia:blackberry_crop":4,"minecraft:gravel":307,"minecraft:dripstone_block":1,"croptopia:rutabaga_crop":9,"minecraft:cobweb":5,"minecraft:acacia_planks":1,"minecraft:stone_bricks":9,"minecraft:gold_ore":24,"minecraft:fern":9,"croptopia:bellpepper_crop":16,"croptopia:cantaloupe_crop":28,"minecraft:oak_sapling":1,"minecraft:farmland":6,"croptopia:greenbean_crop":5,"croptopia:strawberry_crop":22,"minecraft:cobblestone_stairs":1,"minecraft:sculk_vein":4,"minecraft:spruce_trapdoor":1,"minecraft:grass_block":602,"croptopia:pecan_sapling":2,"minecraft:raw_iron_block":4,"croptopia:cherry_crop":15,"minecraft:iron_ore":150,"croptopia:tea_crop":9,"croptopia:date_crop":3,"minecraft:pointed_dripstone":1,"minecraft:iron_bars":1,"minecraft:deepslate_redstone_ore":24,"croptopia:eggplant_crop":6,"minecraft:melon_stem":2,"minecraft:orange_terracotta":2,"minecraft:clay":3,"minecraft:light_gray_terracotta":1,"croptopia:cinnamon_log":7,"croptopia:garlic_crop":6,"minecraft:chest":4,"minecraft:cobblestone":19,"minecraft:oak_planks":9,"minecraft:wall_torch":23,"minecraft:deepslate_copper_ore":5,"minecraft:seagrass":3,"minecraft:stone_stairs":1,"croptopia:nectarine_crop":26,"minecraft:birch_log":16,"croptopia:chile_pepper_crop":15,"croptopia:apricot_crop":21,"croptopia:banana_sapling":1,"minecraft:oak_log":11,"minecraft:beetroots":23,"minecraft:acacia_fence":28,"minecraft:sand":120,"minecraft:dirt":308,"minecraft:tripwire_hook":4,"minecraft:magenta_wool":3,"minecraft:oak_leaves":37,"minecraft:tuff":8,"minecraft:dark_oak_leaves":64,"minecraft:deepslate_diamond_ore":16,"croptopia:kale_crop":3,"croptopia:onion_crop":10,"minecraft:decorated_pot":56,"travelersbackpack:white_sleeping_bag":10,"minecraft:birch_slab":4,"minecraft:spruce_leaves":15,"minecraft:large_fern":2,"croptopia:barley_crop":7,"minecraft:furnace":7,"minecraft:carrots":9,"croptopia:fig_crop":4,"croptopia:soybean_crop":4,"minecraft:acacia_stairs":1,"croptopia:blueberry_crop":15,"minecraft:peony":6,"minecraft:gold_block":1,"croptopia:squash_crop":26,"minecraft:bookshelf":11,"minecraft:deepslate_iron_ore":106,"croptopia:apricot_sapling":1,"minecraft:stripped_jungle_log":1,"minecraft:packed_ice":2,"minecraft:stone":214,"croptopia:walnut_sapling":2,"minecraft:red_wool":8,"minecraft:snow_block":23,"travelersbackpack:standard":1,"minecraft:oak_fence":3,"minecraft:crafting_table":4,"minecraft:rose_bush":5,"minecraft:lapis_ore":5,"croptopia:banana_crop":7,"minecraft:sculk":1,"minecraft:acacia_fence_gate":2,"croptopia:yam_crop":16,"croptopia:dragonfruit_crop":2,"croptopia:tomato_crop":22,"croptopia:hops_crop":6,"croptopia:turmeric_crop":6,"minecraft:coal_ore":646,"minecraft:cocoa":10,"croptopia:kiwi_crop":17,"minecraft:cracked_stone_bricks":3,"minecraft:terracotta":4,"minecraft:polished_andesite":4,"croptopia:grapefruit_sapling":1,"minecraft:mossy_stone_bricks":9},"minecraft:dropped":{"minecraft:iron_sword":2,"minecraft:glass_bottle":1,"minecraft:diamond":1,"croptopia:hops_seed":1,"minecraft:crafting_table":1,"minecraft:crossbow":1,"minecraft:dirt":140,"minecraft:dark_oak_fence":2,"croptopia:barley_seed":2,"croptopia:rutabaga_seed":2,"minecraft:iron_pickaxe":1,"minecraft:fishing_rod":1,"croptopia:soybean":1,"minecraft:bone":3,"minecraft:oak_door":2,"minecraft:cooked_chicken":5,"minecraft:birch_sapling":1,"croptopia:oat_seed":8,"minecraft:rotten_flesh":10,"croptopia:cinnamon_log":2,"croptopia:pizza":1,"croptopia:cantaloupe":1,"croptopia:onion_seed":4,"croptopia:barley":1,"minecraft:egg":2,"minecraft:wheat_seeds":18,"minecraft:dripstone_block":2,"minecraft:feather":4,"minecraft:apple":2,"minecraft:granite":1,"minecraft:coal":18,"minecraft:diamond_horse_armor":1,"croptopia:celery_seed":5,"croptopia:grape_seed":2,"minecraft:pumpkin":1,"croptopia:turmeric_seed":2,"minecraft:string":3,"minecraft:beetroot_soup":1,"croptopia:yam_seed":2,"minecraft:stone_sword":1,"croptopia:raspberry_seed":2,"minecraft:iron_boots":1,"croptopia:radish_seed":5,"minecraft:oak_sign":2,"minecraft:diamond_sword":1,"minecraft:potato":5,"minecraft:bow":2,"croptopia:lime":2,"croptopia:pineapple_seed":1,"minecraft:spruce_sign":1,"minecraft:moss_block":2,"minecraft:birch_planks":16,"croptopia:turmeric":1,"minecraft:baked_potato":28,"minecraft:ender_pearl":1,"minecraft:dark_oak_sapling":2,"minecraft:decorated_pot":5,"croptopia:chile_pepper_seed":3,"travelersbackpack:standard":2,"croptopia:tomato_seed":1,"croptopia:pineapple":2,"minecraft:snowball":16,"croptopia:cantaloupe_seed":6,"minecraft:gravel":7,"minecraft:pointed_dripstone":2,"croptopia:strawberry_seed":4,"croptopia:blueberry_seed":2,"minecraft:gunpowder":3,"minecraft:chest":2,"minecraft:bread":7,"croptopia:soybean_seed":1,"minecraft:tropical_fish":4,"minecraft:stick":3,"minecraft:torch":235,"minecraft:jungle_leaves":56,"croptopia:popcorn":4,"croptopia:oat":4,"minecraft:kelp":6,"travelersbackpack:diamond":5,"croptopia:cashew":2,"croptopia:bellpepper_seed":1,"minecraft:oak_boat":1,"croptopia:radish":1,"minecraft:calcite":1,"minecraft:brick":5},"minecraft:picked_up":{"minecraft:iron_chestplate":4,"croptopia:apricot_sapling":1,"minecraft:prismarine_shard":14,"croptopia:grape_seed":14,"croptopia:tomatillo_seed":37,"minecraft:diamond_sword":1,"croptopia:cabbage_seed":6,"croptopia:calamari":2,"minecraft:string":31,"minecraft:beetroot":21,"minecraft:gold_nugget":2,"minecraft:cobbled_deepslate":99,"minecraft:acacia_fence_gate":2,"croptopia:blueberry":17,"croptopia:mustard_seed":4,"minecraft:melon_slice":18,"croptopia:barley_seed":6,"minecraft:acacia_log":7,"croptopia:almond":23,"croptopia:vanilla":4,"croptopia:fig":4,"croptopia:cherry_sapling":9,"croptopia:persimmon":8,"minecraft:tropical_fish":4,"croptopia:raspberry_seed":5,"minecraft:armadillo_scute":21,"minecraft:white_terracotta":2,"croptopia:pecan":15,"minecraft:iron_bars":1,"minecraft:snowball":108,"croptopia:pecan_sapling":2,"minecraft:birch_log":16,"croptopia:lettuce_seed":3,"minecraft:feather":24,"minecraft:magma_block":2,"croptopia:apple_sapling":7,"minecraft:oxidized_copper":3,"minecraft:birch_slab":5,"minecraft:water_bucket":1,"minecraft:jungle_log":2,"minecraft:flint":29,"minecraft:stripped_spruce_wood":6,"croptopia:celery":20,"minecraft:lantern":1,"croptopia:eggplant":4,"croptopia:kiwi_seed":24,"croptopia:bellpepper":14,"minecraft:moss_block":3,"croptopia:roe":3,"minecraft:honeycomb":4,"croptopia:lime":6,"croptopia:plum":1,"croptopia:turmeric":5,"croptopia:celery_seed":35,"minecraft:ink_sac":16,"croptopia:eggplant_seed":8,"croptopia:oat":11,"minecraft:acacia_stairs":1,"minecraft:dark_oak_log":11,"croptopia:spinach_seed":6,"croptopia:chile_pepper":15,"croptopia:cherry":15,"minecraft:polished_andesite":4,"minecraft:lever":1,"croptopia:radish_seed":14,"minecraft:dead_brain_coral_block":1,"croptopia:leek_seed":6,"minecraft:granite":13,"minecraft:acacia_chest_boat":6,"minecraft:bread":30,"minecraft:dark_oak_fence":2,"croptopia:grapefruit_sapling":1,"minecraft:crafting_table":4,"minecraft:clay_ball":12,"croptopia:onion":7,"minecraft:dead_horn_coral_block":1,"minecraft:cornflower":4,"minecraft:iron_shovel":1,"croptopia:soybean":4,"minecraft:cracked_stone_bricks":4,"minecraft:beef":11,"croptopia:pepper_seed":69,"minecraft:jungle_sapling":8,"croptopia:coconut":12,"minecraft:poppy":4,"minecraft:spruce_slab":1,"minecraft:chest":7,"minecraft:birch_sapling":1,"minecraft:piston":1,"minecraft:egg":476,"croptopia:corn_seed":36,"minecraft:oak_door":2,"minecraft:spruce_fence":2,"ring_of_repair:ring_of_repair":1,"minecraft:carrot":37,"minecraft:redstone":102,"croptopia:banana":7,"minecraft:prismarine_crystals":10,"minecraft:stone_shovel":2,"minecraft:decorated_pot":29,"croptopia:strawberry_seed":31,"minecraft:beetroot_seeds":57,"minecraft:peony":15,"minecraft:hay_block":1,"croptopia:rhubarb":5,"minecraft:yellow_terracotta":7,"minecraft:gold_ingot":12,"croptopia:pepper":40,"minecraft:mutton":12,"minecraft:bone_block":3,"minecraft:white_wool":10,"minecraft:oxeye_daisy":7,"minecraft:tripwire_hook":3,"minecraft:oak_log":13,"croptopia:leek":5,"croptopia:rice_seed":9,"croptopia:olive":24,"minecraft:apple":24,"croptopia:barley":6,"minecraft:stone_bricks":10,"minecraft:kelp":8,"croptopia:squash":21,"minecraft:stone_pickaxe":3,"croptopia:tomato":21,"minecraft:iron_sword":4,"croptopia:honeydew":2,"croptopia:peanut_seed":4,"croptopia:peanut":2,"minecraft:sweet_berries":10,"minecraft:red_wool":6,"minecraft:gravel":220,"croptopia:dragonfruit_sapling":1,"minecraft:birch_stairs":25,"croptopia:rutabaga_seed":13,"minecraft:spruce_sapling":2,"croptopia:tea_seed":14,"croptopia:turnip":2,"minecraft:sea_lantern":3,"minecraft:leather_helmet":1,"travelersbackpack:standard":7,"minecraft:stone_axe":1,"croptopia:orange":27,"minecraft:painting":2,"croptopia:grapefruit":2,"minecraft:baked_potato":21,"minecraft:melon_seeds":3,"minecraft:ender_pearl":1,"minecraft:wheat":84,"croptopia:zucchini":3,"croptopia:kale":2,"croptopia:cinnamon_log":7,"croptopia:broccoli":2,"minecraft:potion":5,"croptopia:lettuce":2,"minecraft:dead_tube_coral_block":1,"croptopia:cantaloupe":25,"minecraft:raw_copper":250,"travelersbackpack:diamond":25,"minecraft:iron_leggings":5,"minecraft:oak_sign":2,"minecraft:sea_pickle":9,"minecraft:red_sand":71,"minecraft:bucket":2,"minecraft:rose_bush":5,"minecraft:calcite":2,"minecraft:iron_pickaxe":8,"minecraft:iron_boots":4,"minecraft:furnace":8,"minecraft:tipped_arrow":5,"minecraft:stick":50,"minecraft:acacia_fence":27,"minecraft:oak_fence":3,"croptopia:rutabaga":6,"minecraft:torch":193,"croptopia:blackberry_seed":6,"croptopia:honeydew_seed":3,"minecraft:spruce_stairs":1,"minecraft:porkchop":10,"croptopia:olive_seed":29,"croptopia:ginger_seed":12,"minecraft:diorite":6,"minecraft:pointed_dripstone":2,"croptopia:date":3,"minecraft:cactus":4,"minecraft:rotten_flesh":107,"croptopia:squash_seed":37,"minecraft:green_wool":2,"croptopia:vanilla_seeds":7,"croptopia:garlic_seed":6,"croptopia:cabbage":4,"minecraft:cobblestone":317,"croptopia:cauliflower":5,"minecraft:lilac":3,"croptopia:radish":9,"croptopia:almond_sapling":1,"croptopia:broccoli_seed":3,"croptopia:nectarine":26,"minecraft:andesite":21,"minecraft:potato":39,"croptopia:mango":8,"croptopia:spinach":4,"minecraft:tuff":8,"minecraft:prismarine_bricks":7,"croptopia:walnut":10,"croptopia:blueberry_seed":20,"minecraft:lapis_lazuli":65,"minecraft:dirt":1021,"minecraft:mangrove_fence":1,"minecraft:bone":147,"croptopia:corn":23,"minecraft:acacia_planks":92,"croptopia:sweetpotato":2,"minecraft:bow":5,"minecraft:wheat_seeds":292,"minecraft:raw_gold":41,"croptopia:nutmeg":4,"minecraft:mossy_stone_bricks":8,"croptopia:popcorn":3,"croptopia:kale_seed":4,"minecraft:prismarine":24,"minecraft:oak_planks":9,"croptopia:yam":17,"croptopia:chile_pepper_seed":24,"croptopia:dragonfruit":2,"minecraft:cooked_porkchop":26,"croptopia:rice":5,"croptopia:mustard":3,"croptopia:ginger":6,"croptopia:blackberry":4,"minecraft:sand":120,"minecraft:lily_of_the_valley":4,"croptopia:nutmeg_sapling":2,"minecraft:mossy_cobblestone":6,"minecraft:dark_prismarine":10,"minecraft:jungle_leaves":56,"minecraft:light_gray_terracotta":1,"croptopia:hops_seed":5,"minecraft:diamond":16,"croptopia:pineapple_seed":12,"minecraft:crossbow":1,"minecraft:bone_meal":3,"croptopia:onion_seed":15,"minecraft:golden_apple":1,"minecraft:spruce_sign":12,"minecraft:emerald":10,"minecraft:oak_sapling":43,"croptopia:cashew":18,"croptopia:zucchini_seed":6,"minecraft:andesite_slab":1,"minecraft:fishing_rod":2,"croptopia:walnut_sapling":2,"minecraft:cocoa_beans":33,"croptopia:nectarine_sapling":1,"minecraft:chicken":24,"minecraft:ladder":2,"croptopia:peach":5,"minecraft:brown_mushroom":2,"croptopia:sweetpotato_seed":3,"minecraft:gold_block":3,"minecraft:diamond_horse_armor":3,"croptopia:orange_sapling":2,"minecraft:brick":25,"minecraft:shield":4,"minecraft:stone_stairs":1,"minecraft:iron_axe":1,"croptopia:bellpepper_seed":20,"minecraft:magenta_wool":3,"croptopia:pear":27,"croptopia:tomatillo":22,"croptopia:tomato_seed":34,"minecraft:oak_boat":6,"minecraft:sugar_cane":127,"minecraft:spruce_trapdoor":1,"minecraft:phantom_membrane":1,"minecraft:dark_oak_sapling":8,"minecraft:raw_iron":256,"croptopia:soybean_seed":5,"croptopia:greenbean_seed":6,"minecraft:copper_ingot":3,"croptopia:rhubarb_seed":10,"minecraft:polished_blackstone_bricks":1,"minecraft:cookie":7,"croptopia:strawberry":21,"croptopia:yam_seed":26,"minecraft:dark_oak_planks":3,"croptopia:grape":9,"croptopia:cantaloupe_seed":37,"minecraft:arrow":100,"croptopia:banana_sapling":1,"minecraft:ward_armor_trim_smithing_template":1,"minecraft:saddle":1,"minecraft:salmon":11,"minecraft:leather":7,"minecraft:birch_planks":16,"minecraft:wolf_armor":1,"croptopia:tea_leaves":9,"croptopia:pear_sapling":1,"ring_of_teleport:ring_of_teleport":1,"minecraft:gunpowder":12,"minecraft:cobblestone_stairs":1,"minecraft:orange_terracotta":2,"minecraft:cooked_mutton":4,"croptopia:garlic":3,"minecraft:smooth_sandstone":1,"minecraft:red_carpet":1,"minecraft:iron_ingot":5,"croptopia:pineapple":7,"croptopia:raspberry":4,"minecraft:cooked_chicken":6,"croptopia:turnip_seed":3,"croptopia:kiwi":16,"minecraft:acacia_sapling":7,"minecraft:book":33,"croptopia:cauliflower_seed":7,"minecraft:emerald_block":1,"croptopia:apricot":23,"minecraft:pumpkin":15,"croptopia:starfruit":3,"minecraft:brush":3,"minecraft:stone_brick_slab":2,"minecraft:dandelion":18,"minecraft:raw_iron_block":4,"minecraft:dripstone_block":2,"croptopia:hops":3,"croptopia:turmeric_seed":8,"minecraft:red_banner":2,"minecraft:white_bed":5,"minecraft:spider_eye":7,"minecraft:stripped_jungle_log":1,"croptopia:lemon":6,"minecraft:pumpkin_seeds":5,"croptopia:oat_seed":14,"minecraft:iron_helmet":4,"travelersbackpack:pumpkin":1,"croptopia:greenbean":4,"minecraft:terracotta":6,"minecraft:coal":731},"minecraft:killed_by":{"minecraft:vindicator":2,"minecraft:zombie":2,"minecraft:warden":2,"minecraft:drowned":1},"minecraft:crafted":{"croptopia:olive_oil":1,"minecraft:wolf_armor":3,"minecraft:birch_slab":120,"croptopia:toast":23,"minecraft:cooked_mutton":17,"minecraft:glass":49,"croptopia:cashew_sapling":1,"travelersbackpack:green_sleeping_bag":1,"croptopia:mango_sapling":1,"minecraft:acacia_fence":99,"croptopia:salt":27,"croptopia:walnut_sapling":1,"minecraft:glass_bottle":30,"minecraft:wooden_shovel":1,"minecraft:emerald":2,"minecraft:cooked_porkchop":9,"travelersbackpack:standard":3,"minecraft:copper_ingot":3,"croptopia:ginger_seed":1,"croptopia:cherry_sapling":2,"minecraft:iron_pickaxe":4,"minecraft:acacia_chest_boat":2,"croptopia:knife":1,"minecraft:birch_stairs":48,"croptopia:cooking_pot":1,"minecraft:acacia_fence_gate":4,"croptopia:cherry_jam":10,"croptopia:bacon":4,"travelersbackpack:white_sleeping_bag":1,"croptopia:almond_sapling":1,"croptopia:nutmeg_sapling":1,"minecraft:dark_oak_planks":44,"croptopia:frying_pan":1,"croptopia:food_press":1,"croptopia:starfruit_sapling":1,"croptopia:water_bottle":32,"croptopia:coconut_sapling":1,"minecraft:iron_shovel":2,"minecraft:iron_leggings":2,"croptopia:olive_seed":1,"minecraft:oak_planks":228,"minecraft:cooked_chicken":28,"croptopia:apricot_sapling":1,"croptopia:apple_juice":10,"croptopia:popcorn":6,"minecraft:hopper":1,"minecraft:bow":2,"minecraft:iron_boots":3,"croptopia:flour":12,"minecraft:chest":21,"croptopia:persimmon_sapling":1,"minecraft:crafting_table":4,"minecraft:baked_potato":9,"croptopia:date_sapling":1,"minecraft:iron_helmet":3,"minecraft:birch_planks":168,"minecraft:iron_chestplate":2,"croptopia:molasses":4,"minecraft:shield":1,"minecraft:stick":436,"minecraft:iron_ingot":110,"minecraft:stone_sword":2,"travelersbackpack:magenta_sleeping_bag":1,"minecraft:beetroot_soup":2,"croptopia:pear_sapling":1,"minecraft:shears":1,"minecraft:wooden_sword":1,"croptopia:apple_sapling":4,"croptopia:pizza":2,"minecraft:furnace":3,"minecraft:piston":2,"croptopia:dragonfruit_sapling":1,"minecraft:iron_axe":1,"minecraft:iron_hoe":1,"croptopia:fig_sapling":1,"croptopia:dough":5,"minecraft:cooked_beef":17,"minecraft:sugar":101,"minecraft:cooked_cod":3,"croptopia:orange_sapling":2,"croptopia:pecan_sapling":1,"travelersbackpack:backpack_tank":6,"minecraft:iron_sword":1,"minecraft:bowl":8,"croptopia:mortar_and_pestle":1,"minecraft:bucket":6,"minecraft:stone_axe":1,"minecraft:acacia_boat":2,"minecraft:air":0,"minecraft:jungle_planks":4,"croptopia:banana_sapling":1,"minecraft:oak_boat":1,"croptopia:grapefruit_sapling":1,"croptopia:cheese":7,"minecraft:acacia_planks":172,"minecraft:torch":948,"croptopia:lime_sapling":1,"croptopia:nectarine_sapling":2}},"DataVersion":3839}