{"stats":{"minecraft:custom":{"minecraft:animals_bred":10,"minecraft:interact_with_crafting_table":73,"minecraft:open_barrel":59,"goblintraders:trade_with_goblin":36,"minecraft:leave_game":4,"minecraft:time_since_death":287667,"minecraft:sprint_one_cm":889161,"minecraft:damage_blocked_by_shield":1469,"minecraft:drop":38,"minecraft:talked_to_villager":1,"minecraft:play_time":811440,"minecraft:deaths":5,"minecraft:jump":8460,"minecraft:walk_on_water_one_cm":174164,"minecraft:interact_with_furnace":63,"minecraft:sleep_in_bed":11,"minecraft:waystone_activated":6,"minecraft:damage_dealt":15385,"minecraft:crouch_one_cm":40622,"minecraft:horse_one_cm":2255,"minecraft:mob_kills":75,"minecraft:climb_one_cm":9734,"minecraft:walk_one_cm":3590801,"minecraft:sneak_time":13553,"minecraft:walk_under_water_one_cm":76117,"minecraft:boat_one_cm":544584,"minecraft:interact_with_lectern":1,"minecraft:total_world_time":811440,"minecraft:time_since_rest":17931,"minecraft:damage_taken":4543,"minecraft:damage_absorbed":39,"minecraft:swim_one_cm":146136,"minecraft:fly_one_cm":242230,"minecraft:open_chest":367,"minecraft:fall_one_cm":100028},"minecraft:killed_by":{"minecraft:vindicator":2,"minecraft:zombie":1,"minecraft:warden":2},"minecraft:crafted":{"minecraft:oak_planks":136,"minecraft:birch_slab":120,"minecraft:wolf_armor":3,"minecraft:cooked_chicken":6,"minecraft:cooked_mutton":9,"minecraft:bow":1,"minecraft:iron_boots":2,"minecraft:chest":10,"minecraft:acacia_fence":99,"minecraft:emerald":2,"minecraft:crafting_table":2,"minecraft:iron_helmet":2,"minecraft:copper_ingot":3,"minecraft:birch_planks":132,"croptopia:cherry_sapling":2,"minecraft:iron_chestplate":2,"minecraft:stick":332,"minecraft:iron_ingot":110,"minecraft:iron_pickaxe":3,"minecraft:acacia_chest_boat":2,"minecraft:stone_sword":2,"minecraft:birch_stairs":48,"croptopia:pear_sapling":1,"croptopia:apple_sapling":4,"minecraft:furnace":2,"minecraft:acacia_fence_gate":4,"minecraft:iron_hoe":1,"minecraft:cooked_beef":7,"minecraft:cooked_cod":3,"croptopia:orange_sapling":2,"minecraft:iron_sword":1,"minecraft:stone_axe":1,"minecraft:acacia_boat":2,"minecraft:air":0,"minecraft:iron_shovel":2,"minecraft:iron_leggings":1,"minecraft:acacia_planks":172,"minecraft:torch":504,"croptopia:lime_sapling":1,"croptopia:nectarine_sapling":2},"minecraft:picked_up":{"minecraft:iron_chestplate":3,"minecraft:prismarine_shard":14,"croptopia:grape_seed":3,"croptopia:tomatillo_seed":8,"croptopia:cabbage_seed":1,"croptopia:lettuce":1,"minecraft:raw_copper":248,"minecraft:string":12,"minecraft:dead_tube_coral_block":1,"croptopia:cantaloupe":4,"travelersbackpack:diamond":6,"minecraft:iron_leggings":4,"minecraft:sea_pickle":9,"minecraft:red_sand":71,"minecraft:cobbled_deepslate":98,"minecraft:bucket":2,"minecraft:acacia_fence_gate":2,"minecraft:rose_bush":5,"minecraft:iron_pickaxe":7,"croptopia:blueberry":5,"minecraft:melon_slice":10,"minecraft:iron_boots":3,"minecraft:furnace":3,"minecraft:stick":45,"minecraft:acacia_fence":27,"minecraft:oak_fence":1,"minecraft:acacia_log":7,"minecraft:torch":147,"croptopia:blackberry_seed":1,"minecraft:spruce_stairs":1,"croptopia:olive_seed":2,"croptopia:ginger_seed":3,"minecraft:diorite":6,"croptopia:cherry_sapling":8,"minecraft:cactus":4,"minecraft:rotten_flesh":37,"croptopia:squash_seed":4,"croptopia:raspberry_seed":1,"minecraft:armadillo_scute":21,"minecraft:white_terracotta":2,"croptopia:cabbage":1,"minecraft:cobblestone":277,"minecraft:birch_log":7,"croptopia:lettuce_seed":1,"minecraft:lilac":3,"minecraft:magma_block":2,"croptopia:apple_sapling":5,"croptopia:radish":1,"minecraft:feather":4,"minecraft:birch_slab":5,"minecraft:water_bucket":1,"croptopia:nectarine":6,"minecraft:andesite":19,"croptopia:spinach":1,"minecraft:flint":2,"minecraft:tuff":5,"minecraft:prismarine_bricks":7,"minecraft:lantern":1,"croptopia:blueberry_seed":4,"croptopia:celery":2,"minecraft:lapis_lazuli":65,"minecraft:dirt":571,"croptopia:kiwi_seed":5,"minecraft:mangrove_fence":1,"minecraft:bone":94,"croptopia:corn":6,"minecraft:acacia_planks":92,"minecraft:bow":2,"minecraft:wheat_seeds":48,"minecraft:raw_gold":41,"croptopia:bellpepper":2,"croptopia:lime":3,"minecraft:prismarine":24,"minecraft:oak_planks":9,"minecraft:cooked_porkchop":25,"croptopia:plum":1,"croptopia:ginger":1,"croptopia:blackberry":1,"croptopia:celery_seed":3,"minecraft:sand":70,"minecraft:ink_sac":10,"minecraft:lily_of_the_valley":4,"minecraft:acacia_stairs":1,"croptopia:spinach_seed":1,"minecraft:dark_prismarine":10,"croptopia:cherry":7,"minecraft:light_gray_terracotta":1,"minecraft:diamond":16,"croptopia:radish_seed":3,"croptopia:leek_seed":3,"minecraft:dead_brain_coral_block":1,"minecraft:granite":12,"minecraft:bone_meal":1,"minecraft:golden_apple":1,"minecraft:spruce_sign":12,"minecraft:acacia_chest_boat":6,"minecraft:bread":30,"minecraft:oak_sapling":10,"minecraft:dark_oak_fence":2,"minecraft:andesite_slab":1,"minecraft:fishing_rod":2,"minecraft:crafting_table":1,"croptopia:nectarine_sapling":1,"minecraft:chicken":1,"minecraft:ladder":1,"minecraft:gold_block":3,"minecraft:diamond_horse_armor":3,"croptopia:orange_sapling":2,"minecraft:dead_horn_coral_block":1,"minecraft:shield":3,"minecraft:cornflower":3,"croptopia:bellpepper_seed":2,"croptopia:pear":13,"croptopia:tomatillo":4,"croptopia:tomato_seed":2,"croptopia:pepper_seed":6,"minecraft:poppy":2,"minecraft:spruce_slab":1,"minecraft:sugar_cane":35,"minecraft:chest":2,"minecraft:piston":1,"minecraft:spruce_trapdoor":1,"minecraft:phantom_membrane":1,"minecraft:egg":37,"minecraft:raw_iron":244,"croptopia:corn_seed":9,"minecraft:polished_blackstone_bricks":1,"minecraft:redstone":102,"croptopia:strawberry":4,"minecraft:prismarine_crystals":10,"croptopia:grape":2,"croptopia:cantaloupe_seed":5,"minecraft:arrow":48,"croptopia:strawberry_seed":6,"minecraft:beetroot_seeds":3,"minecraft:peony":15,"minecraft:yellow_terracotta":7,"minecraft:saddle":1,"minecraft:ward_armor_trim_smithing_template":1,"minecraft:gold_ingot":12,"croptopia:pepper":2,"minecraft:mutton":3,"minecraft:white_wool":1,"minecraft:bone_block":3,"minecraft:oxeye_daisy":2,"minecraft:salmon":10,"croptopia:pear_sapling":1,"croptopia:tea_leaves":1,"minecraft:oak_log":5,"croptopia:leek":3,"minecraft:gunpowder":5,"minecraft:orange_terracotta":2,"minecraft:cooked_mutton":4,"croptopia:olive":8,"minecraft:smooth_sandstone":1,"minecraft:red_carpet":1,"minecraft:apple":1,"croptopia:squash":1,"minecraft:stone_pickaxe":3,"minecraft:iron_ingot":3,"croptopia:raspberry":1,"minecraft:cooked_chicken":4,"croptopia:tomato":2,"minecraft:acacia_sapling":7,"croptopia:kiwi":2,"minecraft:iron_sword":2,"minecraft:book":33,"minecraft:pumpkin":6,"croptopia:apricot":12,"minecraft:brush":3,"minecraft:red_wool":6,"minecraft:dandelion":12,"minecraft:raw_iron_block":4,"minecraft:gravel":28,"minecraft:birch_stairs":25,"croptopia:rutabaga_seed":3,"minecraft:red_banner":2,"croptopia:tea_seed":2,"minecraft:white_bed":5,"minecraft:sea_lantern":3,"minecraft:spider_eye":4,"minecraft:leather_helmet":1,"travelersbackpack:standard":3,"minecraft:pumpkin_seeds":2,"croptopia:lemon":4,"minecraft:stone_axe":1,"minecraft:iron_helmet":3,"croptopia:orange":12,"minecraft:terracotta":6,"minecraft:melon_seeds":3,"minecraft:coal":431},"minecraft:broken":{"minecraft:iron_shovel":1,"minecraft:stone_pickaxe":2,"minecraft:iron_sword":1,"minecraft:bow":1,"minecraft:leather_helmet":1,"minecraft:golden_hoe":1,"minecraft:stone_sword":1,"minecraft:brush":3,"minecraft:iron_pickaxe":3},"minecraft:killed":{"minecraft:cave_spider":1,"minecraft:spider":14,"minecraft:skeleton":21,"minecraft:creeper":2,"minecraft:pillager":3,"minecraft:zombie":26,"minecraft:phantom":2,"minecraft:drowned":4},"minecraft:mined":{"croptopia:bellpepper_crop":2,"croptopia:cantaloupe_crop":4,"croptopia:pepper_crop":4,"minecraft:white_bed":4,"minecraft:farmland":6,"croptopia:grape_crop":2,"croptopia:strawberry_crop":4,"minecraft:sculk_vein":4,"minecraft:red_sand":77,"minecraft:granite":12,"croptopia:lime_crop":3,"minecraft:acacia_log":6,"minecraft:grass_block":432,"croptopia:cherry_sapling":8,"minecraft:oxeye_daisy":1,"minecraft:spawner":2,"minecraft:tall_seagrass":1,"minecraft:raw_iron_block":4,"croptopia:cherry_crop":7,"croptopia:tea_crop":1,"minecraft:iron_ore":138,"minecraft:cobbled_deepslate":5,"minecraft:pumpkin":5,"minecraft:deepslate_lapis_ore":4,"croptopia:apple_crop":1,"croptopia:pear_sapling":1,"minecraft:deepslate_redstone_ore":24,"minecraft:melon_stem":2,"minecraft:orange_terracotta":2,"minecraft:torch":27,"minecraft:light_gray_terracotta":1,"minecraft:melon":2,"minecraft:dead_bush":9,"croptopia:raspberry_crop":1,"minecraft:cobblestone":14,"minecraft:sugar_cane":23,"minecraft:oak_planks":9,"minecraft:wall_torch":14,"minecraft:deepslate_copper_ore":5,"travelersbackpack:diamond":2,"minecraft:seagrass":3,"minecraft:white_terracotta":2,"croptopia:nectarine_crop":6,"minecraft:birch_log":7,"croptopia:tomatillo_crop":4,"croptopia:pear_crop":13,"minecraft:pumpkin_stem":3,"croptopia:apricot_crop":10,"minecraft:oak_log":5,"minecraft:acacia_fence":28,"minecraft:sand":68,"minecraft:dirt":121,"croptopia:nectarine_sapling":1,"minecraft:oak_leaves":13,"minecraft:deepslate":45,"croptopia:cabbage_crop":1,"minecraft:yellow_terracotta":7,"minecraft:tuff":5,"croptopia:orange_crop":12,"minecraft:deepslate_diamond_ore":16,"minecraft:dark_oak_fence":2,"minecraft:birch_slab":4,"minecraft:redstone_ore":5,"croptopia:ginger_crop":1,"minecraft:furnace":2,"croptopia:corn_crop":6,"minecraft:acacia_stairs":1,"croptopia:blueberry_crop":3,"minecraft:andesite":7,"minecraft:peony":6,"minecraft:gold_block":1,"minecraft:bookshelf":11,"croptopia:squash_crop":4,"minecraft:deepslate_iron_ore":106,"croptopia:orange_sapling":2,"minecraft:stone":181,"minecraft:brain_coral":1,"minecraft:birch_stairs":25,"minecraft:red_wool":8,"croptopia:lettuce_crop":1,"croptopia:apple_sapling":5,"minecraft:dandelion":3,"travelersbackpack:standard":1,"minecraft:oak_fence":1,"minecraft:smooth_sandstone":1,"minecraft:crafting_table":1,"minecraft:cornflower":1,"minecraft:short_grass":108,"minecraft:rose_bush":5,"croptopia:lemon_crop":4,"minecraft:tall_grass":6,"minecraft:copper_ore":53,"minecraft:lapis_ore":5,"minecraft:deepslate_gold_ore":17,"minecraft:sculk":1,"minecraft:diorite":6,"croptopia:olive_crop":2,"croptopia:spinach_crop":1,"croptopia:leek_crop":1,"minecraft:acacia_fence_gate":2,"minecraft:birch_leaves":2,"croptopia:tomato_crop":2,"minecraft:red_wall_banner":1,"minecraft:coal_ore":397,"croptopia:celery_crop":2,"croptopia:blackberry_crop":1,"croptopia:kiwi_crop":3,"croptopia:radish_crop":2,"minecraft:gravel":20,"croptopia:rutabaga_crop":1,"minecraft:terracotta":4,"minecraft:acacia_planks":1,"minecraft:gold_ore":24},"minecraft:used":{"minecraft:peony":15,"croptopia:leek":1,"croptopia:blueberry_seed":4,"minecraft:red_sand":22,"minecraft:iron_shovel":442,"minecraft:poppy":1,"minecraft:chest":10,"minecraft:shield":44,"minecraft:white_terracotta":2,"minecraft:iron_sword":368,"travelersbackpack:diamond":3,"minecraft:rotten_flesh":23,"croptopia:cabbage_seed":1,"minecraft:lily_of_the_valley":4,"minecraft:tuff":3,"croptopia:radish_seed":3,"croptopia:rutabaga_seed":3,"croptopia:spinach_seed":1,"croptopia:pepper_seed":6,"croptopia:blackberry_seed":1,"minecraft:bow":11,"minecraft:furnace":7,"minecraft:cooked_cod":3,"minecraft:beetroot_seeds":10,"minecraft:acacia_fence":126,"minecraft:potato":8,"croptopia:pear":10,"minecraft:diorite":4,"croptopia:tomatillo_seed":7,"croptopia:lettuce_seed":1,"croptopia:kiwi_seed":6,"minecraft:stone_pickaxe":166,"minecraft:oak_planks":22,"minecraft:cactus":4,"croptopia:nectarine_sapling":3,"minecraft:sugar_cane":46,"minecraft:golden_apple":1,"minecraft:golden_hoe":35,"minecraft:sand":68,"minecraft:yellow_terracotta":7,"croptopia:ginger_seed":1,"croptopia:olive_seed":3,"minecraft:light_gray_terracotta":1,"minecraft:pumpkin_seeds":12,"croptopia:orange":1,"croptopia:nectarine":1,"minecraft:birch_slab":125,"minecraft:bread":15,"croptopia:hops_seed":2,"minecraft:gravel":19,"croptopia:lime_sapling":1,"croptopia:leek_seed":1,"croptopia:cantaloupe":2,"minecraft:rose_bush":5,"minecraft:stone_sword":136,"croptopia:bellpepper_seed":2,"croptopia:cantaloupe_seed":6,"minecraft:cooked_chicken":10,"minecraft:torch":459,"minecraft:dirt":728,"croptopia:strawberry_seed":6,"minecraft:granite":2,"minecraft:iron_hoe":122,"croptopia:grape_seed":3,"croptopia:yam_seed":2,"minecraft:melon_seeds":5,"croptopia:squash":1,"minecraft:cooked_beef":7,"minecraft:acacia_planks":1,"minecraft:cobbled_deepslate":37,"croptopia:cherry_sapling":10,"minecraft:orange_terracotta":2,"croptopia:raspberry_seed":1,"minecraft:wheat_seeds":15,"minecraft:cooked_mutton":5,"minecraft:water_bucket":19,"croptopia:lemon":4,"minecraft:birch_planks":1,"minecraft:baked_potato":2,"croptopia:apricot":1,"croptopia:tea_seed":2,"croptopia:corn_seed":9,"minecraft:terracotta":6,"minecraft:crafting_table":4,"croptopia:apple_sapling":9,"minecraft:white_bed":2,"croptopia:celery_seed":7,"minecraft:oak_log":1,"croptopia:squash_seed":6,"minecraft:cornflower":3,"minecraft:apple":13,"minecraft:oxeye_daisy":2,"minecraft:iron_pickaxe":966,"croptopia:tomato_seed":1,"croptopia:orange_sapling":4,"minecraft:acacia_chest_boat":7,"minecraft:acacia_fence_gate":6,"minecraft:stone_axe":80,"croptopia:kiwi":2,"minecraft:cobblestone":185,"travelersbackpack:standard":3,"minecraft:cooked_porkchop":7,"minecraft:bucket":19,"minecraft:brush":5,"croptopia:pear_sapling":2,"minecraft:dandelion":12,"minecraft:birch_stairs":73},"minecraft:dropped":{"minecraft:spruce_sign":1,"minecraft:diamond":1,"minecraft:crafting_table":1,"travelersbackpack:standard":1,"minecraft:dirt":9,"minecraft:dark_oak_fence":2,"minecraft:iron_pickaxe":1,"minecraft:fishing_rod":1,"minecraft:gravel":6,"minecraft:rotten_flesh":2,"minecraft:egg":1,"minecraft:bread":7,"minecraft:wheat_seeds":3,"minecraft:feather":4,"minecraft:apple":2,"minecraft:granite":1,"minecraft:stick":3,"minecraft:diamond_horse_armor":1,"minecraft:torch":95,"minecraft:pumpkin":1,"minecraft:string":3,"travelersbackpack:diamond":3,"minecraft:stone_sword":1}},"DataVersion":3839}