{"stats":{"minecraft:killed":{"minecraft:cave_spider":1,"minecraft:spider":6,"minecraft:creeper":1,"minecraft:skeleton":7,"minecraft:zombie":3},"minecraft:dropped":{"minecraft:bread":7,"minecraft:stone_sword":1,"minecraft:rotten_flesh":2,"minecraft:apple":2,"minecraft:stick":3},"minecraft:killed_by":{"minecraft:vindicator":1},"minecraft:used":{"minecraft:stone_sword":116,"minecraft:stone_pickaxe":166,"minecraft:oak_planks":20,"minecraft:shield":6,"minecraft:rotten_flesh":2,"minecraft:torch":128,"minecraft:dirt":15,"croptopia:orange":1,"minecraft:oak_log":1,"croptopia:nectarine":1,"minecraft:apple":4,"minecraft:bread":10,"minecraft:iron_pickaxe":317,"minecraft:cobblestone":42,"minecraft:furnace":2,"minecraft:cooked_cod":3,"minecraft:cooked_beef":1},"minecraft:custom":{"minecraft:interact_with_furnace":14,"minecraft:mob_kills":18,"minecraft:interact_with_crafting_table":7,"minecraft:open_barrel":9,"goblintraders:trade_with_goblin":2,"minecraft:time_since_death":120160,"minecraft:sleep_in_bed":2,"minecraft:climb_one_cm":2461,"minecraft:time_since_rest":83114,"minecraft:waystone_activated":2,"minecraft:sprint_one_cm":151410,"minecraft:damage_taken":1192,"minecraft:walk_one_cm":645787,"minecraft:damage_blocked_by_shield":155,"minecraft:drop":14,"minecraft:damage_dealt":3580,"minecraft:swim_one_cm":16667,"minecraft:fly_one_cm":42390,"minecraft:talked_to_villager":1,"minecraft:open_chest":24,"minecraft:play_time":151222,"minecraft:crouch_one_cm":743,"minecraft:deaths":1,"minecraft:sneak_time":377,"minecraft:walk_under_water_one_cm":8075,"minecraft:boat_one_cm":31840,"minecraft:jump":1850,"minecraft:walk_on_water_one_cm":22718,"minecraft:total_world_time":151222,"minecraft:fall_one_cm":21719},"minecraft:picked_up":{"minecraft:iron_chestplate":1,"minecraft:magma_block":2,"croptopia:nectarine":5,"minecraft:prismarine_shard":14,"croptopia:grape_seed":1,"minecraft:andesite":13,"minecraft:salmon":10,"croptopia:tomatillo_seed":2,"minecraft:gold_block":2,"minecraft:oak_log":5,"minecraft:prismarine_bricks":7,"minecraft:dead_horn_coral_block":1,"minecraft:shield":1,"minecraft:gunpowder":1,"croptopia:celery":1,"minecraft:lapis_lazuli":30,"minecraft:string":5,"minecraft:dirt":16,"minecraft:dead_tube_coral_block":1,"minecraft:raw_copper":4,"minecraft:iron_leggings":1,"minecraft:red_carpet":1,"minecraft:mangrove_fence":1,"minecraft:bone":7,"croptopia:pear":10,"minecraft:sea_pickle":9,"minecraft:bow":1,"minecraft:cobbled_deepslate":1,"minecraft:raw_gold":2,"croptopia:tomatillo":1,"minecraft:stone_pickaxe":3,"minecraft:oak_planks":2,"minecraft:iron_pickaxe":1,"minecraft:prismarine":24,"minecraft:furnace":1,"croptopia:lime":3,"minecraft:piston":1,"minecraft:iron_boots":1,"minecraft:egg":2,"minecraft:raw_iron":64,"minecraft:stick":18,"minecraft:oak_fence":1,"minecraft:torch":7,"minecraft:red_wool":6,"croptopia:blackberry_seed":1,"croptopia:blackberry":1,"croptopia:celery_seed":2,"minecraft:sand":2,"minecraft:red_banner":2,"minecraft:ink_sac":10,"minecraft:diorite":1,"minecraft:acacia_stairs":1,"minecraft:redstone":23,"minecraft:prismarine_crystals":10,"minecraft:sea_lantern":3,"minecraft:spider_eye":3,"minecraft:leather_helmet":1,"minecraft:dark_prismarine":10,"croptopia:grape":1,"croptopia:cherry":7,"minecraft:arrow":5,"minecraft:cactus":4,"minecraft:rotten_flesh":4,"minecraft:dead_brain_coral_block":1,"minecraft:iron_helmet":1,"croptopia:orange":9,"minecraft:granite":9,"minecraft:gold_ingot":12,"minecraft:bread":1,"minecraft:oak_sapling":3,"minecraft:coal":281,"minecraft:bone_block":3,"minecraft:cobblestone":120},"minecraft:broken":{"minecraft:stone_pickaxe":2,"minecraft:leather_helmet":1,"minecraft:iron_pickaxe":1},"minecraft:mined":{"croptopia:orange_crop":9,"minecraft:red_wool":8,"croptopia:grape_crop":1,"minecraft:oak_fence":1,"minecraft:granite":9,"minecraft:short_grass":4,"croptopia:lime_crop":3,"minecraft:grass_block":14,"minecraft:dead_bush":6,"minecraft:cobblestone":3,"minecraft:copper_ore":1,"minecraft:deepslate_gold_ore":2,"minecraft:lapis_ore":3,"minecraft:oak_planks":2,"minecraft:wall_torch":3,"minecraft:diorite":1,"croptopia:nectarine_crop":5,"minecraft:redstone_ore":5,"croptopia:cherry_crop":7,"minecraft:furnace":1,"minecraft:iron_ore":63,"croptopia:tomatillo_crop":1,"croptopia:pear_crop":10,"minecraft:birch_leaves":1,"minecraft:acacia_stairs":1,"minecraft:andesite":2,"minecraft:deepslate_lapis_ore":1,"minecraft:red_wall_banner":1,"minecraft:coal_ore":281,"minecraft:oak_log":5,"croptopia:celery_crop":1,"minecraft:deepslate_iron_ore":4,"croptopia:blackberry_crop":1,"minecraft:dirt":1,"minecraft:stone":104,"minecraft:oak_leaves":11,"minecraft:brain_coral":1,"minecraft:deepslate":1},"minecraft:crafted":{"minecraft:cooked_beef":7,"minecraft:cooked_cod":3,"minecraft:oak_planks":32,"minecraft:emerald":2,"minecraft:furnace":1,"minecraft:air":0,"minecraft:stick":28,"minecraft:iron_ingot":6,"minecraft:iron_pickaxe":1,"minecraft:stone_sword":2,"minecraft:torch":140}},"DataVersion":3839}