{"stats":{"minecraft:killed":{"minecraft:cave_spider":1,"minecraft:spider":6,"minecraft:skeleton":11,"minecraft:creeper":1,"minecraft:zombie":12},"minecraft:dropped":{"minecraft:bread":7,"minecraft:wheat_seeds":3,"minecraft:crafting_table":1,"minecraft:apple":2,"minecraft:stick":3,"minecraft:torch":31,"minecraft:iron_pickaxe":1,"minecraft:string":3,"minecraft:stone_sword":1,"minecraft:rotten_flesh":2},"minecraft:killed_by":{"minecraft:vindicator":1,"minecraft:warden":1},"minecraft:custom":{"minecraft:mob_kills":32,"minecraft:interact_with_crafting_table":14,"minecraft:open_barrel":12,"goblintraders:trade_with_goblin":32,"minecraft:leave_game":2,"minecraft:time_since_death":16126,"minecraft:climb_one_cm":3401,"minecraft:sprint_one_cm":294493,"minecraft:walk_one_cm":1190023,"minecraft:damage_blocked_by_shield":894,"minecraft:drop":19,"minecraft:talked_to_villager":1,"minecraft:play_time":264296,"minecraft:deaths":2,"minecraft:sneak_time":4061,"minecraft:walk_under_water_one_cm":21577,"minecraft:boat_one_cm":31840,"minecraft:jump":3505,"minecraft:walk_on_water_one_cm":48156,"minecraft:total_world_time":264296,"minecraft:interact_with_furnace":29,"minecraft:sleep_in_bed":2,"minecraft:time_since_rest":16198,"minecraft:waystone_activated":3,"minecraft:damage_taken":2530,"minecraft:damage_dealt":6619,"minecraft:swim_one_cm":19501,"minecraft:fly_one_cm":81847,"minecraft:open_chest":49,"minecraft:crouch_one_cm":14318,"minecraft:fall_one_cm":49063},"minecraft:used":{"minecraft:stone_sword":136,"minecraft:chest":4,"minecraft:white_terracotta":2,"minecraft:shield":24,"minecraft:iron_sword":76,"minecraft:cooked_chicken":8,"minecraft:rotten_flesh":2,"minecraft:torch":253,"minecraft:dirt":48,"minecraft:granite":2,"minecraft:bow":1,"minecraft:furnace":3,"minecraft:cooked_cod":3,"minecraft:cooked_beef":7,"minecraft:orange_terracotta":2,"minecraft:cooked_mutton":3,"minecraft:birch_planks":1,"minecraft:stone_pickaxe":166,"minecraft:oak_planks":22,"minecraft:terracotta":4,"minecraft:yellow_terracotta":7,"minecraft:crafting_table":1,"minecraft:light_gray_terracotta":1,"croptopia:orange":1,"minecraft:oak_log":1,"croptopia:nectarine":1,"minecraft:apple":4,"minecraft:bread":10,"minecraft:iron_pickaxe":576,"minecraft:gravel":13,"minecraft:stone_axe":10,"minecraft:cobblestone":105,"travelersbackpack:standard":3,"minecraft:brush":5},"minecraft:broken":{"minecraft:leather_helmet":1,"minecraft:stone_sword":1,"minecraft:stone_pickaxe":2,"minecraft:brush":3,"minecraft:iron_pickaxe":2,"minecraft:bow":1},"minecraft:picked_up":{"minecraft:crafting_table":1,"minecraft:iron_chestplate":2,"minecraft:chicken":1,"minecraft:prismarine_shard":14,"croptopia:grape_seed":1,"croptopia:tomatillo_seed":3,"minecraft:gold_block":2,"minecraft:dead_horn_coral_block":1,"minecraft:shield":2,"minecraft:string":5,"minecraft:dead_tube_coral_block":1,"croptopia:cantaloupe":2,"minecraft:raw_copper":51,"minecraft:iron_leggings":2,"croptopia:pear":10,"minecraft:sea_pickle":9,"minecraft:cobbled_deepslate":17,"minecraft:bucket":1,"croptopia:tomatillo":2,"minecraft:iron_pickaxe":4,"croptopia:blueberry":2,"minecraft:piston":1,"minecraft:furnace":3,"minecraft:iron_boots":2,"minecraft:egg":9,"minecraft:stick":22,"minecraft:raw_iron":134,"minecraft:oak_fence":1,"minecraft:torch":32,"croptopia:blackberry_seed":1,"minecraft:acacia_log":1,"croptopia:olive_seed":2,"croptopia:ginger_seed":1,"minecraft:diorite":2,"minecraft:redstone":23,"croptopia:strawberry":2,"minecraft:prismarine_crystals":10,"croptopia:grape":1,"croptopia:cantaloupe_seed":2,"minecraft:arrow":32,"minecraft:cactus":4,"minecraft:rotten_flesh":8,"croptopia:squash_seed":1,"croptopia:strawberry_seed":3,"minecraft:armadillo_scute":21,"minecraft:yellow_terracotta":7,"minecraft:gold_ingot":12,"minecraft:white_terracotta":2,"minecraft:mutton":2,"minecraft:white_wool":1,"minecraft:bone_block":3,"minecraft:cobblestone":244,"minecraft:magma_block":2,"minecraft:water_bucket":1,"minecraft:salmon":10,"croptopia:nectarine":6,"minecraft:andesite":14,"minecraft:tuff":2,"minecraft:prismarine_bricks":7,"minecraft:oak_log":5,"croptopia:leek":1,"minecraft:gunpowder":1,"minecraft:lapis_lazuli":65,"croptopia:blueberry_seed":3,"croptopia:celery":2,"minecraft:dirt":56,"minecraft:orange_terracotta":2,"minecraft:cooked_mutton":4,"croptopia:kiwi_seed":5,"croptopia:olive":2,"minecraft:mangrove_fence":1,"minecraft:red_carpet":1,"minecraft:bone":35,"minecraft:acacia_planks":64,"minecraft:bow":2,"minecraft:wheat_seeds":7,"croptopia:squash":1,"minecraft:raw_gold":28,"minecraft:stone_pickaxe":3,"minecraft:cooked_chicken":4,"croptopia:lime":3,"minecraft:prismarine":24,"croptopia:kiwi":2,"minecraft:oak_planks":9,"minecraft:cooked_porkchop":11,"croptopia:apricot":10,"croptopia:plum":1,"minecraft:brush":3,"minecraft:red_wool":6,"croptopia:ginger":1,"croptopia:blackberry":1,"minecraft:raw_iron_block":1,"minecraft:gravel":13,"croptopia:celery_seed":3,"minecraft:sand":2,"minecraft:red_banner":2,"minecraft:ink_sac":10,"minecraft:acacia_stairs":1,"minecraft:sea_lantern":3,"minecraft:spider_eye":3,"minecraft:leather_helmet":1,"minecraft:dark_prismarine":10,"croptopia:lemon":4,"travelersbackpack:standard":2,"croptopia:cherry":7,"minecraft:light_gray_terracotta":1,"minecraft:diamond":15,"croptopia:leek_seed":1,"minecraft:dead_brain_coral_block":1,"croptopia:orange":12,"minecraft:iron_helmet":2,"minecraft:granite":12,"minecraft:bread":1,"minecraft:terracotta":4,"minecraft:oak_sapling":3,"minecraft:coal":307},"minecraft:crafted":{"minecraft:oak_planks":32,"minecraft:cooked_chicken":5,"minecraft:furnace":1,"minecraft:cooked_mutton":5,"minecraft:chest":4,"minecraft:cooked_beef":7,"minecraft:cooked_cod":3,"minecraft:emerald":2,"minecraft:crafting_table":1,"minecraft:iron_sword":1,"minecraft:stone_axe":1,"minecraft:air":0,"minecraft:stick":128,"minecraft:iron_ingot":66,"minecraft:iron_pickaxe":3,"minecraft:stone_sword":2,"minecraft:torch":312},"minecraft:mined":{"minecraft:yellow_terracotta":7,"croptopia:cantaloupe_crop":2,"minecraft:tuff":2,"croptopia:orange_crop":12,"minecraft:deepslate_diamond_ore":15,"croptopia:grape_crop":1,"croptopia:strawberry_crop":2,"minecraft:granite":12,"croptopia:lime_crop":3,"minecraft:grass_block":26,"minecraft:raw_iron_block":1,"minecraft:redstone_ore":5,"croptopia:ginger_crop":1,"croptopia:cherry_crop":7,"minecraft:furnace":2,"minecraft:iron_ore":71,"minecraft:acacia_stairs":1,"croptopia:blueberry_crop":2,"minecraft:andesite":2,"minecraft:deepslate_lapis_ore":4,"croptopia:squash_crop":1,"minecraft:deepslate_iron_ore":66,"minecraft:stone":162,"minecraft:brain_coral":1,"minecraft:deepslate_redstone_ore":2,"minecraft:red_wool":8,"minecraft:orange_terracotta":2,"minecraft:oak_fence":1,"minecraft:crafting_table":1,"minecraft:torch":1,"minecraft:light_gray_terracotta":1,"minecraft:short_grass":24,"minecraft:dead_bush":6,"croptopia:lemon_crop":4,"minecraft:tall_grass":6,"minecraft:copper_ore":10,"minecraft:cobblestone":10,"minecraft:lapis_ore":5,"minecraft:deepslate_gold_ore":4,"minecraft:oak_planks":9,"minecraft:diorite":2,"croptopia:olive_crop":2,"minecraft:wall_torch":3,"minecraft:deepslate_copper_ore":5,"minecraft:white_terracotta":2,"croptopia:nectarine_crop":6,"croptopia:leek_crop":1,"croptopia:tomatillo_crop":2,"croptopia:pear_crop":10,"minecraft:birch_leaves":1,"minecraft:red_wall_banner":1,"croptopia:apricot_crop":10,"minecraft:oak_log":5,"minecraft:coal_ore":303,"croptopia:celery_crop":2,"croptopia:kiwi_crop":3,"croptopia:blackberry_crop":1,"minecraft:gravel":10,"minecraft:dirt":27,"minecraft:terracotta":4,"minecraft:gold_ore":24,"minecraft:oak_leaves":11,"minecraft:deepslate":13}},"DataVersion":3839}