{"stats":{"minecraft:killed":{"minecraft:cave_spider":1,"minecraft:spider":6,"minecraft:skeleton":7,"minecraft:creeper":1,"minecraft:zombie":3},"minecraft:dropped":{"minecraft:bread":7,"minecraft:apple":2,"minecraft:stick":3,"minecraft:string":3,"minecraft:stone_sword":1,"minecraft:rotten_flesh":2},"minecraft:killed_by":{"minecraft:vindicator":1},"minecraft:custom":{"minecraft:mob_kills":18,"minecraft:interact_with_crafting_table":9,"minecraft:open_barrel":9,"goblintraders:trade_with_goblin":2,"minecraft:time_since_death":132160,"minecraft:climb_one_cm":3401,"minecraft:sprint_one_cm":160882,"minecraft:walk_one_cm":711560,"minecraft:damage_blocked_by_shield":155,"minecraft:drop":15,"minecraft:talked_to_villager":1,"minecraft:play_time":163222,"minecraft:deaths":1,"minecraft:sneak_time":380,"minecraft:walk_under_water_one_cm":9064,"minecraft:boat_one_cm":31840,"minecraft:jump":2033,"minecraft:walk_on_water_one_cm":23352,"minecraft:total_world_time":163222,"minecraft:interact_with_furnace":16,"minecraft:sleep_in_bed":2,"minecraft:time_since_rest":95114,"minecraft:waystone_activated":2,"minecraft:damage_taken":1318,"minecraft:damage_dealt":3669,"minecraft:swim_one_cm":16667,"minecraft:fly_one_cm":45210,"minecraft:open_chest":29,"minecraft:crouch_one_cm":777,"minecraft:fall_one_cm":25143},"minecraft:used":{"minecraft:stone_sword":116,"minecraft:shield":6,"minecraft:rotten_flesh":2,"minecraft:torch":129,"minecraft:dirt":48,"minecraft:furnace":2,"minecraft:cooked_cod":3,"minecraft:cooked_beef":3,"minecraft:stone_pickaxe":166,"minecraft:oak_planks":22,"minecraft:crafting_table":1,"croptopia:orange":1,"minecraft:oak_log":1,"croptopia:nectarine":1,"minecraft:apple":4,"minecraft:bread":10,"minecraft:iron_pickaxe":322,"minecraft:stone_axe":10,"minecraft:cobblestone":42},"minecraft:picked_up":{"minecraft:iron_chestplate":1,"minecraft:crafting_table":1,"croptopia:grape_seed":1,"minecraft:prismarine_shard":14,"croptopia:tomatillo_seed":2,"minecraft:gold_block":2,"minecraft:dead_horn_coral_block":1,"minecraft:shield":1,"minecraft:string":5,"minecraft:dead_tube_coral_block":1,"minecraft:raw_copper":4,"minecraft:iron_leggings":1,"croptopia:pear":10,"minecraft:sea_pickle":9,"minecraft:cobbled_deepslate":1,"croptopia:tomatillo":1,"minecraft:iron_pickaxe":1,"croptopia:blueberry":1,"minecraft:piston":1,"minecraft:egg":2,"minecraft:iron_boots":1,"minecraft:furnace":1,"minecraft:stick":18,"minecraft:raw_iron":64,"minecraft:oak_fence":1,"minecraft:torch":8,"croptopia:blackberry_seed":1,"minecraft:diorite":1,"minecraft:redstone":23,"minecraft:prismarine_crystals":10,"croptopia:grape":1,"minecraft:cactus":4,"minecraft:arrow":5,"minecraft:rotten_flesh":4,"minecraft:gold_ingot":12,"minecraft:bone_block":3,"minecraft:cobblestone":124,"minecraft:magma_block":2,"minecraft:salmon":10,"minecraft:andesite":13,"croptopia:nectarine":5,"minecraft:oak_log":5,"minecraft:prismarine_bricks":7,"minecraft:gunpowder":1,"minecraft:lapis_lazuli":30,"croptopia:celery":1,"croptopia:blueberry_seed":1,"minecraft:dirt":51,"minecraft:mangrove_fence":1,"minecraft:red_carpet":1,"minecraft:bone":30,"minecraft:bow":1,"minecraft:raw_gold":2,"minecraft:stone_pickaxe":3,"minecraft:cooked_chicken":4,"croptopia:lime":3,"minecraft:prismarine":24,"minecraft:oak_planks":9,"minecraft:red_wool":6,"croptopia:blackberry":1,"croptopia:celery_seed":2,"minecraft:sand":2,"minecraft:red_banner":2,"minecraft:ink_sac":10,"minecraft:acacia_stairs":1,"minecraft:spider_eye":3,"minecraft:sea_lantern":3,"minecraft:leather_helmet":1,"minecraft:dark_prismarine":10,"croptopia:cherry":7,"croptopia:lemon":4,"croptopia:orange":9,"minecraft:iron_helmet":1,"minecraft:dead_brain_coral_block":1,"minecraft:granite":9,"minecraft:bread":1,"minecraft:oak_sapling":3,"minecraft:coal":281},"minecraft:broken":{"minecraft:leather_helmet":1,"minecraft:stone_pickaxe":2,"minecraft:iron_pickaxe":1},"minecraft:mined":{"croptopia:orange_crop":9,"croptopia:grape_crop":1,"minecraft:granite":9,"croptopia:lime_crop":3,"minecraft:grass_block":23,"minecraft:redstone_ore":5,"croptopia:cherry_crop":7,"minecraft:furnace":1,"minecraft:iron_ore":63,"minecraft:acacia_stairs":1,"minecraft:andesite":2,"croptopia:blueberry_crop":1,"minecraft:deepslate_lapis_ore":1,"minecraft:deepslate_iron_ore":4,"minecraft:stone":104,"minecraft:brain_coral":1,"minecraft:red_wool":8,"minecraft:oak_fence":1,"minecraft:crafting_table":1,"minecraft:short_grass":6,"minecraft:dead_bush":6,"croptopia:lemon_crop":4,"minecraft:copper_ore":1,"minecraft:cobblestone":8,"minecraft:lapis_ore":3,"minecraft:deepslate_gold_ore":2,"minecraft:oak_planks":9,"minecraft:diorite":1,"minecraft:wall_torch":3,"croptopia:nectarine_crop":5,"croptopia:tomatillo_crop":1,"croptopia:pear_crop":10,"minecraft:birch_leaves":1,"minecraft:red_wall_banner":1,"minecraft:oak_log":5,"minecraft:coal_ore":281,"croptopia:celery_crop":1,"croptopia:blackberry_crop":1,"minecraft:dirt":25,"minecraft:oak_leaves":11,"minecraft:deepslate":1},"minecraft:crafted":{"minecraft:oak_planks":32,"minecraft:furnace":1,"minecraft:cooked_beef":7,"minecraft:cooked_cod":3,"minecraft:emerald":2,"minecraft:iron_sword":1,"minecraft:stone_axe":1,"minecraft:air":0,"minecraft:stick":28,"minecraft:iron_ingot":6,"minecraft:iron_pickaxe":1,"minecraft:stone_sword":2,"minecraft:torch":140}},"DataVersion":3839}