{"stats":{"minecraft:used":{"minecraft:chest":8,"minecraft:shield":83,"minecraft:iron_sword":566,"travelersbackpack:diamond":7,"minecraft:rotten_flesh":88,"minecraft:iron_chestplate":1,"minecraft:tuff":10,"minecraft:bow":3,"minecraft:sweet_berries":2,"croptopia:lime":1,"minecraft:furnace":18,"minecraft:cooked_cod":8,"minecraft:egg":9,"minecraft:diorite":6,"minecraft:stone_pickaxe":277,"minecraft:prismarine":3,"minecraft:mangrove_planks":1,"minecraft:wooden_pickaxe":59,"minecraft:sugar_cane":4,"minecraft:glow_berries":23,"minecraft:sand":2,"croptopia:rutabaga":1,"croptopia:orange":7,"croptopia:plum":4,"minecraft:acacia_door":2,"minecraft:bread":8,"minecraft:gravel":8,"minecraft:smithing_table":4,"minecraft:andesite":4,"minecraft:birch_log":2,"croptopia:cantaloupe":1,"minecraft:experience_bottle":3,"minecraft:stone_sword":244,"minecraft:cooked_chicken":9,"minecraft:torch":557,"minecraft:dirt":65,"minecraft:wooden_axe":60,"minecraft:iron_axe":64,"minecraft:barrel":1,"croptopia:squash":2,"croptopia:strawberry":2,"minecraft:cooked_beef":8,"minecraft:acacia_planks":2,"minecraft:cobbled_deepslate":86,"minecraft:mangrove_boat":1,"minecraft:cooked_mutton":13,"minecraft:water_bucket":28,"croptopia:celery":1,"croptopia:lemon":8,"croptopia:apricot":14,"minecraft:mossy_cobblestone":1,"minecraft:crafting_table":21,"croptopia:cherry":3,"minecraft:white_bed":1,"minecraft:dark_prismarine":6,"minecraft:apple":2,"croptopia:yam":1,"minecraft:acacia_stairs":1,"minecraft:iron_pickaxe":1123,"minecraft:suspicious_stew":3,"minecraft:stone_axe":133,"minecraft:cobblestone":72,"croptopia:kiwi":1,"travelersbackpack:standard":9,"minecraft:cooked_porkchop":5,"minecraft:bucket":37,"minecraft:sea_pickle":1},"minecraft:picked_up":{"minecraft:wooden_axe":1,"minecraft:iron_chestplate":1,"minecraft:wheat":3,"minecraft:prismarine_shard":19,"croptopia:tomatillo_seed":2,"minecraft:smithing_table":4,"minecraft:lead":1,"minecraft:oak_stairs":3,"minecraft:potion":1,"travelersbackpack:diamond":3,"minecraft:music_disc_cat":1,"minecraft:raw_copper":160,"minecraft:string":62,"minecraft:dead_tube_coral_block":2,"croptopia:cantaloupe":1,"minecraft:iron_leggings":4,"minecraft:experience_bottle":3,"minecraft:sea_pickle":19,"minecraft:cobbled_deepslate":118,"minecraft:iron_pickaxe":4,"minecraft:coal_block":2,"minecraft:furnace":18,"minecraft:iron_boots":2,"minecraft:stick":88,"minecraft:oak_fence":3,"minecraft:acacia_log":78,"minecraft:torch":156,"croptopia:rutabaga":1,"croptopia:olive_seed":1,"minecraft:porkchop":18,"minecraft:diorite":22,"minecraft:stone_sword":5,"minecraft:cactus":11,"minecraft:rotten_flesh":89,"croptopia:squash_seed":2,"minecraft:tropical_fish":1,"minecraft:armadillo_scute":8,"minecraft:cod":4,"minecraft:cobblestone":407,"minecraft:birch_log":35,"minecraft:sponge":4,"minecraft:magma_block":4,"minecraft:feather":14,"minecraft:water_bucket":1,"minecraft:andesite":14,"minecraft:flint":1,"minecraft:tuff":8,"minecraft:prismarine_bricks":17,"croptopia:celery":3,"minecraft:lapis_lazuli":224,"minecraft:dirt":105,"croptopia:kiwi_seed":1,"minecraft:mangrove_fence":2,"minecraft:bone":43,"minecraft:acacia_planks":12,"minecraft:bow":3,"minecraft:wheat_seeds":10,"minecraft:raw_gold":83,"croptopia:roe":4,"croptopia:lime":1,"minecraft:prismarine":52,"minecraft:oak_planks":12,"croptopia:yam":1,"minecraft:music_disc_13":1,"croptopia:plum":5,"minecraft:oak_pressure_plate":2,"croptopia:celery_seed":4,"minecraft:sand":127,"minecraft:ink_sac":14,"minecraft:grass_block":1,"minecraft:acacia_stairs":3,"minecraft:barrel":1,"minecraft:mossy_cobblestone":1,"minecraft:dark_prismarine":36,"croptopia:cherry":3,"croptopia:hops_seed":2,"minecraft:diamond":28,"minecraft:dead_brain_coral_block":2,"minecraft:granite":13,"minecraft:bread":24,"minecraft:emerald":12,"minecraft:oak_sapling":2,"minecraft:fishing_rod":2,"minecraft:crafting_table":21,"minecraft:chicken":18,"minecraft:clay_ball":4,"minecraft:chest_minecart":1,"minecraft:wooden_pickaxe":1,"minecraft:gold_block":2,"minecraft:acacia_button":1,"minecraft:dead_horn_coral_block":2,"minecraft:brick":32,"minecraft:shield":4,"minecraft:iron_axe":1,"minecraft:acacia_door":1,"minecraft:candle":4,"croptopia:tomatillo":1,"croptopia:tomato_seed":1,"minecraft:beef":23,"minecraft:sugar_cane":37,"minecraft:chest":13,"minecraft:birch_sapling":3,"minecraft:piston":2,"minecraft:diamond_hoe":1,"minecraft:egg":11,"minecraft:raw_iron":345,"minecraft:redstone":109,"minecraft:prismarine_crystals":20,"croptopia:yam_seed":2,"croptopia:cantaloupe_seed":1,"minecraft:arrow":65,"minecraft:beetroot_seeds":1,"minecraft:gold_ingot":19,"minecraft:glow_berries":1,"minecraft:mutton":33,"minecraft:white_wool":35,"minecraft:rail":1,"minecraft:bone_block":6,"minecraft:wet_sponge":4,"minecraft:glow_ink_sac":7,"minecraft:salmon":7,"minecraft:leather":29,"croptopia:glowing_calamari":2,"minecraft:birch_planks":1,"minecraft:oak_log":110,"minecraft:gunpowder":11,"croptopia:olive":1,"minecraft:red_carpet":1,"minecraft:apple":10,"croptopia:squash":2,"minecraft:iron_ingot":6,"minecraft:stone_pickaxe":3,"croptopia:tomato":1,"minecraft:mangrove_planks":22,"minecraft:acacia_sapling":8,"minecraft:iron_sword":2,"croptopia:kiwi":1,"minecraft:dark_oak_slab":4,"croptopia:apricot":5,"minecraft:pumpkin":1,"minecraft:sweet_berries":4,"minecraft:red_wool":13,"minecraft:raw_iron_block":2,"minecraft:gravel":12,"croptopia:hops":1,"croptopia:rutabaga_seed":2,"minecraft:red_banner":3,"minecraft:sea_lantern":5,"minecraft:spider_eye":11,"minecraft:leather_helmet":1,"travelersbackpack:standard":7,"minecraft:pumpkin_seeds":1,"croptopia:lemon":8,"minecraft:slime_ball":1,"minecraft:stone_axe":1,"croptopia:orange":7,"minecraft:iron_helmet":5,"minecraft:gray_wool":1,"minecraft:coal":582,"minecraft:ender_pearl":2},"minecraft:custom":{"minecraft:interact_with_crafting_table":75,"minecraft:open_barrel":39,"goblintraders:trade_with_goblin":107,"minecraft:bell_ring":53,"minecraft:leave_game":3,"minecraft:time_since_death":66183,"minecraft:sprint_one_cm":978768,"minecraft:damage_blocked_by_shield":1693,"minecraft:drop":80,"minecraft:talked_to_villager":3,"minecraft:play_time":436554,"minecraft:deaths":7,"minecraft:jump":7922,"minecraft:walk_on_water_one_cm":67696,"minecraft:interact_with_furnace":151,"minecraft:interact_with_loom":1,"minecraft:sleep_in_bed":8,"minecraft:waystone_activated":7,"minecraft:damage_dealt":35133,"minecraft:crouch_one_cm":155025,"minecraft:interact_with_smithing_table":18,"minecraft:mob_kills":232,"minecraft:climb_one_cm":6691,"minecraft:walk_one_cm":953564,"minecraft:sneak_time":43429,"minecraft:walk_under_water_one_cm":63081,"minecraft:boat_one_cm":122400,"minecraft:total_world_time":436554,"minecraft:time_since_rest":3795,"minecraft:damage_taken":6138,"minecraft:swim_one_cm":95372,"minecraft:fly_one_cm":1325253,"minecraft:open_chest":149,"minecraft:fall_one_cm":237046},"minecraft:killed":{"minecraft:cave_spider":2,"minecraft:spider":24,"minecraft:cod":5,"minecraft:skeleton":30,"minecraft:chicken":17,"minecraft:tropical_fish":1,"minecraft:pig":11,"minecraft:creeper":4,"minecraft:sheep":24,"minecraft:pillager":7,"minecraft:zombie":72,"minecraft:glow_squid":1,"minecraft:cow":13,"minecraft:armadillo":1,"minecraft:vindicator":2,"minecraft:slime":1,"minecraft:horse":5,"friendsandfoes:mauler":1,"minecraft:enderman":2},"minecraft:dropped":{"minecraft:porkchop":1,"minecraft:cooked_porkchop":7,"minecraft:glow_berries":1,"minecraft:leather":2,"minecraft:mangrove_planks":8,"travelersbackpack:standard":2,"minecraft:leather_helmet":1,"croptopia:apricot":1,"minecraft:red_carpet":1,"minecraft:flint":1,"minecraft:dirt":12,"minecraft:brush":3,"minecraft:iron_pickaxe":3,"minecraft:white_wool":12,"minecraft:bone":34,"minecraft:cooked_chicken":4,"croptopia:leek":1,"minecraft:rotten_flesh":7,"minecraft:cooked_mutton":4,"minecraft:salmon":10,"minecraft:ward_armor_trim_smithing_template":1,"minecraft:gunpowder":7,"croptopia:blueberry":1,"minecraft:beetroot_seeds":1,"minecraft:arrow":4,"minecraft:egg":1,"minecraft:bread":1,"minecraft:wheat_seeds":13,"minecraft:iron_helmet":1,"minecraft:granite":7,"croptopia:olive":3,"minecraft:golden_apple":1,"minecraft:stick":7,"croptopia:ginger_seed":1,"minecraft:torch":64,"minecraft:iron_leggings":1,"minecraft:armadillo_scute":8,"croptopia:plum":1,"minecraft:bucket":1,"minecraft:acacia_planks":64,"travelersbackpack:diamond":2,"croptopia:leek_seed":1,"minecraft:iron_boots":1,"minecraft:pumpkin_seeds":1,"minecraft:shield":2,"minecraft:iron_chestplate":1,"minecraft:andesite":2,"minecraft:spider_eye":3,"minecraft:stone_pickaxe":4},"minecraft:broken":{"minecraft:stone_pickaxe":2,"minecraft:stone_axe":1,"minecraft:iron_sword":2,"minecraft:wooden_axe":1,"minecraft:stone_sword":2,"minecraft:wooden_pickaxe":1,"minecraft:brush":2,"minecraft:iron_pickaxe":4,"minecraft:iron_helmet":1},"minecraft:killed_by":{"minecraft:creeper":1,"minecraft:pufferfish":1,"minecraft:zombie":2,"minecraft:warden":2},"minecraft:mined":{"croptopia:cantaloupe_crop":1,"minecraft:sculk_vein":5,"minecraft:acacia_log":79,"minecraft:granite":14,"croptopia:lime_crop":1,"minecraft:grass_block":14,"minecraft:mangrove_fence":2,"minecraft:oak_pressure_plate":1,"minecraft:coal_block":2,"minecraft:tube_coral_block":1,"minecraft:spawner":4,"minecraft:magma_block":2,"minecraft:raw_iron_block":2,"croptopia:cherry_crop":3,"minecraft:sculk_catalyst":2,"minecraft:iron_ore":226,"minecraft:cobbled_deepslate":15,"minecraft:barrel":1,"minecraft:pumpkin":1,"minecraft:deepslate_lapis_ore":24,"minecraft:sculk_shrieker":1,"minecraft:oak_stairs":3,"minecraft:dead_fire_coral":1,"minecraft:deepslate_redstone_ore":14,"minecraft:clay":1,"minecraft:torch":6,"minecraft:chest":10,"minecraft:dead_bush":21,"minecraft:dead_brain_coral_fan":1,"minecraft:cobblestone":14,"minecraft:prismarine":27,"minecraft:sugar_cane":15,"minecraft:oak_planks":9,"minecraft:wall_torch":9,"travelersbackpack:diamond":2,"minecraft:birch_log":19,"croptopia:tomatillo_crop":1,"croptopia:apricot_crop":5,"minecraft:oak_log":58,"minecraft:sand":85,"minecraft:dirt":24,"minecraft:piston":2,"minecraft:oak_leaves":24,"minecraft:deepslate":93,"minecraft:dark_prismarine":17,"minecraft:tuff":8,"croptopia:orange_crop":7,"minecraft:deepslate_diamond_ore":28,"minecraft:candle":1,"minecraft:sea_lantern":4,"minecraft:decorated_pot":8,"minecraft:redstone_ore":6,"minecraft:furnace":16,"minecraft:acacia_stairs":2,"minecraft:andesite":13,"minecraft:dead_horn_coral_block":1,"croptopia:squash_crop":2,"minecraft:deepslate_iron_ore":65,"minecraft:wet_sponge":4,"minecraft:stone":293,"minecraft:bone_block":3,"minecraft:smithing_table":4,"minecraft:acacia_leaves":2,"minecraft:red_wool":5,"travelersbackpack:standard":6,"minecraft:oak_fence":2,"minecraft:crafting_table":18,"minecraft:short_grass":55,"minecraft:sponge":4,"minecraft:sculk_sensor":2,"croptopia:lemon_crop":9,"minecraft:tall_grass":6,"minecraft:copper_ore":49,"minecraft:lapis_ore":13,"minecraft:deepslate_gold_ore":27,"minecraft:sculk":6,"minecraft:diorite":21,"croptopia:olive_crop":1,"minecraft:prismarine_bricks":10,"minecraft:cactus":3,"croptopia:plum_crop":5,"minecraft:sea_pickle":4,"minecraft:birch_leaves":1,"minecraft:mangrove_planks":10,"croptopia:yam_crop":1,"croptopia:tomato_crop":1,"croptopia:hops_crop":1,"minecraft:dead_brain_coral_block":1,"minecraft:coal_ore":373,"croptopia:celery_crop":2,"croptopia:kiwi_crop":1,"minecraft:gravel":14,"croptopia:rutabaga_crop":1,"minecraft:cobweb":15,"minecraft:acacia_planks":12,"minecraft:gold_ore":37},"minecraft:crafted":{"minecraft:oak_planks":44,"travelersbackpack:crafting_upgrade":2,"minecraft:cooked_chicken":13,"minecraft:mangrove_boat":1,"travelersbackpack:diamond":7,"minecraft:cooked_mutton":23,"minecraft:glass":84,"minecraft:bow":2,"minecraft:iron_boots":2,"minecraft:chest":5,"travelersbackpack:iron_tier_upgrade":2,"minecraft:cooked_porkchop":16,"minecraft:crafting_table":7,"travelersbackpack:standard":1,"minecraft:wooden_pickaxe":1,"minecraft:iron_helmet":1,"minecraft:brush":5,"minecraft:smithing_table":1,"minecraft:copper_ingot":65,"minecraft:birch_planks":68,"minecraft:iron_chestplate":2,"minecraft:shield":2,"minecraft:stick":148,"minecraft:iron_ingot":300,"minecraft:iron_pickaxe":8,"minecraft:stone_sword":1,"minecraft:gold_ingot":81,"minecraft:acacia_door":3,"minecraft:shears":1,"minecraft:raw_iron":27,"minecraft:coal":18,"minecraft:furnace":10,"travelersbackpack:gold_tier_upgrade":1,"travelersbackpack:blank_upgrade":8,"travelersbackpack:white_sleeping_bag":1,"minecraft:iron_axe":1,"minecraft:stone_pickaxe":2,"travelersbackpack:diamond_tier_upgrade":1,"minecraft:cooked_beef":10,"minecraft:cooked_cod":8,"travelersbackpack:backpack_tank":6,"minecraft:iron_sword":4,"minecraft:bucket":2,"minecraft:stone_axe":1,"minecraft:air":0,"minecraft:white_wool":2,"minecraft:wooden_axe":1,"minecraft:iron_leggings":2,"minecraft:white_bed":1,"minecraft:acacia_planks":168,"minecraft:torch":508}},"DataVersion":3839}