{"stats":{"minecraft:killed":{"minecraft:cave_spider":2,"minecraft:spider":30,"minecraft:cod":5,"minecraft:skeleton":49,"minecraft:chicken":20,"minecraft:tropical_fish":1,"minecraft:pig":18,"minecraft:zombie_villager":1,"minecraft:creeper":5,"minecraft:sheep":31,"minecraft:pillager":10,"minecraft:zombie":93,"minecraft:glow_squid":1,"minecraft:cow":26,"minecraft:armadillo":1,"minecraft:vindicator":3,"minecraft:slime":1,"minecraft:horse":5,"friendsandfoes:mauler":1,"minecraft:drowned":4,"minecraft:enderman":2},"minecraft:crafted":{"minecraft:oak_planks":148,"travelersbackpack:crafting_upgrade":2,"minecraft:cooked_chicken":13,"minecraft:wolf_armor":2,"travelersbackpack:hose_nozzle":2,"minecraft:mangrove_boat":1,"travelersbackpack:diamond":9,"minecraft:cooked_mutton":30,"minecraft:green_dye":9,"minecraft:glass":84,"minecraft:bow":2,"minecraft:iron_boots":4,"minecraft:raw_copper":117,"minecraft:chest":14,"minecraft:raw_iron_block":22,"ring_of_teleport:ring_of_teleport":1,"travelersbackpack:iron_tier_upgrade":2,"minecraft:cooked_porkchop":30,"minecraft:crafting_table":7,"travelersbackpack:standard":1,"minecraft:wooden_pickaxe":1,"minecraft:iron_helmet":4,"minecraft:brush":11,"minecraft:smithing_table":1,"minecraft:copper_ingot":77,"minecraft:gold_block":12,"minecraft:birch_planks":68,"minecraft:iron_chestplate":4,"minecraft:diamond_pickaxe":1,"minecraft:yellow_dye":2,"minecraft:shield":4,"minecraft:stick":188,"minecraft:iron_ingot":516,"minecraft:iron_pickaxe":10,"minecraft:iron_block":35,"minecraft:stone_sword":1,"minecraft:acacia_door":3,"minecraft:gold_ingot":83,"minecraft:shears":1,"minecraft:coal":27,"minecraft:raw_iron":268,"minecraft:stone_shovel":2,"minecraft:furnace":10,"ring_of_repair:ring_of_repair":2,"minecraft:raw_copper_block":13,"travelersbackpack:blank_upgrade":8,"travelersbackpack:gold_tier_upgrade":2,"travelersbackpack:white_sleeping_bag":1,"minecraft:iron_axe":3,"minecraft:stone_pickaxe":2,"travelersbackpack:diamond_tier_upgrade":2,"travelersbackpack:hose":2,"minecraft:cooked_beef":24,"minecraft:cooked_cod":8,"travelersbackpack:backpack_tank":6,"minecraft:iron_sword":8,"minecraft:bucket":2,"minecraft:stone_axe":1,"minecraft:air":0,"minecraft:oak_boat":1,"minecraft:white_wool":8,"minecraft:wooden_axe":1,"minecraft:anvil":2,"minecraft:iron_shovel":10,"minecraft:iron_leggings":4,"minecraft:white_bed":3,"minecraft:acacia_planks":184,"minecraft:torch":608},"minecraft:used":{"minecraft:red_sand":3,"minecraft:iron_shovel":2258,"minecraft:dead_horn_coral_block":1,"minecraft:spruce_slab":1,"minecraft:poppy":1,"ring_of_teleport:ring_of_teleport":1,"minecraft:shield":102,"minecraft:decorated_pot":3,"minecraft:chest":27,"travelersbackpack:diamond":9,"minecraft:rotten_flesh":108,"minecraft:iron_sword":899,"minecraft:iron_chestplate":1,"minecraft:acacia_button":1,"minecraft:tuff":10,"minecraft:azure_bluet":1,"minecraft:iron_helmet":1,"minecraft:bow":3,"minecraft:sweet_berries":2,"croptopia:lime":1,"minecraft:furnace":27,"minecraft:cooked_cod":8,"minecraft:acacia_fence":1,"minecraft:egg":31,"croptopia:pear":1,"minecraft:diorite":6,"minecraft:oak_planks":1,"minecraft:stone_pickaxe":277,"minecraft:prismarine":3,"minecraft:mangrove_planks":1,"minecraft:cactus":11,"minecraft:wooden_pickaxe":59,"minecraft:sugar_cane":4,"minecraft:white_wool":1,"minecraft:glow_berries":23,"minecraft:sand":210,"croptopia:rutabaga":1,"croptopia:orange":7,"croptopia:plum":4,"minecraft:acacia_door":2,"minecraft:bread":52,"minecraft:lectern":1,"minecraft:gravel":8,"croptopia:toast":6,"minecraft:dark_oak_fence":2,"minecraft:smithing_table":6,"minecraft:andesite":4,"minecraft:birch_log":2,"minecraft:oak_boat":1,"croptopia:cantaloupe":1,"minecraft:coarse_dirt":1,"minecraft:experience_bottle":3,"croptopia:salt_ore":1,"minecraft:dead_tube_coral_block":1,"minecraft:stone_sword":244,"minecraft:stone_shovel":142,"croptopia:popcorn":3,"minecraft:cooked_chicken":9,"minecraft:torch":717,"minecraft:dirt":710,"minecraft:anvil":1,"minecraft:spruce_stairs":1,"minecraft:dead_brain_coral_block":1,"minecraft:wooden_axe":60,"minecraft:sea_lantern":8,"minecraft:chipped_anvil":1,"minecraft:iron_axe":278,"minecraft:barrel":2,"travelersbackpack:hose":5,"croptopia:squash":2,"minecraft:cooked_beef":13,"croptopia:strawberry":2,"minecraft:cobbled_deepslate":86,"minecraft:acacia_planks":2,"minecraft:mangrove_boat":1,"minecraft:cooked_mutton":17,"minecraft:water_bucket":173,"croptopia:celery":2,"croptopia:lemon":8,"croptopia:apricot":14,"minecraft:mossy_cobblestone":1,"minecraft:crafting_table":22,"croptopia:cherry":3,"minecraft:white_bed":5,"minecraft:oak_log":4,"minecraft:diamond_pickaxe":22,"minecraft:acacia_stairs":1,"minecraft:dark_prismarine":6,"minecraft:apple":4,"croptopia:yam":1,"minecraft:iron_pickaxe":1222,"minecraft:suspicious_stew":3,"minecraft:map":1,"minecraft:stone_axe":133,"minecraft:cobblestone":122,"croptopia:kiwi":1,"travelersbackpack:standard":9,"minecraft:cooked_porkchop":5,"minecraft:bucket":177,"minecraft:sea_pickle":11,"minecraft:brush":3},"minecraft:killed_by":{"minecraft:creeper":1,"minecraft:pufferfish":1,"minecraft:zombie":2,"minecraft:warden":2},"minecraft:picked_up":{"minecraft:wooden_axe":1,"minecraft:iron_chestplate":2,"minecraft:wheat":3,"minecraft:anvil":1,"croptopia:grape_seed":4,"minecraft:prismarine_shard":19,"croptopia:tomatillo_seed":3,"minecraft:smithing_table":5,"minecraft:lead":7,"minecraft:oak_stairs":3,"minecraft:potion":2,"croptopia:pizza":1,"minecraft:music_disc_cat":1,"minecraft:string":66,"minecraft:dead_tube_coral_block":2,"croptopia:cantaloupe":1,"minecraft:soul_soil":1,"minecraft:raw_copper":211,"travelersbackpack:diamond":7,"minecraft:iron_leggings":5,"minecraft:beetroot_soup":1,"minecraft:experience_bottle":3,"minecraft:sea_pickle":20,"minecraft:red_sand":22,"minecraft:gold_nugget":26,"minecraft:cobbled_deepslate":119,"minecraft:iron_pickaxe":5,"minecraft:coal_block":3,"minecraft:iron_boots":3,"minecraft:furnace":24,"minecraft:stick":133,"minecraft:acacia_fence":1,"minecraft:oak_fence":3,"minecraft:torch":279,"croptopia:rutabaga":1,"minecraft:acacia_log":82,"minecraft:spruce_stairs":2,"minecraft:porkchop":31,"croptopia:olive_seed":1,"minecraft:pointed_dripstone":34,"minecraft:diorite":22,"minecraft:stone_sword":5,"minecraft:cactus":31,"minecraft:rotten_flesh":115,"croptopia:squash_seed":2,"minecraft:tropical_fish":10,"minecraft:armadillo_scute":17,"minecraft:obsidian":20,"minecraft:iron_bars":1,"minecraft:cod":4,"minecraft:cobblestone":446,"minecraft:sponge":8,"minecraft:birch_log":61,"minecraft:magma_block":6,"minecraft:feather":25,"minecraft:lilac":5,"minecraft:water_bucket":1,"minecraft:andesite":14,"minecraft:potato":10,"minecraft:flint":31,"minecraft:tuff":8,"minecraft:prismarine_bricks":27,"croptopia:celery":4,"minecraft:lapis_lazuli":224,"minecraft:dirt":2082,"minecraft:lantern":9,"croptopia:kiwi_seed":1,"minecraft:mangrove_fence":2,"minecraft:bone":61,"minecraft:chipped_anvil":1,"minecraft:acacia_planks":12,"minecraft:bow":3,"minecraft:wheat_seeds":84,"minecraft:raw_gold":83,"minecraft:bell":3,"croptopia:popcorn":1,"croptopia:roe":8,"minecraft:prismarine":52,"minecraft:oak_planks":13,"croptopia:lime":1,"croptopia:yam":1,"minecraft:music_disc_13":1,"croptopia:plum":5,"minecraft:oak_pressure_plate":2,"croptopia:celery_seed":5,"minecraft:sand":554,"minecraft:ink_sac":14,"minecraft:grass_block":1,"minecraft:lily_of_the_valley":4,"minecraft:acacia_stairs":5,"minecraft:barrel":2,"minecraft:mossy_cobblestone":2,"minecraft:dark_prismarine":46,"croptopia:cherry":16,"croptopia:hops_seed":2,"minecraft:diamond":29,"minecraft:dead_brain_coral_block":2,"minecraft:granite":22,"minecraft:emerald":24,"minecraft:spruce_sign":10,"minecraft:acacia_chest_boat":1,"minecraft:bread":36,"minecraft:oak_sapling":26,"minecraft:dark_oak_fence":2,"minecraft:fishing_rod":2,"minecraft:shelter_pottery_sherd":1,"minecraft:crafting_table":24,"minecraft:coarse_dirt":1,"minecraft:azure_bluet":2,"minecraft:chicken":21,"minecraft:ladder":1,"minecraft:clay_ball":4,"minecraft:chest_minecart":1,"minecraft:wooden_pickaxe":1,"minecraft:gold_block":9,"minecraft:diamond_horse_armor":2,"minecraft:acacia_button":2,"minecraft:dead_horn_coral_block":2,"minecraft:brick":60,"minecraft:shield":5,"minecraft:cornflower":1,"minecraft:iron_axe":1,"minecraft:acacia_door":1,"minecraft:flint_and_steel":1,"croptopia:salt_ore":2,"croptopia:pear":2,"minecraft:candle":8,"croptopia:tomatillo":2,"croptopia:tomato_seed":1,"minecraft:beef":45,"minecraft:iron_nugget":5,"minecraft:poppy":4,"minecraft:spruce_slab":2,"minecraft:lectern":1,"minecraft:sugar_cane":44,"minecraft:chest":23,"minecraft:birch_sapling":16,"minecraft:piston":4,"minecraft:diamond_hoe":1,"minecraft:egg":35,"minecraft:raw_iron":351,"minecraft:copper_ingot":2,"croptopia:greenbean_seed":1,"minecraft:bowl":3,"minecraft:fire_charge":1,"minecraft:carrot":2,"minecraft:redstone":109,"minecraft:prismarine_crystals":20,"croptopia:yam_seed":2,"croptopia:grape":2,"minecraft:arrow":116,"croptopia:cantaloupe_seed":1,"minecraft:decorated_pot":3,"minecraft:beetroot_seeds":1,"minecraft:golden_hoe":1,"minecraft:peony":9,"minecraft:saddle":1,"minecraft:gold_ingot":19,"minecraft:glow_berries":1,"minecraft:mutton":44,"minecraft:white_wool":59,"minecraft:bone_block":6,"minecraft:rail":1,"minecraft:wet_sponge":8,"minecraft:oxeye_daisy":2,"minecraft:glow_ink_sac":7,"minecraft:salmon":7,"minecraft:leather":41,"croptopia:glowing_calamari":2,"minecraft:birch_planks":1,"minecraft:oak_log":234,"minecraft:golden_boots":1,"minecraft:cobbled_deepslate_stairs":1,"minecraft:gunpowder":15,"minecraft:cooked_mutton":1,"croptopia:olive":1,"minecraft:red_carpet":2,"minecraft:apple":30,"croptopia:squash":2,"minecraft:iron_ingot":13,"minecraft:stone_pickaxe":3,"minecraft:cooked_chicken":5,"croptopia:tomato":1,"minecraft:mangrove_planks":22,"minecraft:iron_sword":4,"minecraft:arms_up_pottery_sherd":2,"croptopia:kiwi":1,"minecraft:acacia_sapling":8,"minecraft:book":51,"minecraft:dark_oak_slab":8,"croptopia:apricot":5,"minecraft:pumpkin":6,"minecraft:sweet_berries":4,"minecraft:red_wool":26,"minecraft:dandelion":6,"minecraft:raw_iron_block":4,"minecraft:gravel":196,"croptopia:hops":1,"croptopia:rutabaga_seed":2,"minecraft:red_banner":6,"minecraft:white_bed":1,"minecraft:spruce_log":7,"minecraft:sea_lantern":5,"minecraft:spider_eye":17,"minecraft:leather_helmet":1,"travelersbackpack:standard":7,"croptopia:lemon":9,"minecraft:pumpkin_seeds":1,"minecraft:slime_ball":1,"minecraft:stone_axe":2,"croptopia:orange":7,"minecraft:iron_helmet":6,"croptopia:greenbean":1,"minecraft:gray_wool":1,"minecraft:lodestone":1,"minecraft:baked_potato":20,"minecraft:black_wool":1,"minecraft:coal":676,"minecraft:ender_pearl":2},"minecraft:mined":{"croptopia:cantaloupe_crop":1,"croptopia:pepper_crop":1,"croptopia:greenbean_crop":1,"minecraft:cobbled_deepslate_stairs":1,"croptopia:grape_crop":1,"minecraft:obsidian":22,"minecraft:sculk_vein":5,"minecraft:spruce_trapdoor":1,"croptopia:lime_crop":1,"minecraft:acacia_log":83,"minecraft:granite":14,"minecraft:red_sand":35,"minecraft:grass_block":1362,"minecraft:mangrove_fence":2,"minecraft:oak_pressure_plate":1,"minecraft:coal_block":3,"minecraft:soul_soil":1,"minecraft:tube_coral_block":1,"minecraft:oxeye_daisy":2,"minecraft:spawner":10,"minecraft:polished_blackstone_bricks":1,"minecraft:raw_iron_block":4,"minecraft:magma_block":2,"croptopia:cherry_crop":3,"minecraft:sculk_catalyst":2,"minecraft:iron_ore":232,"minecraft:barrel":2,"minecraft:cobbled_deepslate":15,"minecraft:pumpkin":1,"minecraft:anvil":1,"minecraft:deepslate_lapis_ore":24,"minecraft:azure_bluet":2,"minecraft:sculk_shrieker":1,"minecraft:pointed_dripstone":8,"minecraft:oak_stairs":6,"minecraft:iron_bars":1,"minecraft:spruce_slab":2,"minecraft:dead_fire_coral":1,"minecraft:deepslate_redstone_ore":14,"minecraft:medium_amethyst_bud":1,"minecraft:clay":1,"minecraft:torch":16,"minecraft:poppy":4,"minecraft:chest":20,"minecraft:dead_bush":22,"minecraft:dead_brain_coral_fan":1,"minecraft:cobblestone":27,"minecraft:oak_planks":10,"minecraft:sugar_cane":15,"minecraft:prismarine":27,"minecraft:wall_torch":10,"travelersbackpack:diamond":4,"minecraft:birch_log":45,"croptopia:tomatillo_crop":1,"minecraft:lilac":6,"croptopia:pear_crop":3,"croptopia:apricot_crop":5,"minecraft:oak_log":184,"croptopia:salt_ore":1,"minecraft:sand":490,"minecraft:dirt":568,"minecraft:piston":2,"minecraft:oak_leaves":78,"minecraft:deepslate":94,"minecraft:dark_prismarine":17,"minecraft:tuff":8,"croptopia:orange_crop":7,"minecraft:mossy_cobblestone":1,"minecraft:deepslate_diamond_ore":28,"minecraft:candle":1,"minecraft:sea_lantern":4,"minecraft:decorated_pot":20,"minecraft:redstone_ore":6,"minecraft:furnace":22,"minecraft:acacia_stairs":2,"minecraft:andesite":13,"minecraft:peony":9,"minecraft:gold_block":7,"minecraft:bell":3,"minecraft:dead_horn_coral_block":1,"minecraft:bookshelf":17,"croptopia:squash_crop":2,"minecraft:cobblestone_slab":1,"minecraft:deepslate_iron_ore":65,"minecraft:wet_sponge":4,"minecraft:stone":316,"minecraft:bone_block":3,"minecraft:smithing_table":5,"minecraft:acacia_leaves":2,"minecraft:red_wool":5,"minecraft:lily_of_the_valley":6,"minecraft:dandelion":7,"travelersbackpack:standard":6,"minecraft:oak_fence":2,"minecraft:crafting_table":20,"minecraft:cornflower":1,"minecraft:short_grass":605,"minecraft:sponge":4,"minecraft:andesite_slab":1,"minecraft:sculk_sensor":2,"minecraft:lectern":1,"croptopia:lemon_crop":10,"minecraft:copper_ore":49,"minecraft:tall_grass":9,"minecraft:lapis_ore":13,"minecraft:deepslate_gold_ore":27,"minecraft:diorite":21,"minecraft:sculk":6,"croptopia:olive_crop":1,"minecraft:prismarine_bricks":10,"minecraft:spruce_stairs":2,"minecraft:cactus":15,"minecraft:coarse_dirt":1,"minecraft:sea_pickle":5,"croptopia:plum_crop":5,"minecraft:spruce_log":7,"minecraft:birch_leaves":4,"minecraft:mangrove_planks":10,"croptopia:yam_crop":1,"croptopia:tomato_crop":1,"croptopia:hops_crop":1,"minecraft:dead_brain_coral_block":1,"croptopia:celery_crop":2,"minecraft:coal_ore":382,"croptopia:kiwi_crop":1,"minecraft:gravel":226,"minecraft:cobweb":15,"minecraft:lodestone":1,"croptopia:rutabaga_crop":1,"minecraft:terracotta":2,"minecraft:acacia_planks":12,"minecraft:gold_ore":37,"minecraft:chipped_anvil":1},"minecraft:custom":{"minecraft:interact_with_crafting_table":112,"minecraft:open_barrel":68,"goblintraders:trade_with_goblin":107,"minecraft:bell_ring":53,"minecraft:leave_game":7,"minecraft:time_since_death":583173,"minecraft:sprint_one_cm":1943138,"minecraft:damage_blocked_by_shield":2249,"minecraft:drop":123,"minecraft:talked_to_villager":4,"minecraft:play_time":953544,"minecraft:deaths":7,"minecraft:jump":14172,"minecraft:walk_on_water_one_cm":279482,"minecraft:interact_with_furnace":206,"minecraft:interact_with_loom":2,"minecraft:sleep_in_bed":17,"minecraft:waystone_activated":10,"minecraft:damage_dealt":50106,"minecraft:crouch_one_cm":170025,"minecraft:interact_with_smoker":1,"minecraft:horse_one_cm":69337,"minecraft:interact_with_smithing_table":21,"minecraft:interact_with_anvil":1,"minecraft:mob_kills":325,"minecraft:climb_one_cm":18851,"minecraft:walk_one_cm":1805245,"minecraft:sneak_time":50006,"minecraft:walk_under_water_one_cm":105956,"minecraft:boat_one_cm":532686,"minecraft:interact_with_lectern":5,"minecraft:total_world_time":953544,"minecraft:time_since_rest":56446,"minecraft:damage_taken":7592,"minecraft:swim_one_cm":409382,"minecraft:fly_one_cm":2670410,"minecraft:open_chest":570,"minecraft:fall_one_cm":401612},"minecraft:dropped":{"minecraft:spruce_sign":9,"minecraft:iron_sword":2,"minecraft:porkchop":1,"minecraft:cooked_porkchop":21,"minecraft:glow_berries":1,"minecraft:leather":2,"minecraft:mangrove_planks":8,"minecraft:saddle":2,"travelersbackpack:standard":2,"minecraft:leather_helmet":1,"croptopia:apricot":1,"minecraft:red_carpet":1,"minecraft:flint":1,"minecraft:dirt":12,"minecraft:brush":3,"minecraft:yellow_dye":1,"minecraft:cornflower":1,"minecraft:mutton":1,"ring_of_repair:ring_of_repair":1,"minecraft:iron_pickaxe":4,"minecraft:white_wool":14,"ring_of_teleport:ring_of_teleport":1,"minecraft:bone":45,"minecraft:iron_nugget":5,"minecraft:cooked_chicken":4,"minecraft:pointed_dripstone":1,"croptopia:leek":1,"minecraft:rotten_flesh":7,"minecraft:cooked_mutton":4,"minecraft:salmon":10,"minecraft:ward_armor_trim_smithing_template":1,"minecraft:poppy":1,"minecraft:gunpowder":7,"croptopia:blueberry":1,"minecraft:beetroot_seeds":1,"minecraft:spruce_slab":1,"minecraft:arrow":4,"minecraft:egg":1,"minecraft:bread":30,"minecraft:wheat_seeds":14,"minecraft:lilac":3,"minecraft:mossy_cobblestone":1,"minecraft:iron_helmet":2,"minecraft:granite":7,"croptopia:olive":3,"minecraft:golden_apple":1,"minecraft:stick":7,"croptopia:ginger_seed":1,"croptopia:celery_seed":1,"minecraft:diamond_horse_armor":3,"minecraft:torch":64,"minecraft:iron_leggings":2,"minecraft:armadillo_scute":8,"minecraft:iron_axe":1,"minecraft:iron_shovel":1,"croptopia:plum":1,"minecraft:bucket":1,"minecraft:acacia_planks":64,"travelersbackpack:diamond":4,"croptopia:leek_seed":1,"minecraft:iron_boots":2,"croptopia:salt_ore":1,"minecraft:pumpkin_seeds":1,"minecraft:lily_of_the_valley":4,"minecraft:filled_map":1,"minecraft:wolf_armor":1,"minecraft:shield":3,"minecraft:peony":9,"minecraft:iron_chestplate":2,"minecraft:andesite":2,"minecraft:oak_sapling":1,"minecraft:spider_eye":3,"minecraft:stone_pickaxe":4,"minecraft:brick":8},"minecraft:broken":{"minecraft:iron_shovel":9,"minecraft:iron_boots":1,"minecraft:stone_pickaxe":2,"minecraft:stone_axe":1,"minecraft:iron_sword":3,"minecraft:wooden_axe":1,"minecraft:stone_sword":2,"minecraft:wooden_pickaxe":1,"minecraft:brush":4,"minecraft:iron_axe":1,"minecraft:iron_pickaxe":4,"minecraft:iron_helmet":2}},"DataVersion":3839}