{"stats":{"minecraft:used":{"minecraft:writable_book":1,"minecraft:dead_horn_coral_block":1,"minecraft:spruce_slab":1,"minecraft:poppy":1,"minecraft:chest":29,"travelersbackpack:diamond":11,"minecraft:rotten_flesh":109,"minecraft:acacia_button":1,"minecraft:azure_bluet":1,"minecraft:grass_block":1,"minecraft:music_disc_wait":1,"minecraft:bow":3,"minecraft:sweet_berries":2,"croptopia:lime":1,"minecraft:furnace":27,"minecraft:cooked_cod":8,"minecraft:acacia_fence":1,"minecraft:egg":56,"minecraft:mossy_stone_bricks":5,"minecraft:diorite":6,"minecraft:damaged_anvil":2,"minecraft:prismarine":3,"minecraft:cactus":11,"minecraft:wooden_pickaxe":59,"minecraft:cookie":20,"minecraft:glow_berries":23,"minecraft:sand":210,"croptopia:orange":7,"minecraft:lightning_rod":1,"croptopia:plum":4,"minecraft:lectern":1,"minecraft:diamond_sword":338,"minecraft:smithing_table":6,"minecraft:dark_oak_fence":2,"minecraft:birch_log":2,"minecraft:oak_boat":1,"croptopia:salt_ore":1,"minecraft:stone_sword":244,"minecraft:dead_tube_coral_block":1,"croptopia:popcorn":3,"minecraft:torch":977,"minecraft:brewing_stand":1,"minecraft:anvil":2,"minecraft:dead_brain_coral_block":1,"minecraft:sea_lantern":8,"minecraft:chipped_anvil":1,"minecraft:iron_axe":282,"travelersbackpack:squid":4,"minecraft:barrel":2,"travelersbackpack:hose":5,"minecraft:acacia_planks":2,"minecraft:cobbled_deepslate":87,"minecraft:calcite":1,"minecraft:water_bucket":178,"croptopia:celery":2,"croptopia:lemon":9,"minecraft:cracked_stone_bricks":2,"minecraft:mossy_cobblestone":5,"minecraft:crafting_table":22,"minecraft:white_bed":5,"minecraft:oak_log":4,"minecraft:dark_prismarine":6,"croptopia:yam":1,"minecraft:diamond_pickaxe":1231,"minecraft:iron_pickaxe":1653,"minecraft:suspicious_stew":3,"minecraft:chiseled_stone_bricks":1,"minecraft:cobblestone":207,"travelersbackpack:standard":10,"minecraft:cooked_porkchop":5,"minecraft:brush":3,"minecraft:dandelion":1,"minecraft:jukebox":1,"dark-enchanting:dark_enchanter":2,"minecraft:red_sand":3,"minecraft:iron_shovel":2980,"minecraft:decorated_pot":11,"minecraft:shield":127,"minecraft:iron_sword":1043,"minecraft:bell":1,"ring_of_teleport:ring_of_teleport":1,"minecraft:iron_chestplate":1,"minecraft:tuff":10,"minecraft:music_disc_13":1,"minecraft:glass":1,"minecraft:iron_helmet":1,"minecraft:stone_bricks":1,"minecraft:repeater":2,"croptopia:pear":2,"minecraft:stone_pickaxe":277,"minecraft:oak_planks":1,"minecraft:mangrove_planks":1,"minecraft:sugar_cane":4,"minecraft:white_wool":1,"croptopia:rutabaga":1,"travelersbackpack:bee":3,"minecraft:acacia_door":2,"minecraft:bread":74,"minecraft:gravel":8,"croptopia:toast":15,"minecraft:andesite":5,"croptopia:cantaloupe":1,"minecraft:coarse_dirt":1,"minecraft:experience_bottle":3,"minecraft:stone_shovel":304,"minecraft:cooked_chicken":15,"minecraft:oak_door":1,"minecraft:dirt":930,"minecraft:spruce_stairs":1,"croptopia:pizza":1,"minecraft:wooden_axe":60,"croptopia:squash":2,"croptopia:strawberry":2,"minecraft:cooked_beef":30,"minecraft:beetroot_soup":1,"minecraft:mangrove_boat":1,"minecraft:cooked_mutton":27,"minecraft:baked_potato":7,"croptopia:apricot":14,"minecraft:music_disc_cat":1,"croptopia:cherry":3,"minecraft:painting":4,"minecraft:acacia_stairs":1,"minecraft:apple":4,"minecraft:map":1,"minecraft:stone_axe":133,"croptopia:kiwi":1,"minecraft:bucket":182,"minecraft:sea_pickle":11},"minecraft:custom":{"minecraft:interact_with_crafting_table":149,"minecraft:open_barrel":90,"goblintraders:trade_with_goblin":204,"minecraft:bell_ring":61,"minecraft:leave_game":10,"minecraft:time_since_death":898938,"minecraft:damage_blocked_by_shield":2741,"minecraft:play_time":1269309,"minecraft:deaths":7,"minecraft:jump":19473,"minecraft:enchant_item":10,"minecraft:interact_with_furnace":233,"minecraft:play_record":3,"minecraft:sleep_in_bed":24,"minecraft:waystone_activated":14,"minecraft:damage_dealt":80500,"minecraft:interact_with_smoker":1,"minecraft:inspect_dispenser":9,"minecraft:horse_one_cm":69337,"minecraft:interact_with_smithing_table":28,"minecraft:interact_with_anvil":1,"minecraft:sneak_time":58713,"minecraft:interact_with_lectern":5,"minecraft:total_world_time":1269309,"minecraft:time_since_rest":32039,"minecraft:swim_one_cm":591713,"minecraft:fly_one_cm":3716782,"minecraft:open_chest":949,"minecraft:fall_one_cm":540611,"minecraft:sprint_one_cm":2803081,"minecraft:drop":166,"minecraft:talked_to_villager":7,"minecraft:interact_with_brewingstand":2,"minecraft:walk_on_water_one_cm":314377,"minecraft:interact_with_loom":2,"minecraft:open_enderchest":6,"minecraft:crouch_one_cm":195896,"minecraft:mob_kills":483,"minecraft:climb_one_cm":35461,"minecraft:walk_one_cm":2568340,"minecraft:raid_win":1,"minecraft:walk_under_water_one_cm":145719,"minecraft:boat_one_cm":532686,"minecraft:raid_trigger":1,"minecraft:damage_taken":11016,"minecraft:trigger_trapped_chest":23},"minecraft:broken":{"minecraft:iron_boots":1,"minecraft:iron_chestplate":1,"minecraft:iron_leggings":1,"minecraft:iron_sword":3,"minecraft:stone_sword":2,"minecraft:wooden_pickaxe":1,"minecraft:brush":4,"minecraft:iron_axe":1,"minecraft:iron_pickaxe":5,"minecraft:iron_helmet":2,"minecraft:iron_shovel":11,"minecraft:stone_pickaxe":2,"minecraft:stone_axe":1,"minecraft:wooden_axe":1,"minecraft:stone_shovel":1},"minecraft:killed":{"minecraft:cave_spider":2,"minecraft:cod":5,"minecraft:skeleton":79,"minecraft:chicken":22,"minecraft:tropical_fish":1,"minecraft:pillager":25,"minecraft:zombie":139,"minecraft:glow_squid":1,"minecraft:cow":34,"minecraft:vindicator":6,"minecraft:horse":5,"minecraft:husk":4,"minecraft:rabbit":1,"minecraft:ravager":1,"minecraft:enderman":6,"minecraft:witch":1,"minecraft:spider":42,"minecraft:pig":18,"minecraft:zombie_villager":2,"minecraft:creeper":20,"minecraft:sheep":33,"minecraft:armadillo":1,"minecraft:slime":1,"minecraft:phantom":6,"friendsandfoes:mauler":2,"minecraft:drowned":7},"minecraft:mined":{"croptopia:pepper_crop":1,"croptopia:grape_crop":1,"minecraft:obsidian":22,"minecraft:red_sand":35,"minecraft:granite":54,"croptopia:lime_crop":1,"minecraft:acacia_log":83,"minecraft:oak_pressure_plate":1,"minecraft:coal_block":3,"minecraft:tube_coral_block":1,"minecraft:oxeye_daisy":2,"minecraft:chiseled_stone_bricks":1,"minecraft:spawner":15,"minecraft:polished_blackstone_bricks":1,"minecraft:magma_block":2,"minecraft:cobbled_deepslate":15,"minecraft:barrel":2,"minecraft:pumpkin":1,"minecraft:deepslate_lapis_ore":30,"minecraft:sculk_shrieker":1,"minecraft:oak_stairs":6,"minecraft:tripwire":30,"minecraft:amethyst_cluster":12,"minecraft:torch":16,"minecraft:white_stained_glass_pane":1,"minecraft:dead_bush":22,"minecraft:dead_brain_coral_fan":1,"minecraft:glass":1,"minecraft:sugar_cane":15,"minecraft:damaged_anvil":2,"minecraft:amethyst_block":12,"travelersbackpack:diamond":5,"minecraft:repeater":2,"croptopia:pineapple_crop":1,"croptopia:tomatillo_crop":1,"minecraft:lilac":6,"croptopia:pear_crop":3,"minecraft:jukebox":1,"minecraft:piston":2,"minecraft:deepslate":275,"minecraft:suspicious_gravel":33,"minecraft:dark_prismarine":17,"croptopia:orange_crop":7,"minecraft:mossy_cobblestone":11,"minecraft:sea_lantern":4,"minecraft:redstone_ore":6,"minecraft:andesite":72,"minecraft:cobblestone_slab":1,"minecraft:vine":6,"minecraft:bamboo":1,"minecraft:bone_block":3,"minecraft:ender_chest":1,"minecraft:smithing_table":5,"minecraft:lily_of_the_valley":6,"minecraft:dandelion":8,"minecraft:cornflower":1,"minecraft:short_grass":645,"minecraft:sponge":4,"croptopia:lemon_crop":10,"minecraft:tall_grass":12,"minecraft:copper_ore":62,"minecraft:deepslate_gold_ore":52,"minecraft:diorite":88,"croptopia:olive_crop":1,"travelersbackpack:squid":1,"minecraft:red_terracotta":8,"minecraft:coarse_dirt":1,"minecraft:spruce_log":7,"minecraft:birch_leaves":4,"croptopia:celery_crop":2,"minecraft:gravel":888,"minecraft:dripstone_block":8,"croptopia:rutabaga_crop":1,"minecraft:cobweb":18,"minecraft:brown_terracotta":47,"minecraft:acacia_planks":12,"minecraft:stone_bricks":2,"minecraft:chipped_anvil":1,"minecraft:gold_ore":42,"minecraft:fern":1,"croptopia:cantaloupe_crop":1,"croptopia:greenbean_crop":1,"minecraft:cobbled_deepslate_stairs":1,"minecraft:sculk_vein":5,"minecraft:brewing_stand":1,"minecraft:spruce_trapdoor":1,"minecraft:budding_amethyst":3,"minecraft:grass_block":1418,"minecraft:mangrove_fence":2,"minecraft:soul_soil":1,"minecraft:raw_iron_block":4,"croptopia:cherry_crop":3,"minecraft:sculk_catalyst":2,"minecraft:iron_ore":241,"minecraft:anvil":3,"minecraft:azure_bluet":2,"minecraft:pointed_dripstone":17,"minecraft:iron_bars":1,"minecraft:spruce_slab":2,"minecraft:dead_fire_coral":1,"minecraft:deepslate_redstone_ore":41,"minecraft:medium_amethyst_bud":1,"minecraft:orange_terracotta":7,"minecraft:clay":1,"minecraft:calcite":4,"minecraft:poppy":5,"minecraft:chest":24,"minecraft:cobblestone":46,"minecraft:prismarine":27,"minecraft:oak_planks":10,"minecraft:wall_torch":11,"minecraft:birch_log":45,"croptopia:apricot_crop":5,"minecraft:oak_log":184,"croptopia:salt_ore":1,"minecraft:sand":505,"minecraft:dirt":692,"minecraft:netherrack":2,"minecraft:oak_leaves":78,"minecraft:emerald_block":15,"minecraft:crying_obsidian":4,"minecraft:tuff":45,"minecraft:deepslate_diamond_ore":39,"minecraft:candle":1,"minecraft:decorated_pot":52,"dark-enchanting:dark_enchanter":1,"minecraft:furnace":22,"minecraft:acacia_stairs":2,"minecraft:peony":9,"minecraft:gold_block":25,"minecraft:bell":3,"minecraft:dead_horn_coral_block":1,"croptopia:squash_crop":2,"minecraft:bookshelf":17,"minecraft:deepslate_iron_ore":81,"minecraft:wet_sponge":4,"minecraft:stone":1137,"minecraft:acacia_leaves":2,"minecraft:red_wool":5,"travelersbackpack:standard":6,"minecraft:oak_fence":2,"minecraft:crafting_table":20,"minecraft:andesite_slab":1,"minecraft:sculk_sensor":2,"minecraft:lectern":1,"minecraft:lapis_ore":13,"minecraft:sculk":6,"minecraft:prismarine_bricks":10,"minecraft:spruce_stairs":2,"minecraft:cactus":15,"croptopia:plum_crop":5,"minecraft:sea_pickle":5,"minecraft:mangrove_planks":10,"croptopia:yam_crop":1,"croptopia:dragonfruit_crop":2,"croptopia:tomato_crop":1,"croptopia:hops_crop":1,"minecraft:dead_brain_coral_block":1,"minecraft:coal_ore":469,"minecraft:cocoa":1,"croptopia:kiwi_crop":1,"minecraft:lodestone":1,"minecraft:cracked_stone_bricks":3,"minecraft:terracotta":30,"minecraft:mossy_stone_bricks":5},"minecraft:dropped":{"minecraft:iron_sword":2,"minecraft:porkchop":1,"minecraft:cooked_porkchop":21,"minecraft:glow_berries":1,"minecraft:saddle":2,"minecraft:leather_helmet":1,"minecraft:red_carpet":1,"minecraft:dirt":12,"minecraft:yellow_dye":1,"ring_of_repair:ring_of_repair":1,"minecraft:iron_pickaxe":4,"minecraft:white_wool":14,"minecraft:bone":46,"minecraft:oak_door":2,"minecraft:iron_nugget":5,"minecraft:cooked_chicken":6,"croptopia:leek":1,"minecraft:rotten_flesh":25,"minecraft:salmon":10,"minecraft:spruce_slab":1,"croptopia:mustard":1,"minecraft:egg":3,"minecraft:iron_ingot":2,"minecraft:wheat_seeds":23,"minecraft:iron_helmet":2,"minecraft:granite":7,"croptopia:olive":3,"minecraft:golden_apple":1,"croptopia:ginger_seed":1,"minecraft:diamond_horse_armor":3,"croptopia:celery_seed":1,"minecraft:armadillo_scute":8,"minecraft:iron_shovel":1,"minecraft:acacia_planks":64,"minecraft:cocoa_beans":9,"minecraft:bowl":1,"minecraft:stone_shovel":1,"croptopia:leek_seed":1,"minecraft:chicken":1,"minecraft:iron_boots":2,"croptopia:salt_ore":1,"minecraft:pumpkin_seeds":1,"minecraft:lily_of_the_valley":4,"minecraft:wolf_armor":1,"minecraft:diamond_sword":2,"minecraft:peony":9,"minecraft:spider_eye":4,"minecraft:bow":2,"minecraft:terracotta":28,"croptopia:pineapple_seed":2,"minecraft:spruce_sign":9,"minecraft:decorated_pot":6,"minecraft:leather":2,"minecraft:mangrove_planks":8,"travelersbackpack:standard":3,"croptopia:apricot":1,"minecraft:flint":1,"minecraft:brush":3,"minecraft:cornflower":1,"minecraft:mutton":2,"ring_of_teleport:ring_of_teleport":1,"minecraft:gravel":128,"minecraft:pointed_dripstone":1,"minecraft:cooked_mutton":4,"minecraft:ward_armor_trim_smithing_template":1,"minecraft:poppy":1,"minecraft:gunpowder":7,"croptopia:blueberry":1,"minecraft:beetroot_seeds":1,"minecraft:arrow":4,"minecraft:bread":30,"minecraft:lilac":3,"minecraft:mossy_cobblestone":1,"minecraft:stick":7,"minecraft:diorite":3,"minecraft:torch":76,"minecraft:iron_leggings":2,"minecraft:iron_axe":1,"croptopia:plum":1,"minecraft:bucket":1,"travelersbackpack:diamond":4,"minecraft:filled_map":2,"minecraft:shield":3,"minecraft:iron_chestplate":2,"minecraft:andesite":11,"minecraft:oak_sapling":1,"minecraft:stone_pickaxe":4,"minecraft:calcite":2,"minecraft:brick":8},"minecraft:picked_up":{"minecraft:wooden_axe":1,"minecraft:iron_chestplate":2,"minecraft:prismarine_shard":19,"minecraft:anvil":3,"croptopia:grape_seed":4,"croptopia:tomatillo_seed":3,"minecraft:diamond_sword":2,"minecraft:smithing_table":5,"minecraft:lead":7,"minecraft:oak_stairs":3,"minecraft:enchanted_book":2,"minecraft:brewing_stand":1,"minecraft:amethyst_block":12,"minecraft:music_disc_cat":2,"minecraft:string":111,"minecraft:soul_soil":1,"minecraft:beetroot_soup":1,"minecraft:gold_nugget":27,"minecraft:cobbled_deepslate":316,"minecraft:coal_block":3,"minecraft:jukebox":1,"minecraft:acacia_log":82,"minecraft:stone_sword":5,"minecraft:tropical_fish":10,"minecraft:armadillo_scute":17,"minecraft:iron_bars":1,"minecraft:sponge":8,"minecraft:birch_log":61,"minecraft:magma_block":6,"minecraft:feather":32,"minecraft:water_bucket":1,"minecraft:flint":109,"croptopia:celery":4,"minecraft:lantern":9,"croptopia:kiwi_seed":1,"minecraft:chipped_anvil":1,"minecraft:rabbit":1,"croptopia:roe":8,"minecraft:honeycomb":6,"croptopia:lime":1,"croptopia:plum":5,"croptopia:celery_seed":5,"minecraft:ink_sac":14,"minecraft:acacia_stairs":5,"minecraft:red_terracotta":8,"minecraft:barrel":2,"croptopia:cherry":16,"minecraft:lever":1,"minecraft:dead_brain_coral_block":2,"minecraft:granite":58,"minecraft:acacia_chest_boat":1,"minecraft:bread":37,"minecraft:dark_oak_fence":2,"minecraft:crafting_table":24,"minecraft:coarse_dirt":1,"minecraft:shelter_pottery_sherd":1,"minecraft:clay_ball":4,"minecraft:acacia_button":2,"minecraft:dead_horn_coral_block":2,"minecraft:cornflower":1,"minecraft:acacia_door":1,"minecraft:flint_and_steel":1,"minecraft:cracked_stone_bricks":2,"minecraft:beef":77,"minecraft:iron_nugget":5,"minecraft:poppy":4,"minecraft:spruce_slab":2,"minecraft:chest":27,"minecraft:birch_sapling":16,"minecraft:piston":4,"minecraft:diamond_hoe":1,"minecraft:egg":61,"minecraft:fire_charge":1,"minecraft:carrot":2,"minecraft:redstone":309,"minecraft:prismarine_crystals":20,"minecraft:decorated_pot":17,"minecraft:beetroot_seeds":7,"minecraft:peony":9,"minecraft:gold_ingot":19,"minecraft:glow_berries":1,"minecraft:mutton":54,"minecraft:rail":1,"minecraft:bone_block":6,"minecraft:white_wool":61,"minecraft:oxeye_daisy":2,"croptopia:glowing_calamari":2,"minecraft:filled_map":1,"minecraft:oak_log":234,"minecraft:golden_boots":1,"minecraft:white_banner":3,"croptopia:olive":1,"minecraft:apple":30,"minecraft:stone_bricks":1,"croptopia:squash":2,"minecraft:stone_pickaxe":3,"croptopia:tomato":1,"minecraft:mangrove_planks":22,"minecraft:arms_up_pottery_sherd":2,"minecraft:iron_sword":4,"minecraft:dark_oak_slab":8,"minecraft:sweet_berries":4,"minecraft:red_wool":26,"minecraft:gravel":881,"croptopia:rutabaga_seed":4,"minecraft:spruce_log":7,"minecraft:crying_obsidian":4,"minecraft:sea_lantern":5,"minecraft:leather_helmet":1,"travelersbackpack:standard":8,"minecraft:slime_ball":1,"minecraft:stone_axe":2,"croptopia:orange":7,"minecraft:painting":5,"minecraft:gray_wool":1,"minecraft:lodestone":1,"minecraft:baked_potato":20,"minecraft:melon_seeds":2,"minecraft:ender_pearl":7,"minecraft:wheat":3,"minecraft:potion":3,"minecraft:dead_tube_coral_block":2,"croptopia:cantaloupe":1,"croptopia:pizza":1,"minecraft:raw_copper":269,"travelersbackpack:diamond":8,"minecraft:iron_leggings":5,"minecraft:experience_bottle":3,"minecraft:sea_pickle":20,"minecraft:red_sand":23,"minecraft:bucket":1,"minecraft:calcite":3,"minecraft:iron_pickaxe":5,"minecraft:furnace":24,"minecraft:iron_boots":4,"minecraft:tipped_arrow":15,"minecraft:stick":133,"minecraft:acacia_fence":1,"minecraft:brown_terracotta":46,"minecraft:oak_fence":3,"minecraft:torch":372,"croptopia:rutabaga":1,"minecraft:spruce_stairs":2,"minecraft:porkchop":31,"croptopia:olive_seed":1,"minecraft:pointed_dripstone":89,"minecraft:diorite":82,"minecraft:cactus":31,"minecraft:rotten_flesh":221,"croptopia:squash_seed":2,"minecraft:obsidian":28,"minecraft:cod":4,"minecraft:cobblestone":1241,"minecraft:nautilus_shell":1,"minecraft:lilac":5,"minecraft:repeater":2,"minecraft:andesite":73,"minecraft:potato":16,"minecraft:tuff":47,"minecraft:prismarine_bricks":27,"minecraft:lapis_lazuli":413,"minecraft:dirt":2366,"minecraft:mangrove_fence":2,"minecraft:bone":119,"minecraft:acacia_planks":12,"minecraft:bow":6,"minecraft:wheat_seeds":99,"minecraft:raw_gold":162,"minecraft:bell":3,"travelersbackpack:bee":1,"croptopia:popcorn":1,"minecraft:mossy_stone_bricks":5,"minecraft:bamboo":11,"minecraft:prismarine":52,"minecraft:oak_planks":13,"croptopia:yam":1,"croptopia:dragonfruit":2,"travelersbackpack:squid":1,"minecraft:music_disc_13":2,"croptopia:mustard":1,"minecraft:oak_pressure_plate":2,"minecraft:sand":569,"dark-enchanting:dark_enchanter":1,"minecraft:grass_block":2,"minecraft:lily_of_the_valley":4,"minecraft:mossy_cobblestone":6,"minecraft:dark_prismarine":46,"croptopia:hops_seed":2,"minecraft:diamond":67,"waystones:waystone":1,"croptopia:pineapple_seed":2,"minecraft:golden_apple":1,"minecraft:spruce_sign":10,"minecraft:emerald":69,"minecraft:oak_sapling":26,"minecraft:fishing_rod":2,"minecraft:cocoa_beans":9,"minecraft:azure_bluet":2,"minecraft:chicken":28,"minecraft:ladder":1,"minecraft:chest_minecart":1,"minecraft:wooden_pickaxe":1,"minecraft:gold_block":27,"minecraft:diamond_horse_armor":2,"minecraft:brick":120,"minecraft:shield":5,"minecraft:iron_axe":1,"croptopia:salt_ore":2,"croptopia:pear":2,"minecraft:candle":8,"croptopia:tomatillo":2,"croptopia:tomato_seed":1,"minecraft:lectern":1,"minecraft:sugar_cane":44,"minecraft:phantom_membrane":3,"minecraft:raw_iron":433,"minecraft:copper_ingot":2,"croptopia:greenbean_seed":1,"minecraft:bowl":3,"minecraft:cookie":20,"croptopia:yam_seed":4,"minecraft:iron_horse_armor":1,"croptopia:grape":2,"croptopia:cantaloupe_seed":1,"minecraft:arrow":206,"minecraft:golden_hoe":1,"minecraft:saddle":3,"minecraft:wet_sponge":8,"minecraft:glow_ink_sac":7,"minecraft:salmon":7,"minecraft:leather":63,"minecraft:birch_planks":1,"minecraft:cobbled_deepslate_stairs":1,"minecraft:gunpowder":52,"minecraft:orange_terracotta":7,"minecraft:cooked_mutton":1,"minecraft:red_carpet":2,"minecraft:rabbit_hide":2,"minecraft:iron_ingot":14,"croptopia:pineapple":1,"minecraft:cooked_chicken":5,"croptopia:kiwi":1,"minecraft:acacia_sapling":8,"minecraft:book":51,"minecraft:emerald_block":15,"minecraft:pumpkin":6,"croptopia:apricot":5,"minecraft:chiseled_stone_bricks":1,"minecraft:dripstone_block":12,"minecraft:dandelion":7,"minecraft:raw_iron_block":4,"croptopia:hops":1,"minecraft:amethyst_shard":60,"minecraft:red_banner":6,"minecraft:white_bed":1,"minecraft:spider_eye":26,"minecraft:pumpkin_seeds":1,"croptopia:lemon":9,"minecraft:iron_helmet":6,"croptopia:greenbean":1,"minecraft:terracotta":28,"minecraft:damaged_anvil":2,"minecraft:black_wool":1,"minecraft:coal":926},"minecraft:killed_by":{"minecraft:pufferfish":1,"minecraft:zombie":2,"minecraft:warden":2,"minecraft:creeper":1},"minecraft:crafted":{"travelersbackpack:crafting_upgrade":5,"minecraft:wolf_armor":2,"travelersbackpack:diamond":9,"minecraft:cooked_mutton":30,"minecraft:glass":150,"minecraft:music_disc_wait":1,"minecraft:emerald":54,"minecraft:cooked_porkchop":30,"travelersbackpack:standard":5,"minecraft:smithing_table":1,"minecraft:copper_ingot":137,"travelersbackpack:red_sleeping_bag":1,"minecraft:iron_pickaxe":10,"minecraft:iron_block":39,"minecraft:gold_ingot":187,"minecraft:acacia_door":3,"minecraft:stone_shovel":2,"ring_of_repair:ring_of_repair":3,"travelersbackpack:gold_tier_upgrade":5,"travelersbackpack:blank_upgrade":16,"travelersbackpack:white_sleeping_bag":1,"minecraft:stone_pickaxe":2,"minecraft:coal_block":21,"minecraft:enchanting_table":1,"dark-enchanting:dark_enchanter":1,"minecraft:wooden_axe":1,"minecraft:iron_shovel":14,"minecraft:iron_leggings":4,"minecraft:white_bed":3,"minecraft:oak_planks":212,"minecraft:cooked_chicken":16,"travelersbackpack:hose_nozzle":2,"minecraft:lightning_rod":1,"minecraft:mangrove_boat":1,"minecraft:green_dye":9,"minecraft:bow":4,"minecraft:iron_boots":4,"minecraft:raw_copper":117,"minecraft:chest":17,"minecraft:copper_block":8,"minecraft:raw_iron_block":22,"ring_of_teleport:ring_of_teleport":1,"travelersbackpack:iron_tier_upgrade":4,"minecraft:crafting_table":8,"minecraft:spruce_planks":4,"minecraft:wooden_pickaxe":1,"minecraft:iron_helmet":4,"minecraft:brush":11,"minecraft:gold_block":14,"minecraft:birch_planks":68,"travelersbackpack:blue_sleeping_bag":1,"minecraft:iron_chestplate":4,"minecraft:diamond_pickaxe":2,"minecraft:emerald_block":17,"minecraft:yellow_dye":2,"minecraft:shield":4,"minecraft:stick":264,"minecraft:iron_ingot":675,"minecraft:stone_sword":1,"travelersbackpack:cow":4,"minecraft:shears":1,"minecraft:oak_door":3,"minecraft:raw_iron":268,"minecraft:coal":35,"minecraft:furnace":10,"minecraft:raw_copper_block":13,"minecraft:iron_axe":3,"travelersbackpack:diamond_tier_upgrade":2,"travelersbackpack:hose":2,"minecraft:cooked_beef":46,"minecraft:cooked_cod":8,"travelersbackpack:backpack_tank":14,"minecraft:iron_sword":8,"minecraft:bucket":2,"minecraft:stone_axe":1,"minecraft:bread":1,"minecraft:air":0,"travelersbackpack:squid":4,"minecraft:oak_boat":1,"minecraft:white_wool":8,"minecraft:anvil":2,"minecraft:acacia_planks":184,"minecraft:torch":788,"minecraft:lapis_block":34}},"DataVersion":3839}