{"stats":{"minecraft:broken":{"minecraft:iron_shovel":11,"minecraft:iron_boots":1,"minecraft:iron_chestplate":1,"minecraft:iron_leggings":1,"minecraft:stone_pickaxe":2,"minecraft:stone_axe":1,"minecraft:iron_sword":3,"minecraft:wooden_axe":1,"minecraft:stone_shovel":1,"minecraft:stone_sword":2,"minecraft:wooden_pickaxe":1,"minecraft:brush":4,"minecraft:iron_axe":1,"minecraft:iron_pickaxe":4,"minecraft:iron_helmet":2},"minecraft:used":{"travelersbackpack:diamond":11,"minecraft:writable_book":1,"minecraft:red_sand":3,"minecraft:iron_shovel":2858,"minecraft:shield":107,"minecraft:dead_horn_coral_block":1,"minecraft:rotten_flesh":109,"minecraft:chest":27,"minecraft:spruce_slab":1,"ring_of_teleport:ring_of_teleport":1,"minecraft:poppy":1,"minecraft:iron_sword":1043,"minecraft:decorated_pot":11,"minecraft:iron_chestplate":1,"minecraft:acacia_button":1,"minecraft:tuff":10,"minecraft:azure_bluet":1,"minecraft:iron_helmet":1,"minecraft:stone_bricks":1,"minecraft:repeater":2,"minecraft:bow":3,"minecraft:sweet_berries":2,"croptopia:lime":1,"minecraft:furnace":27,"minecraft:cooked_cod":8,"minecraft:acacia_fence":1,"minecraft:egg":31,"croptopia:pear":2,"minecraft:mossy_stone_bricks":5,"minecraft:diorite":6,"minecraft:oak_planks":1,"minecraft:stone_pickaxe":277,"minecraft:prismarine":3,"minecraft:mangrove_planks":1,"minecraft:cactus":11,"minecraft:wooden_pickaxe":59,"minecraft:sugar_cane":4,"minecraft:white_wool":1,"minecraft:glow_berries":23,"minecraft:sand":210,"croptopia:rutabaga":1,"croptopia:orange":7,"croptopia:plum":4,"minecraft:acacia_door":2,"minecraft:bread":66,"minecraft:lectern":1,"minecraft:gravel":8,"minecraft:diamond_sword":84,"croptopia:toast":6,"minecraft:dark_oak_fence":2,"minecraft:smithing_table":6,"minecraft:andesite":5,"minecraft:birch_log":2,"croptopia:cantaloupe":1,"minecraft:coarse_dirt":1,"minecraft:oak_boat":1,"minecraft:experience_bottle":3,"croptopia:salt_ore":1,"minecraft:dead_tube_coral_block":1,"minecraft:stone_sword":244,"minecraft:stone_shovel":304,"croptopia:popcorn":3,"minecraft:cooked_chicken":12,"minecraft:oak_door":1,"minecraft:torch":890,"minecraft:dirt":887,"minecraft:anvil":1,"minecraft:spruce_stairs":1,"minecraft:dead_brain_coral_block":1,"croptopia:pizza":1,"minecraft:wooden_axe":60,"minecraft:sea_lantern":8,"minecraft:chipped_anvil":1,"minecraft:iron_axe":279,"minecraft:barrel":2,"minecraft:beetroot_soup":1,"minecraft:mangrove_boat":1,"travelersbackpack:hose":5,"croptopia:squash":2,"minecraft:cooked_beef":15,"croptopia:strawberry":2,"minecraft:cobbled_deepslate":86,"minecraft:acacia_planks":2,"minecraft:calcite":1,"minecraft:cooked_mutton":27,"minecraft:water_bucket":176,"croptopia:celery":2,"croptopia:lemon":9,"minecraft:baked_potato":7,"croptopia:apricot":14,"minecraft:cracked_stone_bricks":2,"minecraft:mossy_cobblestone":5,"minecraft:crafting_table":22,"croptopia:cherry":3,"minecraft:white_bed":5,"minecraft:acacia_stairs":1,"minecraft:dark_prismarine":6,"minecraft:oak_log":4,"minecraft:diamond_pickaxe":23,"minecraft:apple":4,"croptopia:yam":1,"minecraft:iron_pickaxe":1395,"minecraft:suspicious_stew":3,"minecraft:map":1,"minecraft:chiseled_stone_bricks":1,"minecraft:stone_axe":133,"minecraft:cobblestone":122,"croptopia:kiwi":1,"travelersbackpack:standard":9,"minecraft:cooked_porkchop":5,"minecraft:bucket":180,"minecraft:sea_pickle":11,"minecraft:brush":3},"minecraft:dropped":{"minecraft:spruce_sign":9,"minecraft:iron_sword":2,"minecraft:porkchop":1,"minecraft:cooked_porkchop":21,"minecraft:decorated_pot":6,"minecraft:glow_berries":1,"minecraft:leather":2,"minecraft:mangrove_planks":8,"minecraft:saddle":2,"travelersbackpack:standard":2,"minecraft:leather_helmet":1,"minecraft:red_carpet":1,"croptopia:apricot":1,"minecraft:flint":1,"minecraft:dirt":12,"minecraft:brush":3,"minecraft:yellow_dye":1,"minecraft:cornflower":1,"minecraft:mutton":2,"ring_of_repair:ring_of_repair":1,"minecraft:iron_pickaxe":4,"minecraft:white_wool":14,"ring_of_teleport:ring_of_teleport":1,"minecraft:bone":46,"minecraft:oak_door":2,"minecraft:gravel":128,"minecraft:iron_nugget":5,"minecraft:cooked_chicken":6,"minecraft:pointed_dripstone":1,"croptopia:leek":1,"minecraft:rotten_flesh":25,"minecraft:cooked_mutton":4,"minecraft:salmon":10,"minecraft:ward_armor_trim_smithing_template":1,"minecraft:poppy":1,"minecraft:gunpowder":7,"croptopia:blueberry":1,"minecraft:beetroot_seeds":1,"minecraft:spruce_slab":1,"minecraft:arrow":4,"croptopia:mustard":1,"minecraft:egg":3,"minecraft:iron_ingot":2,"minecraft:bread":30,"minecraft:wheat_seeds":23,"minecraft:lilac":3,"minecraft:mossy_cobblestone":1,"minecraft:iron_helmet":2,"minecraft:granite":7,"croptopia:olive":3,"minecraft:golden_apple":1,"minecraft:stick":7,"croptopia:ginger_seed":1,"minecraft:diamond_horse_armor":3,"croptopia:celery_seed":1,"minecraft:diorite":3,"minecraft:torch":76,"minecraft:iron_leggings":2,"minecraft:armadillo_scute":8,"minecraft:iron_axe":1,"minecraft:iron_shovel":1,"croptopia:plum":1,"minecraft:bucket":1,"minecraft:acacia_planks":64,"travelersbackpack:diamond":4,"minecraft:cocoa_beans":6,"minecraft:bowl":1,"croptopia:leek_seed":1,"minecraft:stone_shovel":1,"minecraft:chicken":1,"minecraft:iron_boots":2,"croptopia:salt_ore":1,"minecraft:pumpkin_seeds":1,"minecraft:lily_of_the_valley":4,"minecraft:filled_map":1,"minecraft:wolf_armor":1,"minecraft:diamond_sword":2,"minecraft:shield":3,"minecraft:peony":9,"minecraft:iron_chestplate":2,"minecraft:andesite":11,"minecraft:oak_sapling":1,"minecraft:spider_eye":3,"minecraft:stone_pickaxe":4,"minecraft:brick":8},"minecraft:mined":{"croptopia:cantaloupe_crop":1,"croptopia:pepper_crop":1,"croptopia:greenbean_crop":1,"minecraft:cobbled_deepslate_stairs":1,"croptopia:grape_crop":1,"minecraft:sculk_vein":5,"minecraft:spruce_trapdoor":1,"minecraft:obsidian":22,"croptopia:lime_crop":1,"minecraft:brewing_stand":1,"minecraft:budding_amethyst":3,"minecraft:acacia_log":83,"minecraft:granite":14,"minecraft:red_sand":35,"minecraft:grass_block":1397,"minecraft:mangrove_fence":2,"minecraft:oak_pressure_plate":1,"minecraft:coal_block":3,"minecraft:soul_soil":1,"minecraft:tube_coral_block":1,"minecraft:oxeye_daisy":2,"minecraft:chiseled_stone_bricks":1,"minecraft:spawner":13,"minecraft:polished_blackstone_bricks":1,"minecraft:raw_iron_block":4,"minecraft:magma_block":2,"croptopia:cherry_crop":3,"minecraft:sculk_catalyst":2,"minecraft:iron_ore":232,"minecraft:barrel":2,"minecraft:cobbled_deepslate":15,"minecraft:pumpkin":1,"minecraft:anvil":2,"minecraft:deepslate_lapis_ore":24,"minecraft:azure_bluet":2,"minecraft:sculk_shrieker":1,"minecraft:pointed_dripstone":8,"minecraft:oak_stairs":6,"minecraft:iron_bars":1,"minecraft:spruce_slab":2,"minecraft:dead_fire_coral":1,"minecraft:tripwire":30,"minecraft:deepslate_redstone_ore":14,"minecraft:medium_amethyst_bud":1,"minecraft:amethyst_cluster":12,"minecraft:clay":1,"minecraft:torch":16,"minecraft:poppy":5,"minecraft:calcite":4,"minecraft:chest":20,"minecraft:dead_bush":22,"minecraft:white_stained_glass_pane":1,"minecraft:dead_brain_coral_fan":1,"minecraft:cobblestone":28,"minecraft:damaged_anvil":1,"minecraft:oak_planks":10,"minecraft:sugar_cane":15,"minecraft:prismarine":27,"minecraft:wall_torch":10,"minecraft:amethyst_block":12,"travelersbackpack:diamond":5,"minecraft:repeater":2,"croptopia:pineapple_crop":1,"minecraft:birch_log":45,"croptopia:tomatillo_crop":1,"minecraft:lilac":6,"croptopia:pear_crop":3,"minecraft:jukebox":1,"croptopia:apricot_crop":5,"minecraft:oak_log":184,"croptopia:salt_ore":1,"minecraft:sand":502,"minecraft:dirt":611,"minecraft:piston":2,"minecraft:oak_leaves":78,"minecraft:deepslate":94,"minecraft:emerald_block":15,"minecraft:suspicious_gravel":33,"minecraft:dark_prismarine":17,"minecraft:tuff":8,"croptopia:orange_crop":7,"minecraft:mossy_cobblestone":11,"minecraft:deepslate_diamond_ore":28,"minecraft:candle":1,"minecraft:sea_lantern":4,"minecraft:decorated_pot":51,"minecraft:redstone_ore":6,"minecraft:furnace":22,"minecraft:acacia_stairs":2,"minecraft:andesite":23,"minecraft:peony":9,"minecraft:gold_block":22,"minecraft:bell":3,"minecraft:dead_horn_coral_block":1,"minecraft:bookshelf":17,"croptopia:squash_crop":2,"minecraft:cobblestone_slab":1,"minecraft:deepslate_iron_ore":65,"minecraft:vine":6,"minecraft:wet_sponge":4,"minecraft:bamboo":1,"minecraft:stone":382,"minecraft:bone_block":3,"minecraft:ender_chest":1,"minecraft:smithing_table":5,"minecraft:acacia_leaves":2,"minecraft:red_wool":5,"minecraft:lily_of_the_valley":6,"minecraft:dandelion":7,"travelersbackpack:standard":6,"minecraft:oak_fence":2,"minecraft:crafting_table":20,"minecraft:cornflower":1,"minecraft:short_grass":638,"minecraft:sponge":4,"minecraft:andesite_slab":1,"minecraft:sculk_sensor":2,"minecraft:lectern":1,"minecraft:copper_ore":49,"croptopia:lemon_crop":10,"minecraft:tall_grass":10,"minecraft:lapis_ore":13,"minecraft:deepslate_gold_ore":27,"minecraft:diorite":24,"croptopia:olive_crop":1,"minecraft:sculk":6,"minecraft:prismarine_bricks":10,"minecraft:spruce_stairs":2,"minecraft:cactus":15,"minecraft:coarse_dirt":1,"minecraft:sea_pickle":5,"croptopia:plum_crop":5,"minecraft:spruce_log":7,"minecraft:birch_leaves":4,"minecraft:mangrove_planks":10,"croptopia:yam_crop":1,"croptopia:dragonfruit_crop":2,"croptopia:tomato_crop":1,"croptopia:hops_crop":1,"croptopia:celery_crop":2,"minecraft:dead_brain_coral_block":1,"minecraft:coal_ore":382,"minecraft:cocoa":1,"croptopia:kiwi_crop":1,"minecraft:gravel":863,"minecraft:cobweb":18,"minecraft:lodestone":1,"croptopia:rutabaga_crop":1,"minecraft:cracked_stone_bricks":3,"minecraft:terracotta":2,"minecraft:acacia_planks":12,"minecraft:stone_bricks":2,"minecraft:mossy_stone_bricks":5,"minecraft:gold_ore":37,"minecraft:chipped_anvil":1,"minecraft:fern":1},"minecraft:picked_up":{"minecraft:wooden_axe":1,"minecraft:iron_chestplate":2,"minecraft:wheat":3,"minecraft:anvil":2,"croptopia:grape_seed":4,"minecraft:prismarine_shard":19,"croptopia:tomatillo_seed":3,"minecraft:smithing_table":5,"minecraft:lead":7,"minecraft:diamond_sword":2,"minecraft:oak_stairs":3,"minecraft:potion":3,"minecraft:brewing_stand":1,"minecraft:amethyst_block":12,"minecraft:music_disc_cat":1,"minecraft:string":102,"minecraft:dead_tube_coral_block":2,"croptopia:cantaloupe":1,"minecraft:soul_soil":1,"minecraft:raw_copper":211,"travelersbackpack:diamond":8,"croptopia:pizza":1,"minecraft:iron_leggings":5,"minecraft:beetroot_soup":1,"minecraft:experience_bottle":3,"minecraft:sea_pickle":20,"minecraft:red_sand":22,"minecraft:gold_nugget":27,"minecraft:cobbled_deepslate":119,"minecraft:calcite":3,"minecraft:iron_pickaxe":5,"minecraft:coal_block":3,"minecraft:iron_boots":4,"minecraft:furnace":24,"minecraft:tipped_arrow":15,"minecraft:stick":133,"minecraft:acacia_fence":1,"minecraft:jukebox":1,"minecraft:oak_fence":3,"minecraft:torch":298,"croptopia:rutabaga":1,"minecraft:acacia_log":82,"minecraft:spruce_stairs":2,"minecraft:porkchop":31,"croptopia:olive_seed":1,"minecraft:pointed_dripstone":59,"minecraft:diorite":25,"minecraft:stone_sword":5,"minecraft:cactus":31,"minecraft:rotten_flesh":135,"croptopia:squash_seed":2,"minecraft:tropical_fish":10,"minecraft:armadillo_scute":17,"minecraft:obsidian":28,"minecraft:iron_bars":1,"minecraft:cod":4,"minecraft:sponge":8,"minecraft:cobblestone":510,"minecraft:birch_log":61,"minecraft:magma_block":6,"minecraft:feather":25,"minecraft:lilac":5,"minecraft:repeater":2,"minecraft:water_bucket":1,"minecraft:andesite":24,"minecraft:potato":16,"minecraft:flint":107,"minecraft:tuff":8,"minecraft:prismarine_bricks":27,"croptopia:celery":4,"minecraft:lapis_lazuli":224,"minecraft:dirt":2249,"minecraft:lantern":9,"croptopia:kiwi_seed":1,"minecraft:mangrove_fence":2,"minecraft:bone":84,"minecraft:chipped_anvil":1,"minecraft:acacia_planks":12,"minecraft:bow":6,"minecraft:wheat_seeds":98,"minecraft:raw_gold":83,"minecraft:bell":3,"minecraft:mossy_stone_bricks":5,"minecraft:bamboo":11,"croptopia:popcorn":1,"croptopia:roe":8,"minecraft:honeycomb":6,"minecraft:prismarine":52,"minecraft:oak_planks":13,"croptopia:lime":1,"croptopia:yam":1,"croptopia:dragonfruit":2,"minecraft:music_disc_13":1,"croptopia:plum":5,"croptopia:mustard":1,"minecraft:oak_pressure_plate":2,"croptopia:celery_seed":5,"minecraft:sand":566,"minecraft:ink_sac":14,"minecraft:grass_block":1,"minecraft:lily_of_the_valley":4,"minecraft:acacia_stairs":5,"minecraft:barrel":2,"minecraft:mossy_cobblestone":6,"minecraft:dark_prismarine":46,"croptopia:cherry":16,"croptopia:hops_seed":2,"minecraft:diamond":29,"minecraft:lever":1,"croptopia:pineapple_seed":2,"minecraft:dead_brain_coral_block":2,"minecraft:granite":22,"minecraft:spruce_sign":10,"minecraft:acacia_chest_boat":1,"minecraft:emerald":25,"minecraft:bread":36,"minecraft:oak_sapling":26,"minecraft:dark_oak_fence":2,"minecraft:shelter_pottery_sherd":1,"minecraft:fishing_rod":2,"minecraft:coarse_dirt":1,"minecraft:cocoa_beans":6,"minecraft:crafting_table":24,"minecraft:azure_bluet":2,"minecraft:chicken":21,"minecraft:ladder":1,"minecraft:clay_ball":4,"minecraft:chest_minecart":1,"minecraft:wooden_pickaxe":1,"minecraft:gold_block":24,"minecraft:diamond_horse_armor":2,"minecraft:acacia_button":2,"minecraft:dead_horn_coral_block":2,"minecraft:shield":5,"minecraft:brick":120,"minecraft:cornflower":1,"minecraft:iron_axe":1,"minecraft:acacia_door":1,"minecraft:flint_and_steel":1,"croptopia:salt_ore":2,"croptopia:pear":2,"minecraft:cracked_stone_bricks":2,"minecraft:candle":8,"croptopia:tomatillo":2,"croptopia:tomato_seed":1,"minecraft:beef":45,"minecraft:iron_nugget":5,"minecraft:poppy":4,"minecraft:sugar_cane":44,"minecraft:spruce_slab":2,"minecraft:lectern":1,"minecraft:chest":23,"minecraft:birch_sapling":16,"minecraft:phantom_membrane":3,"minecraft:piston":4,"minecraft:diamond_hoe":1,"minecraft:egg":36,"minecraft:raw_iron":351,"minecraft:copper_ingot":2,"croptopia:greenbean_seed":1,"minecraft:bowl":3,"minecraft:fire_charge":1,"minecraft:cookie":13,"minecraft:carrot":2,"minecraft:redstone":113,"minecraft:prismarine_crystals":20,"croptopia:yam_seed":4,"croptopia:grape":2,"minecraft:arrow":131,"croptopia:cantaloupe_seed":1,"minecraft:beetroot_seeds":1,"minecraft:decorated_pot":17,"minecraft:golden_hoe":1,"minecraft:peony":9,"minecraft:saddle":1,"minecraft:gold_ingot":19,"minecraft:glow_berries":1,"minecraft:mutton":44,"minecraft:oxeye_daisy":2,"minecraft:white_wool":59,"minecraft:bone_block":6,"minecraft:rail":1,"minecraft:wet_sponge":8,"minecraft:glow_ink_sac":7,"minecraft:salmon":7,"minecraft:leather":41,"croptopia:glowing_calamari":2,"minecraft:birch_planks":1,"minecraft:oak_log":234,"minecraft:golden_boots":1,"minecraft:cobbled_deepslate_stairs":1,"minecraft:gunpowder":24,"minecraft:cooked_mutton":1,"croptopia:olive":1,"minecraft:red_carpet":2,"minecraft:apple":30,"minecraft:stone_bricks":1,"croptopia:squash":2,"croptopia:pineapple":1,"minecraft:iron_ingot":13,"minecraft:stone_pickaxe":3,"minecraft:cooked_chicken":5,"croptopia:tomato":1,"minecraft:mangrove_planks":22,"minecraft:iron_sword":4,"minecraft:arms_up_pottery_sherd":2,"croptopia:kiwi":1,"minecraft:acacia_sapling":8,"minecraft:book":51,"minecraft:dark_oak_slab":8,"minecraft:emerald_block":15,"croptopia:apricot":5,"minecraft:pumpkin":6,"minecraft:sweet_berries":4,"minecraft:chiseled_stone_bricks":1,"minecraft:red_wool":26,"minecraft:dandelion":6,"minecraft:raw_iron_block":4,"minecraft:gravel":877,"croptopia:hops":1,"minecraft:amethyst_shard":60,"croptopia:rutabaga_seed":4,"minecraft:red_banner":6,"minecraft:white_bed":1,"minecraft:spruce_log":7,"minecraft:spider_eye":20,"minecraft:sea_lantern":5,"minecraft:leather_helmet":1,"travelersbackpack:standard":7,"croptopia:lemon":9,"minecraft:pumpkin_seeds":1,"minecraft:slime_ball":1,"minecraft:stone_axe":2,"croptopia:orange":7,"minecraft:iron_helmet":6,"minecraft:painting":3,"croptopia:greenbean":1,"minecraft:gray_wool":1,"minecraft:lodestone":1,"minecraft:baked_potato":20,"minecraft:damaged_anvil":1,"minecraft:black_wool":1,"minecraft:coal":694,"minecraft:ender_pearl":2},"minecraft:killed":{"minecraft:cave_spider":2,"minecraft:spider":37,"minecraft:cod":5,"minecraft:skeleton":66,"minecraft:chicken":20,"minecraft:tropical_fish":1,"minecraft:pig":18,"minecraft:zombie_villager":1,"minecraft:creeper":14,"minecraft:sheep":31,"minecraft:pillager":11,"minecraft:zombie":109,"minecraft:glow_squid":1,"minecraft:cow":26,"minecraft:armadillo":1,"minecraft:vindicator":4,"minecraft:slime":1,"minecraft:phantom":6,"minecraft:horse":5,"friendsandfoes:mauler":2,"minecraft:drowned":4,"minecraft:husk":4,"minecraft:enderman":3},"minecraft:custom":{"minecraft:interact_with_crafting_table":112,"minecraft:open_barrel":72,"goblintraders:trade_with_goblin":107,"minecraft:bell_ring":53,"minecraft:leave_game":8,"minecraft:time_since_death":695275,"minecraft:sprint_one_cm":2290798,"minecraft:damage_blocked_by_shield":2389,"minecraft:drop":157,"minecraft:talked_to_villager":6,"minecraft:play_time":1065646,"minecraft:deaths":7,"minecraft:jump":15752,"minecraft:walk_on_water_one_cm":290780,"minecraft:interact_with_furnace":206,"minecraft:interact_with_loom":2,"minecraft:sleep_in_bed":19,"minecraft:waystone_activated":10,"minecraft:open_enderchest":6,"minecraft:damage_dealt":61068,"minecraft:crouch_one_cm":181740,"minecraft:interact_with_smoker":1,"minecraft:interact_with_smithing_table":21,"minecraft:inspect_dispenser":9,"minecraft:horse_one_cm":69337,"minecraft:interact_with_anvil":1,"minecraft:mob_kills":389,"minecraft:climb_one_cm":29655,"minecraft:walk_one_cm":2266366,"minecraft:sneak_time":53828,"minecraft:walk_under_water_one_cm":127930,"minecraft:boat_one_cm":532686,"minecraft:interact_with_lectern":5,"minecraft:total_world_time":1065646,"minecraft:time_since_rest":47567,"minecraft:damage_taken":9467,"minecraft:trigger_trapped_chest":23,"minecraft:swim_one_cm":430984,"minecraft:fly_one_cm":2952940,"minecraft:open_chest":657,"minecraft:fall_one_cm":440552},"minecraft:killed_by":{"minecraft:creeper":1,"minecraft:pufferfish":1,"minecraft:zombie":2,"minecraft:warden":2},"minecraft:crafted":{"minecraft:oak_planks":192,"travelersbackpack:crafting_upgrade":2,"minecraft:cooked_chicken":13,"minecraft:wolf_armor":2,"travelersbackpack:hose_nozzle":2,"minecraft:mangrove_boat":1,"travelersbackpack:diamond":9,"minecraft:cooked_mutton":30,"minecraft:green_dye":9,"minecraft:glass":84,"minecraft:iron_boots":4,"minecraft:bow":4,"minecraft:raw_copper":117,"minecraft:chest":14,"minecraft:raw_iron_block":22,"ring_of_teleport:ring_of_teleport":1,"travelersbackpack:iron_tier_upgrade":2,"minecraft:cooked_porkchop":30,"minecraft:crafting_table":7,"travelersbackpack:standard":1,"minecraft:wooden_pickaxe":1,"minecraft:iron_helmet":4,"minecraft:brush":11,"minecraft:smithing_table":1,"minecraft:copper_ingot":77,"minecraft:gold_block":12,"minecraft:birch_planks":68,"minecraft:iron_chestplate":4,"minecraft:diamond_pickaxe":1,"minecraft:yellow_dye":2,"minecraft:shield":4,"minecraft:stick":264,"minecraft:iron_ingot":516,"minecraft:iron_pickaxe":10,"minecraft:iron_block":35,"minecraft:stone_sword":1,"minecraft:acacia_door":3,"minecraft:gold_ingot":83,"minecraft:shears":1,"minecraft:oak_door":3,"minecraft:coal":27,"minecraft:raw_iron":268,"minecraft:stone_shovel":2,"minecraft:furnace":10,"ring_of_repair:ring_of_repair":2,"minecraft:raw_copper_block":13,"travelersbackpack:blank_upgrade":8,"travelersbackpack:gold_tier_upgrade":2,"travelersbackpack:white_sleeping_bag":1,"minecraft:iron_axe":3,"minecraft:stone_pickaxe":2,"travelersbackpack:diamond_tier_upgrade":2,"travelersbackpack:hose":2,"minecraft:cooked_beef":24,"minecraft:cooked_cod":8,"travelersbackpack:backpack_tank":6,"minecraft:iron_sword":8,"minecraft:bucket":2,"minecraft:stone_axe":1,"minecraft:bread":1,"minecraft:air":0,"minecraft:oak_boat":1,"minecraft:white_wool":8,"minecraft:wooden_axe":1,"minecraft:iron_shovel":14,"minecraft:iron_leggings":4,"minecraft:anvil":2,"minecraft:white_bed":3,"minecraft:acacia_planks":184,"minecraft:torch":756}},"DataVersion":3839}