{"stats":{"minecraft:used":{"minecraft:red_sand":3,"minecraft:spruce_slab":1,"minecraft:decorated_pot":3,"minecraft:chest":11,"minecraft:shield":91,"minecraft:iron_sword":762,"travelersbackpack:diamond":9,"minecraft:rotten_flesh":104,"minecraft:iron_chestplate":1,"minecraft:tuff":10,"minecraft:bow":3,"minecraft:sweet_berries":2,"croptopia:lime":1,"minecraft:furnace":21,"minecraft:cooked_cod":8,"minecraft:egg":9,"minecraft:diorite":6,"minecraft:oak_planks":1,"minecraft:stone_pickaxe":277,"minecraft:prismarine":3,"minecraft:mangrove_planks":1,"minecraft:wooden_pickaxe":59,"minecraft:sugar_cane":4,"minecraft:white_wool":1,"minecraft:glow_berries":23,"minecraft:sand":2,"croptopia:rutabaga":1,"croptopia:orange":7,"croptopia:plum":4,"minecraft:acacia_door":2,"minecraft:bread":24,"minecraft:lectern":1,"minecraft:gravel":8,"minecraft:dark_oak_fence":2,"minecraft:smithing_table":5,"minecraft:andesite":4,"minecraft:birch_log":2,"minecraft:coarse_dirt":1,"croptopia:cantaloupe":1,"minecraft:experience_bottle":3,"croptopia:salt_ore":1,"minecraft:stone_sword":244,"minecraft:cooked_chicken":9,"minecraft:torch":581,"minecraft:dirt":65,"minecraft:spruce_stairs":1,"minecraft:wooden_axe":60,"minecraft:iron_axe":99,"minecraft:barrel":1,"croptopia:squash":2,"croptopia:strawberry":2,"minecraft:cooked_beef":8,"minecraft:acacia_planks":2,"minecraft:cobbled_deepslate":86,"minecraft:mangrove_boat":1,"minecraft:cooked_mutton":17,"minecraft:water_bucket":51,"croptopia:celery":1,"croptopia:lemon":8,"croptopia:apricot":14,"minecraft:mossy_cobblestone":1,"minecraft:crafting_table":22,"croptopia:cherry":3,"minecraft:white_bed":3,"minecraft:dark_prismarine":6,"minecraft:apple":2,"croptopia:yam":1,"minecraft:acacia_stairs":1,"minecraft:iron_pickaxe":1195,"minecraft:suspicious_stew":3,"minecraft:map":1,"minecraft:stone_axe":133,"minecraft:cobblestone":122,"croptopia:kiwi":1,"travelersbackpack:standard":9,"minecraft:cooked_porkchop":5,"minecraft:bucket":60,"minecraft:sea_pickle":1,"minecraft:brush":3},"minecraft:picked_up":{"minecraft:wooden_axe":1,"minecraft:iron_chestplate":2,"minecraft:wheat":3,"croptopia:grape_seed":2,"minecraft:anvil":1,"minecraft:prismarine_shard":19,"croptopia:tomatillo_seed":2,"minecraft:smithing_table":5,"minecraft:lead":1,"minecraft:oak_stairs":3,"minecraft:potion":2,"minecraft:soul_soil":1,"travelersbackpack:diamond":6,"minecraft:music_disc_cat":1,"minecraft:raw_copper":211,"minecraft:string":64,"minecraft:dead_tube_coral_block":2,"croptopia:cantaloupe":1,"minecraft:iron_leggings":5,"minecraft:experience_bottle":3,"minecraft:sea_pickle":19,"minecraft:gold_nugget":26,"minecraft:red_sand":22,"minecraft:cobbled_deepslate":119,"minecraft:iron_pickaxe":5,"minecraft:coal_block":3,"minecraft:furnace":22,"minecraft:iron_boots":3,"minecraft:stick":98,"minecraft:spruce_stairs":2,"minecraft:oak_fence":3,"minecraft:acacia_log":78,"minecraft:torch":192,"croptopia:rutabaga":1,"croptopia:olive_seed":1,"minecraft:porkchop":31,"minecraft:pointed_dripstone":34,"minecraft:diorite":22,"minecraft:stone_sword":5,"minecraft:cactus":11,"minecraft:rotten_flesh":104,"croptopia:squash_seed":2,"minecraft:tropical_fish":1,"minecraft:armadillo_scute":17,"minecraft:iron_bars":1,"minecraft:cod":4,"minecraft:cobblestone":422,"minecraft:birch_log":35,"minecraft:sponge":4,"minecraft:magma_block":4,"minecraft:feather":18,"minecraft:water_bucket":1,"minecraft:andesite":14,"minecraft:potato":10,"minecraft:flint":4,"minecraft:tuff":8,"minecraft:prismarine_bricks":17,"croptopia:celery":3,"minecraft:lapis_lazuli":224,"minecraft:dirt":122,"minecraft:lantern":3,"croptopia:kiwi_seed":1,"minecraft:mangrove_fence":2,"minecraft:bone":48,"minecraft:chipped_anvil":1,"minecraft:acacia_planks":12,"minecraft:bow":3,"minecraft:wheat_seeds":19,"minecraft:raw_gold":83,"minecraft:bell":1,"croptopia:roe":4,"croptopia:lime":1,"minecraft:prismarine":52,"minecraft:oak_planks":13,"croptopia:yam":1,"minecraft:music_disc_13":1,"croptopia:plum":5,"minecraft:oak_pressure_plate":2,"croptopia:celery_seed":4,"minecraft:sand":132,"minecraft:ink_sac":14,"minecraft:grass_block":1,"minecraft:acacia_stairs":3,"minecraft:barrel":1,"minecraft:mossy_cobblestone":2,"minecraft:dark_prismarine":36,"croptopia:cherry":3,"croptopia:hops_seed":2,"minecraft:diamond":29,"minecraft:dead_brain_coral_block":2,"minecraft:granite":13,"minecraft:spruce_sign":10,"minecraft:bread":36,"minecraft:emerald":24,"minecraft:oak_sapling":2,"minecraft:dark_oak_fence":2,"minecraft:fishing_rod":2,"minecraft:coarse_dirt":1,"minecraft:crafting_table":22,"minecraft:chicken":18,"minecraft:ladder":1,"minecraft:clay_ball":4,"minecraft:chest_minecart":1,"minecraft:wooden_pickaxe":1,"minecraft:gold_block":9,"minecraft:acacia_button":1,"minecraft:dead_horn_coral_block":2,"minecraft:brick":48,"minecraft:shield":5,"minecraft:iron_axe":1,"minecraft:acacia_door":1,"minecraft:flint_and_steel":1,"croptopia:salt_ore":2,"minecraft:candle":4,"croptopia:tomatillo":1,"croptopia:tomato_seed":1,"minecraft:beef":44,"minecraft:lectern":1,"minecraft:spruce_slab":2,"minecraft:sugar_cane":37,"minecraft:chest":16,"minecraft:birch_sapling":3,"minecraft:piston":2,"minecraft:diamond_hoe":1,"minecraft:egg":11,"minecraft:raw_iron":351,"minecraft:copper_ingot":1,"minecraft:fire_charge":1,"minecraft:redstone":109,"minecraft:prismarine_crystals":20,"croptopia:yam_seed":2,"croptopia:grape":1,"croptopia:cantaloupe_seed":1,"minecraft:arrow":104,"minecraft:decorated_pot":3,"minecraft:beetroot_seeds":1,"minecraft:golden_hoe":1,"minecraft:gold_ingot":19,"minecraft:glow_berries":1,"minecraft:mutton":35,"minecraft:white_wool":37,"minecraft:rail":1,"minecraft:bone_block":6,"minecraft:wet_sponge":4,"minecraft:glow_ink_sac":7,"minecraft:salmon":7,"minecraft:leather":39,"croptopia:glowing_calamari":2,"minecraft:birch_planks":1,"minecraft:oak_log":110,"minecraft:golden_boots":1,"minecraft:cobbled_deepslate_stairs":1,"minecraft:gunpowder":13,"minecraft:cooked_mutton":1,"croptopia:olive":1,"minecraft:red_carpet":1,"minecraft:apple":28,"croptopia:squash":2,"minecraft:iron_ingot":13,"minecraft:stone_pickaxe":3,"croptopia:tomato":1,"minecraft:mangrove_planks":22,"minecraft:acacia_sapling":8,"minecraft:iron_sword":4,"croptopia:kiwi":1,"minecraft:book":51,"minecraft:dark_oak_slab":4,"croptopia:apricot":5,"minecraft:pumpkin":6,"minecraft:sweet_berries":4,"minecraft:red_wool":13,"minecraft:raw_iron_block":4,"minecraft:gravel":12,"croptopia:hops":1,"croptopia:rutabaga_seed":2,"minecraft:red_banner":3,"minecraft:white_bed":1,"minecraft:sea_lantern":5,"minecraft:spider_eye":12,"minecraft:leather_helmet":1,"travelersbackpack:standard":7,"minecraft:pumpkin_seeds":1,"croptopia:lemon":8,"minecraft:slime_ball":1,"minecraft:stone_axe":2,"croptopia:orange":7,"minecraft:iron_helmet":6,"minecraft:gray_wool":1,"minecraft:lodestone":1,"minecraft:baked_potato":13,"minecraft:coal":639,"minecraft:ender_pearl":2},"minecraft:custom":{"minecraft:interact_with_crafting_table":78,"minecraft:open_barrel":52,"goblintraders:trade_with_goblin":107,"minecraft:bell_ring":53,"minecraft:leave_game":3,"minecraft:time_since_death":162183,"minecraft:sprint_one_cm":1232327,"minecraft:damage_blocked_by_shield":1893,"minecraft:drop":94,"minecraft:talked_to_villager":4,"minecraft:play_time":532554,"minecraft:deaths":7,"minecraft:jump":10050,"minecraft:walk_on_water_one_cm":82209,"minecraft:interact_with_furnace":170,"minecraft:interact_with_loom":2,"minecraft:sleep_in_bed":13,"minecraft:waystone_activated":8,"minecraft:damage_dealt":43400,"minecraft:crouch_one_cm":158559,"minecraft:interact_with_smoker":1,"minecraft:interact_with_smithing_table":19,"minecraft:mob_kills":285,"minecraft:climb_one_cm":15569,"minecraft:walk_one_cm":1153811,"minecraft:sneak_time":45052,"minecraft:walk_under_water_one_cm":72516,"minecraft:boat_one_cm":255848,"minecraft:interact_with_lectern":5,"minecraft:total_world_time":532554,"minecraft:time_since_rest":14097,"minecraft:damage_taken":6826,"minecraft:swim_one_cm":131656,"minecraft:fly_one_cm":1762074,"minecraft:open_chest":209,"minecraft:fall_one_cm":299601},"minecraft:killed":{"minecraft:cave_spider":2,"minecraft:spider":27,"minecraft:cod":5,"minecraft:skeleton":40,"minecraft:chicken":17,"minecraft:tropical_fish":1,"minecraft:pig":18,"minecraft:zombie_villager":1,"minecraft:creeper":4,"minecraft:sheep":24,"minecraft:pillager":10,"minecraft:zombie":83,"minecraft:glow_squid":1,"minecraft:cow":25,"minecraft:armadillo":1,"minecraft:vindicator":3,"minecraft:slime":1,"minecraft:horse":5,"friendsandfoes:mauler":1,"minecraft:drowned":1,"minecraft:enderman":2},"minecraft:dropped":{"minecraft:spruce_sign":9,"minecraft:iron_sword":1,"minecraft:porkchop":1,"minecraft:cooked_porkchop":21,"minecraft:glow_berries":1,"minecraft:leather":2,"minecraft:mangrove_planks":8,"travelersbackpack:standard":2,"minecraft:leather_helmet":1,"croptopia:apricot":1,"minecraft:red_carpet":1,"minecraft:flint":1,"minecraft:dirt":12,"minecraft:brush":3,"minecraft:mutton":1,"minecraft:iron_pickaxe":3,"minecraft:white_wool":14,"minecraft:bone":45,"minecraft:cooked_chicken":4,"minecraft:pointed_dripstone":1,"croptopia:leek":1,"minecraft:rotten_flesh":7,"minecraft:cooked_mutton":4,"minecraft:salmon":10,"minecraft:ward_armor_trim_smithing_template":1,"minecraft:gunpowder":7,"croptopia:blueberry":1,"minecraft:beetroot_seeds":1,"minecraft:spruce_slab":1,"minecraft:arrow":4,"minecraft:egg":1,"minecraft:bread":30,"minecraft:wheat_seeds":13,"minecraft:mossy_cobblestone":1,"minecraft:iron_helmet":1,"minecraft:granite":7,"croptopia:olive":3,"minecraft:golden_apple":1,"minecraft:stick":7,"croptopia:ginger_seed":1,"minecraft:torch":64,"minecraft:iron_leggings":1,"minecraft:armadillo_scute":8,"croptopia:plum":1,"minecraft:bucket":1,"minecraft:acacia_planks":64,"travelersbackpack:diamond":3,"croptopia:leek_seed":1,"minecraft:iron_boots":1,"croptopia:salt_ore":1,"minecraft:pumpkin_seeds":1,"minecraft:filled_map":1,"minecraft:shield":2,"minecraft:iron_chestplate":1,"minecraft:andesite":2,"minecraft:spider_eye":3,"minecraft:stone_pickaxe":4,"minecraft:brick":8},"minecraft:broken":{"minecraft:stone_pickaxe":2,"minecraft:stone_axe":1,"minecraft:iron_sword":2,"minecraft:wooden_axe":1,"minecraft:stone_sword":2,"minecraft:wooden_pickaxe":1,"minecraft:brush":4,"minecraft:iron_pickaxe":4,"minecraft:iron_helmet":1},"minecraft:killed_by":{"minecraft:creeper":1,"minecraft:pufferfish":1,"minecraft:zombie":2,"minecraft:warden":2},"minecraft:mined":{"croptopia:cantaloupe_crop":1,"croptopia:pepper_crop":1,"minecraft:cobbled_deepslate_stairs":1,"minecraft:sculk_vein":5,"minecraft:spruce_trapdoor":1,"minecraft:red_sand":35,"minecraft:acacia_log":79,"minecraft:granite":14,"croptopia:lime_crop":1,"minecraft:grass_block":32,"minecraft:mangrove_fence":2,"minecraft:oak_pressure_plate":1,"minecraft:soul_soil":1,"minecraft:coal_block":3,"minecraft:tube_coral_block":1,"minecraft:spawner":10,"minecraft:polished_blackstone_bricks":1,"minecraft:magma_block":2,"minecraft:raw_iron_block":4,"croptopia:cherry_crop":3,"minecraft:sculk_catalyst":2,"minecraft:iron_ore":232,"minecraft:cobbled_deepslate":15,"minecraft:barrel":1,"minecraft:pumpkin":1,"minecraft:anvil":1,"minecraft:deepslate_lapis_ore":24,"minecraft:sculk_shrieker":1,"minecraft:pointed_dripstone":8,"minecraft:iron_bars":1,"minecraft:oak_stairs":6,"minecraft:spruce_slab":2,"minecraft:dead_fire_coral":1,"minecraft:deepslate_redstone_ore":14,"minecraft:medium_amethyst_bud":1,"minecraft:clay":1,"minecraft:torch":6,"minecraft:chest":13,"minecraft:dead_bush":22,"minecraft:dead_brain_coral_fan":1,"minecraft:cobblestone":27,"minecraft:prismarine":27,"minecraft:sugar_cane":15,"minecraft:oak_planks":10,"minecraft:wall_torch":9,"travelersbackpack:diamond":4,"minecraft:birch_log":19,"croptopia:tomatillo_crop":1,"croptopia:apricot_crop":5,"minecraft:oak_log":58,"croptopia:salt_ore":1,"minecraft:sand":90,"minecraft:dirt":25,"minecraft:piston":2,"minecraft:oak_leaves":37,"minecraft:deepslate":94,"minecraft:dark_prismarine":17,"minecraft:tuff":8,"croptopia:orange_crop":7,"minecraft:mossy_cobblestone":1,"minecraft:deepslate_diamond_ore":28,"minecraft:candle":1,"minecraft:sea_lantern":4,"minecraft:decorated_pot":17,"minecraft:redstone_ore":6,"minecraft:furnace":20,"minecraft:acacia_stairs":2,"minecraft:andesite":13,"minecraft:gold_block":7,"minecraft:bell":1,"minecraft:dead_horn_coral_block":1,"minecraft:bookshelf":17,"croptopia:squash_crop":2,"minecraft:cobblestone_slab":1,"minecraft:deepslate_iron_ore":65,"minecraft:wet_sponge":4,"minecraft:stone":293,"minecraft:bone_block":3,"minecraft:smithing_table":5,"minecraft:acacia_leaves":2,"minecraft:red_wool":5,"travelersbackpack:standard":6,"minecraft:oak_fence":2,"minecraft:crafting_table":19,"minecraft:short_grass":113,"minecraft:sponge":4,"minecraft:andesite_slab":1,"minecraft:sculk_sensor":2,"minecraft:lectern":1,"croptopia:lemon_crop":9,"minecraft:tall_grass":7,"minecraft:copper_ore":49,"minecraft:lapis_ore":13,"minecraft:deepslate_gold_ore":27,"minecraft:sculk":6,"minecraft:diorite":21,"croptopia:olive_crop":1,"minecraft:prismarine_bricks":10,"minecraft:spruce_stairs":2,"minecraft:coarse_dirt":1,"minecraft:cactus":3,"croptopia:plum_crop":5,"minecraft:sea_pickle":4,"minecraft:birch_leaves":1,"minecraft:mangrove_planks":10,"croptopia:yam_crop":1,"croptopia:tomato_crop":1,"croptopia:hops_crop":1,"minecraft:dead_brain_coral_block":1,"minecraft:coal_ore":382,"croptopia:celery_crop":2,"croptopia:kiwi_crop":1,"minecraft:gravel":14,"minecraft:lodestone":1,"croptopia:rutabaga_crop":1,"minecraft:cobweb":15,"minecraft:terracotta":2,"minecraft:acacia_planks":12,"minecraft:chipped_anvil":1,"minecraft:gold_ore":37},"minecraft:crafted":{"minecraft:oak_planks":44,"travelersbackpack:crafting_upgrade":2,"minecraft:cooked_chicken":13,"minecraft:mangrove_boat":1,"travelersbackpack:diamond":8,"minecraft:cooked_mutton":23,"minecraft:glass":84,"minecraft:bow":2,"minecraft:iron_boots":2,"minecraft:chest":5,"minecraft:raw_iron_block":22,"travelersbackpack:iron_tier_upgrade":2,"minecraft:cooked_porkchop":30,"minecraft:crafting_table":7,"travelersbackpack:standard":1,"minecraft:wooden_pickaxe":1,"minecraft:iron_helmet":1,"minecraft:brush":11,"minecraft:smithing_table":1,"minecraft:copper_ingot":77,"minecraft:gold_block":11,"minecraft:birch_planks":68,"minecraft:iron_chestplate":2,"minecraft:shield":2,"minecraft:stick":148,"minecraft:iron_ingot":300,"minecraft:iron_pickaxe":8,"minecraft:iron_block":12,"minecraft:stone_sword":1,"minecraft:gold_ingot":81,"minecraft:acacia_door":3,"minecraft:shears":1,"minecraft:raw_iron":43,"minecraft:coal":27,"minecraft:furnace":10,"minecraft:raw_copper_block":13,"travelersbackpack:gold_tier_upgrade":2,"travelersbackpack:blank_upgrade":8,"travelersbackpack:white_sleeping_bag":1,"minecraft:iron_axe":1,"minecraft:stone_pickaxe":2,"travelersbackpack:diamond_tier_upgrade":1,"minecraft:cooked_beef":24,"minecraft:cooked_cod":8,"travelersbackpack:backpack_tank":6,"minecraft:iron_sword":6,"minecraft:bucket":2,"minecraft:stone_axe":1,"minecraft:air":0,"minecraft:white_wool":2,"minecraft:wooden_axe":1,"minecraft:iron_leggings":2,"minecraft:white_bed":1,"minecraft:acacia_planks":168,"minecraft:torch":532}},"DataVersion":3839}