{"stats":{"minecraft:killed":{"minecraft:armadillo":1,"minecraft:cave_spider":2,"minecraft:spider":15,"minecraft:vindicator":2,"minecraft:cod":5,"minecraft:skeleton":17,"minecraft:chicken":15,"minecraft:tropical_fish":1,"minecraft:pig":9,"minecraft:creeper":3,"minecraft:sheep":9,"minecraft:pillager":7,"minecraft:zombie":36,"minecraft:cow":8},"minecraft:dropped":{"minecraft:bread":1,"minecraft:wheat_seeds":2,"minecraft:iron_helmet":1,"minecraft:mangrove_planks":8,"travelersbackpack:standard":1,"minecraft:leather_helmet":1,"minecraft:red_carpet":1,"minecraft:brush":3,"minecraft:iron_leggings":1,"minecraft:armadillo_scute":8,"minecraft:iron_pickaxe":1,"croptopia:plum":1,"minecraft:bone":34,"minecraft:cooked_chicken":4,"minecraft:iron_boots":1,"minecraft:salmon":10,"minecraft:pumpkin_seeds":1,"minecraft:shield":1,"minecraft:iron_chestplate":1,"minecraft:spider_eye":1,"minecraft:stone_pickaxe":4,"minecraft:egg":1},"minecraft:killed_by":{"minecraft:creeper":1,"minecraft:pufferfish":1,"minecraft:zombie":1},"minecraft:custom":{"minecraft:mob_kills":137,"minecraft:interact_with_crafting_table":43,"minecraft:open_barrel":27,"goblintraders:trade_with_goblin":61,"minecraft:bell_ring":53,"minecraft:leave_game":2,"minecraft:time_since_death":145938,"minecraft:climb_one_cm":1534,"minecraft:sprint_one_cm":545419,"minecraft:walk_one_cm":539259,"minecraft:damage_blocked_by_shield":590,"minecraft:drop":43,"minecraft:talked_to_villager":2,"minecraft:play_time":203401,"minecraft:deaths":3,"minecraft:sneak_time":11176,"minecraft:walk_under_water_one_cm":14008,"minecraft:boat_one_cm":32595,"minecraft:jump":3723,"minecraft:walk_on_water_one_cm":14949,"minecraft:total_world_time":203401,"minecraft:interact_with_furnace":87,"minecraft:sleep_in_bed":5,"minecraft:time_since_rest":44661,"minecraft:waystone_activated":3,"minecraft:damage_taken":3102,"minecraft:damage_dealt":19556,"minecraft:crouch_one_cm":30400,"minecraft:swim_one_cm":51217,"minecraft:fly_one_cm":659301,"minecraft:open_chest":68,"minecraft:fall_one_cm":95938},"minecraft:used":{"minecraft:stone_sword":244,"minecraft:chest":8,"minecraft:shield":26,"minecraft:iron_sword":246,"minecraft:cooked_chicken":6,"minecraft:rotten_flesh":31,"minecraft:iron_chestplate":1,"minecraft:torch":262,"minecraft:dirt":30,"minecraft:wooden_axe":60,"minecraft:barrel":1,"minecraft:sweet_berries":2,"croptopia:lime":1,"minecraft:furnace":10,"minecraft:cooked_cod":8,"croptopia:squash":2,"minecraft:egg":2,"minecraft:cooked_beef":6,"minecraft:mangrove_boat":1,"minecraft:acacia_planks":1,"minecraft:cooked_mutton":2,"croptopia:lemon":8,"minecraft:stone_pickaxe":265,"minecraft:prismarine":3,"minecraft:mangrove_planks":1,"croptopia:apricot":5,"minecraft:wooden_pickaxe":59,"minecraft:sugar_cane":4,"minecraft:glow_berries":9,"minecraft:crafting_table":11,"croptopia:cherry":3,"croptopia:orange":5,"croptopia:plum":4,"minecraft:dark_prismarine":6,"minecraft:apple":2,"minecraft:acacia_stairs":1,"minecraft:bread":7,"minecraft:iron_pickaxe":475,"minecraft:suspicious_stew":3,"minecraft:stone_axe":92,"minecraft:cobblestone":31,"travelersbackpack:standard":4,"minecraft:cooked_porkchop":1,"minecraft:bucket":2,"minecraft:andesite":1,"minecraft:birch_log":2,"minecraft:sea_pickle":1,"croptopia:cantaloupe":1},"minecraft:broken":{"minecraft:stone_sword":2,"minecraft:wooden_pickaxe":1,"minecraft:stone_pickaxe":1,"minecraft:brush":2,"minecraft:iron_pickaxe":1,"minecraft:wooden_axe":1},"minecraft:picked_up":{"minecraft:wooden_axe":1,"minecraft:fishing_rod":2,"minecraft:crafting_table":8,"minecraft:chicken":16,"minecraft:prismarine_shard":19,"minecraft:chest_minecart":1,"croptopia:tomatillo_seed":2,"minecraft:wooden_pickaxe":1,"minecraft:oak_stairs":3,"minecraft:gold_block":2,"minecraft:acacia_button":1,"minecraft:dead_horn_coral_block":2,"minecraft:brick":32,"minecraft:string":34,"minecraft:dead_tube_coral_block":2,"croptopia:cantaloupe":1,"minecraft:raw_copper":158,"minecraft:sea_pickle":19,"minecraft:candle":4,"minecraft:cobbled_deepslate":2,"croptopia:tomatillo":1,"croptopia:tomato_seed":1,"minecraft:beef":17,"minecraft:coal_block":2,"minecraft:sugar_cane":33,"minecraft:chest":4,"minecraft:birch_sapling":3,"minecraft:piston":2,"minecraft:furnace":8,"minecraft:egg":4,"minecraft:stick":52,"minecraft:raw_iron":114,"croptopia:rutabaga":1,"minecraft:oak_fence":3,"minecraft:torch":35,"minecraft:acacia_log":6,"croptopia:olive_seed":1,"minecraft:porkchop":15,"minecraft:diorite":17,"minecraft:prismarine_crystals":20,"croptopia:yam_seed":2,"croptopia:cantaloupe_seed":1,"minecraft:stone_sword":5,"minecraft:arrow":43,"minecraft:cactus":8,"minecraft:rotten_flesh":36,"croptopia:squash_seed":2,"minecraft:tropical_fish":1,"minecraft:armadillo_scute":8,"minecraft:gold_ingot":19,"minecraft:birch_log":35,"minecraft:rail":1,"minecraft:mutton":14,"minecraft:bone_block":6,"minecraft:cod":4,"minecraft:white_wool":9,"minecraft:cobblestone":298,"minecraft:wet_sponge":4,"minecraft:sponge":4,"minecraft:magma_block":4,"minecraft:feather":12,"minecraft:salmon":7,"minecraft:andesite":12,"minecraft:leather":9,"minecraft:oak_log":110,"minecraft:prismarine_bricks":17,"minecraft:gunpowder":7,"minecraft:lapis_lazuli":18,"croptopia:celery":2,"minecraft:dirt":75,"croptopia:olive":1,"minecraft:mangrove_fence":2,"minecraft:red_carpet":1,"minecraft:bone":29,"minecraft:acacia_planks":12,"minecraft:apple":10,"minecraft:wheat_seeds":5,"croptopia:squash":2,"minecraft:raw_gold":15,"minecraft:iron_ingot":1,"minecraft:stone_pickaxe":3,"croptopia:lime":1,"croptopia:tomato":1,"croptopia:roe":4,"minecraft:mangrove_planks":22,"minecraft:prismarine":52,"minecraft:oak_planks":12,"minecraft:acacia_sapling":2,"croptopia:yam":1,"minecraft:dark_oak_slab":4,"croptopia:plum":5,"croptopia:apricot":5,"minecraft:pumpkin":1,"minecraft:sweet_berries":4,"minecraft:raw_iron_block":2,"minecraft:red_wool":13,"minecraft:oak_pressure_plate":2,"croptopia:celery_seed":4,"minecraft:gravel":4,"croptopia:hops":1,"minecraft:sand":61,"croptopia:rutabaga_seed":2,"minecraft:red_banner":3,"minecraft:ink_sac":14,"travelersbackpack:standard":2,"minecraft:acacia_stairs":3,"minecraft:sea_lantern":5,"minecraft:spider_eye":7,"minecraft:barrel":1,"minecraft:leather_helmet":1,"minecraft:dark_prismarine":36,"croptopia:cherry":3,"croptopia:lemon":8,"minecraft:pumpkin_seeds":1,"croptopia:hops_seed":2,"minecraft:stone_axe":1,"croptopia:orange":7,"minecraft:dead_brain_coral_block":2,"minecraft:iron_helmet":3,"minecraft:granite":6,"minecraft:emerald":12,"minecraft:bread":24,"minecraft:oak_sapling":2,"minecraft:coal":358},"minecraft:crafted":{"minecraft:raw_iron":18,"minecraft:oak_planks":44,"minecraft:coal":18,"minecraft:cooked_chicken":11,"minecraft:furnace":7,"minecraft:mangrove_boat":1,"minecraft:cooked_mutton":8,"minecraft:glass":20,"travelersbackpack:white_sleeping_bag":1,"minecraft:bow":1,"minecraft:iron_boots":2,"minecraft:stone_pickaxe":2,"minecraft:chest":5,"minecraft:cooked_beef":6,"minecraft:cooked_cod":8,"minecraft:cooked_porkchop":1,"minecraft:crafting_table":5,"travelersbackpack:standard":1,"travelersbackpack:backpack_tank":2,"minecraft:wooden_pickaxe":1,"minecraft:iron_helmet":1,"minecraft:brush":5,"minecraft:iron_sword":1,"minecraft:copper_ingot":65,"minecraft:bucket":2,"minecraft:birch_planks":68,"minecraft:stone_axe":1,"minecraft:air":0,"minecraft:white_wool":2,"minecraft:iron_chestplate":2,"minecraft:shield":2,"minecraft:stick":84,"minecraft:iron_ingot":217,"minecraft:iron_pickaxe":3,"minecraft:wooden_axe":1,"minecraft:stone_sword":1,"minecraft:iron_leggings":2,"minecraft:gold_ingot":21,"minecraft:acacia_planks":24,"minecraft:torch":300,"minecraft:shears":1},"minecraft:mined":{"minecraft:dark_prismarine":17,"croptopia:cantaloupe_crop":1,"croptopia:orange_crop":7,"minecraft:candle":1,"minecraft:sea_lantern":4,"minecraft:granite":6,"croptopia:lime_crop":1,"minecraft:acacia_log":6,"minecraft:grass_block":13,"minecraft:decorated_pot":8,"minecraft:mangrove_fence":2,"minecraft:oak_pressure_plate":1,"minecraft:coal_block":2,"minecraft:tube_coral_block":1,"minecraft:spawner":3,"minecraft:raw_iron_block":2,"minecraft:magma_block":2,"croptopia:cherry_crop":3,"minecraft:furnace":7,"minecraft:iron_ore":109,"minecraft:barrel":1,"minecraft:acacia_stairs":2,"minecraft:andesite":11,"minecraft:pumpkin":1,"minecraft:dead_horn_coral_block":1,"croptopia:squash_crop":2,"minecraft:deepslate_iron_ore":3,"minecraft:oak_stairs":3,"minecraft:wet_sponge":4,"minecraft:stone":198,"minecraft:bone_block":3,"minecraft:dead_fire_coral":1,"minecraft:acacia_leaves":1,"minecraft:red_wool":5,"travelersbackpack:standard":2,"minecraft:oak_fence":2,"minecraft:crafting_table":7,"minecraft:short_grass":42,"minecraft:sponge":4,"minecraft:chest":4,"minecraft:dead_bush":21,"croptopia:olive_crop":1,"minecraft:dead_brain_coral_fan":1,"minecraft:tall_grass":3,"minecraft:copper_ore":48,"croptopia:lemon_crop":9,"minecraft:cobblestone":10,"minecraft:deepslate_gold_ore":1,"minecraft:lapis_ore":3,"minecraft:oak_planks":9,"minecraft:prismarine":27,"minecraft:sugar_cane":13,"minecraft:diorite":17,"minecraft:wall_torch":3,"minecraft:prismarine_bricks":10,"minecraft:cactus":2,"minecraft:sea_pickle":4,"croptopia:plum_crop":5,"minecraft:birch_log":19,"croptopia:tomatillo_crop":1,"croptopia:yam_crop":1,"croptopia:tomato_crop":1,"minecraft:birch_leaves":1,"minecraft:mangrove_planks":10,"croptopia:apricot_crop":5,"croptopia:hops_crop":1,"croptopia:celery_crop":2,"minecraft:dead_brain_coral_block":1,"minecraft:oak_log":58,"minecraft:coal_ore":282,"croptopia:rutabaga_crop":1,"minecraft:gravel":4,"minecraft:sand":19,"minecraft:dirt":11,"minecraft:cobweb":15,"minecraft:acacia_planks":12,"minecraft:gold_ore":14,"minecraft:piston":2,"minecraft:oak_leaves":24,"minecraft:deepslate":2}},"DataVersion":3839}