{"stats":{"minecraft:crafted":{"travelersbackpack:crafting_upgrade":5,"minecraft:wolf_armor":2,"travelersbackpack:diamond":9,"minecraft:cooked_mutton":30,"minecraft:glass":150,"minecraft:music_disc_wait":1,"minecraft:emerald":54,"minecraft:cooked_porkchop":30,"travelersbackpack:standard":5,"minecraft:raw_gold_block":51,"minecraft:smithing_table":1,"minecraft:copper_ingot":137,"travelersbackpack:red_sleeping_bag":1,"minecraft:iron_pickaxe":10,"minecraft:iron_block":58,"minecraft:gold_ingot":200,"minecraft:acacia_door":3,"minecraft:stone_shovel":2,"ring_of_repair:ring_of_repair":3,"travelersbackpack:blank_upgrade":16,"travelersbackpack:gold_tier_upgrade":5,"travelersbackpack:white_sleeping_bag":1,"minecraft:stone_pickaxe":2,"minecraft:coal_block":21,"minecraft:enchanting_table":1,"dark-enchanting:dark_enchanter":1,"minecraft:wooden_axe":1,"minecraft:iron_shovel":15,"minecraft:iron_leggings":4,"minecraft:white_bed":3,"minecraft:oak_planks":244,"minecraft:cooked_chicken":16,"travelersbackpack:hose_nozzle":2,"minecraft:lightning_rod":1,"minecraft:mangrove_boat":1,"minecraft:green_dye":9,"minecraft:bow":4,"minecraft:iron_boots":4,"minecraft:raw_copper":117,"minecraft:chest":19,"minecraft:copper_block":8,"minecraft:raw_iron_block":22,"ring_of_teleport:ring_of_teleport":3,"travelersbackpack:iron_tier_upgrade":4,"minecraft:crafting_table":8,"minecraft:spruce_planks":4,"minecraft:wooden_pickaxe":1,"minecraft:iron_helmet":4,"minecraft:brush":11,"minecraft:gold_block":35,"minecraft:birch_planks":68,"travelersbackpack:blue_sleeping_bag":1,"minecraft:iron_chestplate":4,"minecraft:diamond_pickaxe":2,"minecraft:emerald_block":62,"minecraft:yellow_dye":2,"minecraft:shield":4,"minecraft:stick":264,"minecraft:iron_ingot":678,"minecraft:stone_sword":1,"travelersbackpack:cow":4,"minecraft:shears":1,"minecraft:oak_door":3,"minecraft:raw_iron":268,"minecraft:coal":35,"minecraft:furnace":11,"minecraft:raw_copper_block":13,"minecraft:flint_and_steel":1,"minecraft:iron_axe":3,"travelersbackpack:diamond_tier_upgrade":2,"travelersbackpack:hose":2,"minecraft:cooked_beef":73,"minecraft:cooked_cod":8,"travelersbackpack:backpack_tank":14,"minecraft:iron_sword":8,"minecraft:bowl":4,"minecraft:bucket":2,"minecraft:stone_axe":1,"minecraft:bread":1,"minecraft:air":0,"travelersbackpack:squid":4,"minecraft:oak_boat":2,"minecraft:white_wool":8,"minecraft:anvil":3,"minecraft:acacia_planks":184,"minecraft:torch":788,"minecraft:lapis_block":34},"minecraft:killed":{"minecraft:cave_spider":10,"minecraft:cod":5,"minecraft:skeleton":97,"minecraft:chicken":22,"minecraft:tropical_fish":1,"minecraft:pillager":62,"minecraft:zombie":190,"minecraft:glow_squid":1,"minecraft:cow":40,"minecraft:vindicator":21,"minecraft:horse":5,"minecraft:husk":4,"minecraft:rabbit":1,"minecraft:ravager":2,"minecraft:enderman":9,"minecraft:witch":2,"minecraft:spider":64,"minecraft:pig":18,"minecraft:zombie_villager":2,"minecraft:creeper":38,"minecraft:sheep":36,"minecraft:stray":61,"minecraft:armadillo":1,"minecraft:slime":1,"minecraft:phantom":7,"friendsandfoes:mauler":3,"minecraft:drowned":7,"friendsandfoes:iceologer":1,"friendsandfoes:moobloom":1},"minecraft:used":{"minecraft:writable_book":1,"minecraft:dead_horn_coral_block":1,"minecraft:spruce_slab":1,"minecraft:poppy":1,"minecraft:chest":31,"travelersbackpack:diamond":11,"minecraft:rotten_flesh":242,"minecraft:acacia_button":1,"minecraft:snowball":35,"minecraft:azure_bluet":1,"minecraft:grass_block":1,"minecraft:music_disc_ward":1,"minecraft:music_disc_wait":1,"friendsandfoes:totem_of_freezing":1,"minecraft:bow":6,"minecraft:sweet_berries":4,"croptopia:lime":1,"minecraft:cooked_cod":8,"minecraft:furnace":29,"minecraft:acacia_fence":1,"minecraft:egg":57,"minecraft:mossy_stone_bricks":5,"minecraft:diorite":6,"minecraft:damaged_anvil":2,"minecraft:prismarine":3,"minecraft:cactus":11,"minecraft:wooden_pickaxe":59,"minecraft:cookie":20,"minecraft:glow_berries":39,"minecraft:sand":210,"croptopia:orange":7,"minecraft:lightning_rod":1,"croptopia:plum":4,"minecraft:lectern":1,"minecraft:diamond_sword":1024,"minecraft:dark_oak_fence":2,"minecraft:smithing_table":6,"minecraft:birch_log":2,"minecraft:oak_boat":2,"croptopia:salt_ore":1,"minecraft:stone_sword":244,"minecraft:dead_tube_coral_block":1,"croptopia:popcorn":3,"minecraft:torch":1056,"minecraft:brewing_stand":2,"minecraft:anvil":3,"minecraft:dead_brain_coral_block":1,"minecraft:sea_lantern":8,"minecraft:chipped_anvil":1,"minecraft:iron_axe":307,"travelersbackpack:squid":45,"minecraft:barrel":2,"minecraft:goat_horn":17,"travelersbackpack:hose":5,"minecraft:orange_terracotta":2,"minecraft:cobbled_deepslate":87,"minecraft:acacia_planks":2,"minecraft:calcite":1,"minecraft:water_bucket":182,"croptopia:celery":2,"croptopia:lemon":9,"minecraft:cracked_stone_bricks":2,"minecraft:mossy_cobblestone":5,"minecraft:crafting_table":22,"minecraft:white_bed":5,"minecraft:oak_log":4,"minecraft:dark_prismarine":6,"croptopia:yam":1,"minecraft:diamond_pickaxe":1601,"minecraft:iron_pickaxe":1653,"minecraft:suspicious_stew":3,"minecraft:chiseled_stone_bricks":1,"travelersbackpack:standard":10,"minecraft:cobblestone":207,"minecraft:cooked_porkchop":5,"minecraft:brush":3,"minecraft:dandelion":1,"minecraft:jukebox":1,"dark-enchanting:dark_enchanter":2,"minecraft:red_sand":3,"minecraft:iron_shovel":3029,"minecraft:decorated_pot":11,"minecraft:shield":151,"minecraft:iron_sword":1043,"minecraft:bell":1,"ring_of_teleport:ring_of_teleport":3,"minecraft:iron_chestplate":1,"minecraft:carrot":6,"minecraft:tuff":10,"minecraft:music_disc_13":1,"minecraft:milk_bucket":1,"minecraft:glass":1,"minecraft:iron_helmet":1,"minecraft:stone_bricks":1,"minecraft:repeater":2,"croptopia:pear":2,"minecraft:stone_pickaxe":277,"minecraft:oak_planks":1,"minecraft:mangrove_planks":1,"minecraft:sugar_cane":4,"minecraft:white_wool":1,"croptopia:rutabaga":1,"travelersbackpack:bee":23,"waystones:waystone":1,"minecraft:acacia_door":2,"minecraft:bread":110,"minecraft:gravel":8,"croptopia:toast":15,"minecraft:cooked_rabbit":19,"minecraft:andesite":5,"croptopia:cantaloupe":1,"minecraft:coarse_dirt":1,"minecraft:experience_bottle":3,"minecraft:flint_and_steel":1,"minecraft:stone_shovel":304,"minecraft:cooked_chicken":15,"minecraft:oak_door":1,"minecraft:dirt":1052,"minecraft:spruce_stairs":1,"croptopia:pizza":1,"minecraft:wooden_axe":60,"croptopia:squash":2,"croptopia:strawberry":2,"minecraft:cooked_beef":49,"minecraft:beetroot_soup":1,"minecraft:mangrove_boat":1,"minecraft:cooked_mutton":31,"minecraft:baked_potato":7,"croptopia:apricot":14,"minecraft:terracotta":1,"minecraft:music_disc_cat":1,"croptopia:cherry":3,"minecraft:painting":4,"minecraft:flower_pot":1,"minecraft:acacia_stairs":1,"minecraft:apple":4,"minecraft:map":1,"minecraft:stone_axe":133,"croptopia:kiwi":1,"minecraft:bucket":186,"minecraft:sea_pickle":11},"minecraft:custom":{"minecraft:interact_with_crafting_table":155,"minecraft:open_barrel":152,"goblintraders:trade_with_goblin":204,"minecraft:bell_ring":61,"minecraft:eat_cake_slice":6,"minecraft:leave_game":16,"minecraft:time_since_death":1184970,"minecraft:damage_blocked_by_shield":3618,"minecraft:play_time":1555341,"minecraft:deaths":7,"minecraft:jump":26380,"minecraft:enchant_item":14,"minecraft:interact_with_furnace":254,"minecraft:play_record":4,"minecraft:sleep_in_bed":26,"minecraft:waystone_activated":19,"minecraft:damage_dealt":129268,"minecraft:interact_with_smoker":2,"minecraft:inspect_dispenser":9,"minecraft:horse_one_cm":69337,"minecraft:interact_with_smithing_table":29,"minecraft:interact_with_anvil":2,"minecraft:sneak_time":65064,"minecraft:interact_with_lectern":6,"minecraft:total_world_time":1555341,"minecraft:time_since_rest":23626,"minecraft:swim_one_cm":715865,"minecraft:fly_one_cm":5126666,"minecraft:open_chest":1145,"minecraft:fall_one_cm":739915,"minecraft:animals_bred":2,"minecraft:sprint_one_cm":3694498,"minecraft:drop":295,"minecraft:talked_to_villager":19,"minecraft:interact_with_brewingstand":2,"minecraft:walk_on_water_one_cm":344024,"minecraft:interact_with_loom":2,"minecraft:open_enderchest":6,"minecraft:crouch_one_cm":220151,"minecraft:mob_kills":742,"minecraft:climb_one_cm":59397,"minecraft:walk_one_cm":3201701,"minecraft:raid_win":1,"minecraft:walk_under_water_one_cm":158365,"minecraft:boat_one_cm":566933,"minecraft:raid_trigger":1,"minecraft:damage_taken":16722,"minecraft:trigger_trapped_chest":23},"minecraft:killed_by":{"minecraft:pufferfish":1,"minecraft:zombie":2,"minecraft:warden":2,"minecraft:creeper":1},"minecraft:dropped":{"minecraft:iron_sword":4,"minecraft:porkchop":1,"minecraft:cooked_beef":4,"minecraft:cooked_porkchop":21,"minecraft:orange_tulip":1,"minecraft:crossbow":1,"minecraft:glow_berries":1,"minecraft:saddle":2,"minecraft:rail":4,"minecraft:leather_helmet":1,"minecraft:red_carpet":1,"minecraft:dirt":73,"minecraft:dark_oak_fence":5,"minecraft:yellow_dye":1,"ring_of_repair:ring_of_repair":2,"minecraft:sand":1,"minecraft:iron_pickaxe":5,"minecraft:dark_oak_planks":1,"minecraft:white_wool":15,"minecraft:bone":95,"minecraft:oak_door":2,"minecraft:dark_oak_door":1,"minecraft:goat_horn":1,"minecraft:sugar_cane":4,"minecraft:iron_nugget":6,"minecraft:cooked_chicken":6,"croptopia:leek":1,"minecraft:rotten_flesh":47,"minecraft:glowstone_dust":1,"minecraft:salmon":10,"minecraft:tipped_arrow":2,"minecraft:spruce_slab":1,"minecraft:stone_brick_stairs":1,"croptopia:mustard":1,"minecraft:egg":3,"minecraft:iron_ingot":27,"minecraft:wheat_seeds":32,"minecraft:cobblestone":12,"minecraft:yellow_terracotta":2,"minecraft:iron_helmet":3,"minecraft:apple":3,"minecraft:granite":7,"croptopia:olive":3,"minecraft:golden_apple":1,"croptopia:ginger_seed":1,"minecraft:diamond_horse_armor":3,"croptopia:celery_seed":1,"minecraft:armadillo_scute":8,"minecraft:iron_shovel":3,"minecraft:string":6,"minecraft:acacia_planks":64,"minecraft:spruce_sapling":4,"minecraft:creeper_head":1,"minecraft:cobblestone_wall":2,"minecraft:cocoa_beans":9,"minecraft:bowl":9,"minecraft:stone_shovel":1,"croptopia:leek_seed":1,"minecraft:chicken":8,"minecraft:iron_boots":3,"croptopia:salt_ore":1,"minecraft:oak_sign":2,"minecraft:shears":1,"minecraft:pumpkin_seeds":1,"minecraft:lily_of_the_valley":4,"minecraft:wolf_armor":1,"minecraft:diamond_sword":3,"minecraft:potato":1,"minecraft:stone":2,"minecraft:bundle":1,"minecraft:peony":9,"minecraft:spruce_trapdoor":1,"minecraft:spider_eye":11,"minecraft:red_sand":13,"minecraft:bow":14,"minecraft:terracotta":28,"croptopia:pineapple_seed":2,"minecraft:spruce_sign":9,"minecraft:decorated_pot":12,"travelersbackpack:bee":1,"minecraft:leather":2,"minecraft:mangrove_planks":8,"travelersbackpack:standard":4,"croptopia:apricot":1,"minecraft:flint":1,"minecraft:brush":6,"minecraft:cornflower":1,"minecraft:mutton":2,"croptopia:sweetpotato_seed":2,"minecraft:snowball":162,"ring_of_teleport:ring_of_teleport":1,"minecraft:gravel":128,"minecraft:spyglass":1,"minecraft:pointed_dripstone":1,"minecraft:cooked_mutton":4,"minecraft:ward_armor_trim_smithing_template":1,"minecraft:poppy":1,"minecraft:gunpowder":20,"croptopia:blueberry":1,"minecraft:beetroot_seeds":1,"minecraft:arrow":58,"minecraft:netherrack":2,"minecraft:bread":30,"minecraft:lilac":3,"minecraft:mossy_cobblestone":1,"minecraft:lead":1,"croptopia:sweetpotato":1,"minecraft:stick":8,"minecraft:diorite":3,"minecraft:torch":242,"minecraft:iron_leggings":3,"minecraft:iron_axe":5,"croptopia:plum":1,"minecraft:bucket":1,"travelersbackpack:diamond":4,"minecraft:coarse_dirt":2,"minecraft:red_terracotta":8,"minecraft:flint_and_steel":1,"minecraft:filled_map":3,"minecraft:shield":4,"minecraft:orange_terracotta":15,"minecraft:iron_chestplate":3,"minecraft:andesite":11,"minecraft:oak_boat":1,"minecraft:oak_sapling":1,"minecraft:spruce_log":2,"minecraft:stone_pickaxe":4,"minecraft:calcite":2,"minecraft:amethyst_cluster":1,"minecraft:brick":16},"minecraft:broken":{"minecraft:iron_boots":1,"minecraft:iron_chestplate":1,"minecraft:iron_leggings":1,"minecraft:iron_sword":3,"minecraft:stone_sword":2,"minecraft:wooden_pickaxe":1,"minecraft:brush":4,"minecraft:iron_axe":1,"minecraft:iron_pickaxe":5,"minecraft:iron_helmet":2,"minecraft:iron_shovel":11,"minecraft:stone_pickaxe":2,"minecraft:stone_axe":1,"minecraft:wooden_axe":1,"minecraft:stone_shovel":1},"minecraft:picked_up":{"minecraft:wooden_axe":1,"minecraft:iron_chestplate":3,"croptopia:grape_seed":4,"minecraft:creeper_head":3,"minecraft:flower_pot":1,"minecraft:anvil":4,"minecraft:prismarine_shard":19,"croptopia:tomatillo_seed":3,"minecraft:diamond_sword":3,"minecraft:smithing_table":5,"minecraft:lead":7,"minecraft:oak_stairs":3,"minecraft:enchanted_book":2,"minecraft:brewing_stand":2,"minecraft:amethyst_block":12,"minecraft:music_disc_cat":2,"minecraft:string":255,"minecraft:soul_soil":1,"minecraft:beetroot_soup":1,"minecraft:beetroot":1,"minecraft:gold_nugget":86,"minecraft:cobbled_deepslate":316,"minecraft:coal_block":9,"minecraft:dark_oak_door":1,"minecraft:jukebox":1,"minecraft:acacia_log":82,"minecraft:stone_sword":5,"minecraft:tropical_fish":10,"minecraft:armadillo_scute":17,"minecraft:iron_bars":1,"minecraft:snowball":194,"minecraft:sponge":8,"minecraft:birch_log":61,"minecraft:magma_block":6,"minecraft:feather":32,"minecraft:cooked_beef":10,"minecraft:water_bucket":1,"minecraft:flint":114,"croptopia:celery":4,"minecraft:lantern":9,"croptopia:kiwi_seed":1,"minecraft:chipped_anvil":1,"minecraft:rabbit":1,"minecraft:glowstone_dust":1,"croptopia:roe":8,"minecraft:honeycomb":6,"croptopia:lime":1,"croptopia:plum":5,"croptopia:celery_seed":5,"minecraft:ink_sac":14,"minecraft:acacia_stairs":5,"minecraft:dark_oak_log":1,"minecraft:red_terracotta":8,"minecraft:barrel":2,"croptopia:cherry":16,"minecraft:lever":1,"minecraft:dead_brain_coral_block":2,"minecraft:blue_ice":2,"minecraft:granite":58,"minecraft:acacia_chest_boat":1,"minecraft:bread":37,"minecraft:dark_oak_fence":8,"minecraft:crafting_table":24,"minecraft:coarse_dirt":3,"minecraft:shelter_pottery_sherd":1,"minecraft:clay_ball":4,"minecraft:acacia_button":2,"minecraft:dead_horn_coral_block":2,"minecraft:cornflower":1,"minecraft:acacia_door":1,"minecraft:flint_and_steel":1,"minecraft:iron_shovel":1,"minecraft:cracked_stone_bricks":2,"minecraft:beef":112,"minecraft:iron_nugget":5,"minecraft:poppy":4,"minecraft:spruce_slab":2,"minecraft:chest":27,"minecraft:birch_sapling":16,"minecraft:piston":4,"minecraft:diamond_hoe":1,"minecraft:egg":62,"minecraft:stone":2,"minecraft:raw_gold_block":66,"minecraft:amethyst_cluster":7,"minecraft:fire_charge":1,"ring_of_repair:ring_of_repair":1,"minecraft:carrot":3,"minecraft:redstone":313,"minecraft:prismarine_crystals":20,"minecraft:decorated_pot":23,"minecraft:beetroot_seeds":7,"minecraft:peony":9,"minecraft:shears":1,"minecraft:yellow_terracotta":2,"minecraft:gold_ingot":49,"minecraft:glow_berries":1,"minecraft:mutton":64,"minecraft:white_wool":62,"minecraft:bone_block":6,"minecraft:rail":5,"minecraft:oxeye_daisy":2,"croptopia:glowing_calamari":2,"minecraft:filled_map":1,"minecraft:oak_log":238,"minecraft:golden_boots":1,"minecraft:white_banner":3,"croptopia:olive":1,"minecraft:apple":32,"minecraft:stone_bricks":1,"croptopia:squash":2,"minecraft:stone_pickaxe":3,"croptopia:tomato":1,"minecraft:glass_bottle":2,"minecraft:mangrove_planks":22,"minecraft:arms_up_pottery_sherd":2,"minecraft:iron_sword":4,"minecraft:dark_oak_slab":8,"minecraft:sweet_berries":4,"minecraft:red_wool":26,"minecraft:gravel":881,"croptopia:rutabaga_seed":4,"minecraft:spruce_sapling":4,"minecraft:spruce_log":11,"minecraft:crying_obsidian":5,"minecraft:sea_lantern":5,"minecraft:leather_helmet":1,"travelersbackpack:standard":11,"minecraft:slime_ball":1,"minecraft:stone_axe":2,"croptopia:orange":7,"minecraft:painting":5,"minecraft:gray_wool":1,"minecraft:lodestone":1,"minecraft:baked_potato":20,"minecraft:melon_seeds":2,"minecraft:ender_pearl":16,"minecraft:wheat":3,"minecraft:potion":3,"minecraft:stone_brick_stairs":1,"minecraft:dead_tube_coral_block":2,"croptopia:cantaloupe":1,"minecraft:raw_copper":332,"travelersbackpack:diamond":9,"croptopia:pizza":1,"minecraft:iron_leggings":6,"minecraft:zombie_head":1,"minecraft:experience_bottle":3,"minecraft:oak_sign":2,"minecraft:sea_pickle":20,"minecraft:red_sand":35,"minecraft:bucket":1,"minecraft:calcite":3,"minecraft:iron_pickaxe":6,"minecraft:iron_boots":5,"minecraft:furnace":26,"minecraft:tipped_arrow":64,"minecraft:stick":147,"minecraft:acacia_fence":1,"minecraft:brown_terracotta":46,"minecraft:oak_fence":3,"minecraft:torch":510,"croptopia:rutabaga":1,"minecraft:spruce_stairs":2,"minecraft:porkchop":31,"croptopia:olive_seed":1,"minecraft:pointed_dripstone":89,"minecraft:diorite":82,"minecraft:cactus":31,"minecraft:rotten_flesh":388,"croptopia:squash_seed":2,"minecraft:music_disc_wait":1,"minecraft:obsidian":39,"minecraft:cod":4,"minecraft:cobblestone":1301,"minecraft:nautilus_shell":1,"minecraft:lilac":5,"minecraft:repeater":2,"minecraft:andesite":73,"minecraft:potato":18,"minecraft:tuff":47,"minecraft:prismarine_bricks":27,"minecraft:lapis_lazuli":420,"minecraft:dirt":2441,"minecraft:mangrove_fence":2,"minecraft:bone":414,"minecraft:acacia_planks":12,"croptopia:sweetpotato":1,"minecraft:bow":19,"minecraft:orange_tulip":1,"minecraft:wheat_seeds":107,"minecraft:raw_gold":648,"minecraft:bell":3,"travelersbackpack:bee":2,"minecraft:mossy_stone_bricks":5,"croptopia:popcorn":1,"minecraft:bamboo":11,"minecraft:prismarine":52,"minecraft:oak_planks":13,"croptopia:yam":1,"friendsandfoes:totem_of_freezing":1,"croptopia:dragonfruit":2,"travelersbackpack:squid":3,"minecraft:music_disc_13":2,"croptopia:mustard":1,"minecraft:oak_pressure_plate":2,"minecraft:sand":570,"dark-enchanting:dark_enchanter":1,"minecraft:grass_block":4,"minecraft:lily_of_the_valley":4,"minecraft:mossy_cobblestone":6,"minecraft:dark_prismarine":46,"croptopia:hops_seed":2,"minecraft:sugar":3,"minecraft:diamond":68,"waystones:waystone":2,"croptopia:pineapple_seed":2,"minecraft:crossbow":9,"minecraft:golden_apple":1,"minecraft:spruce_sign":10,"minecraft:emerald":279,"minecraft:oak_sapling":26,"minecraft:netherrack":2,"minecraft:fishing_rod":2,"minecraft:cocoa_beans":9,"minecraft:azure_bluet":2,"minecraft:chicken":28,"minecraft:ladder":1,"minecraft:chest_minecart":1,"croptopia:sweetpotato_seed":2,"minecraft:packed_ice":94,"minecraft:wooden_pickaxe":1,"minecraft:gold_block":28,"minecraft:diamond_horse_armor":2,"minecraft:brick":243,"minecraft:shield":6,"minecraft:iron_axe":5,"croptopia:salt_ore":2,"croptopia:pear":2,"minecraft:candle":8,"croptopia:tomatillo":2,"croptopia:tomato_seed":1,"minecraft:oak_boat":1,"minecraft:lectern":1,"minecraft:sugar_cane":48,"minecraft:spruce_trapdoor":1,"minecraft:phantom_membrane":8,"minecraft:raw_iron":463,"minecraft:copper_ingot":2,"croptopia:greenbean_seed":1,"minecraft:bowl":7,"minecraft:cookie":20,"minecraft:iron_horse_armor":1,"croptopia:yam_seed":4,"minecraft:dark_oak_planks":1,"croptopia:grape":2,"croptopia:cantaloupe_seed":1,"minecraft:arrow":582,"minecraft:golden_hoe":1,"minecraft:saddle":3,"minecraft:skeleton_skull":1,"minecraft:wet_sponge":8,"minecraft:glow_ink_sac":7,"minecraft:salmon":7,"minecraft:leather":90,"minecraft:birch_planks":1,"minecraft:ice":13,"minecraft:gunpowder":136,"minecraft:cobbled_deepslate_stairs":1,"minecraft:cobblestone_wall":2,"minecraft:orange_terracotta":17,"minecraft:cooked_mutton":1,"minecraft:red_carpet":2,"travelersbackpack:cow":1,"minecraft:rabbit_hide":2,"minecraft:iron_ingot":90,"croptopia:pineapple":1,"minecraft:cooked_chicken":5,"croptopia:kiwi":1,"minecraft:acacia_sapling":8,"minecraft:book":51,"minecraft:emerald_block":25,"croptopia:apricot":5,"minecraft:pumpkin":6,"minecraft:chiseled_stone_bricks":1,"minecraft:brush":3,"minecraft:dripstone_block":12,"minecraft:dandelion":7,"minecraft:raw_iron_block":4,"croptopia:hops":1,"minecraft:amethyst_shard":60,"minecraft:red_banner":6,"minecraft:white_bed":1,"minecraft:spider_eye":108,"minecraft:pumpkin_seeds":1,"croptopia:lemon":9,"minecraft:iron_helmet":7,"travelersbackpack:pumpkin":1,"croptopia:greenbean":1,"minecraft:terracotta":29,"minecraft:damaged_anvil":2,"minecraft:black_wool":1,"minecraft:coal":1001,"minecraft:sunflower":1},"minecraft:mined":{"croptopia:pepper_crop":1,"croptopia:grape_crop":1,"minecraft:obsidian":33,"minecraft:red_sand":38,"minecraft:granite":54,"croptopia:lime_crop":1,"minecraft:acacia_log":83,"minecraft:oak_pressure_plate":1,"minecraft:coal_block":9,"minecraft:tube_coral_block":1,"minecraft:oak_wall_sign":2,"minecraft:oxeye_daisy":2,"minecraft:chiseled_stone_bricks":1,"minecraft:spawner":17,"minecraft:polished_blackstone_bricks":1,"minecraft:magma_block":2,"minecraft:cobbled_deepslate":15,"minecraft:fire":2,"minecraft:barrel":2,"minecraft:pumpkin":1,"minecraft:deepslate_lapis_ore":30,"minecraft:twisting_vines":1,"minecraft:sculk_shrieker":1,"minecraft:oak_stairs":6,"minecraft:tripwire":30,"minecraft:amethyst_cluster":19,"minecraft:powder_snow":15,"minecraft:torch":17,"minecraft:white_stained_glass_pane":1,"minecraft:dead_bush":26,"minecraft:dead_brain_coral_fan":1,"minecraft:glass":1,"minecraft:sugar_cane":16,"minecraft:damaged_anvil":2,"minecraft:amethyst_block":12,"travelersbackpack:diamond":5,"minecraft:skeleton_skull":1,"minecraft:repeater":2,"croptopia:pineapple_crop":1,"croptopia:tomatillo_crop":1,"minecraft:lilac":6,"croptopia:pear_crop":3,"minecraft:jukebox":1,"minecraft:stone_brick_stairs":1,"minecraft:piston":2,"minecraft:deepslate":275,"minecraft:suspicious_gravel":33,"minecraft:yellow_terracotta":2,"minecraft:dark_prismarine":17,"croptopia:orange_crop":7,"minecraft:mossy_cobblestone":11,"minecraft:sea_lantern":4,"minecraft:dark_oak_fence":5,"minecraft:redstone_ore":6,"minecraft:snow":2,"minecraft:andesite":72,"minecraft:cobblestone_slab":1,"minecraft:vine":6,"minecraft:bamboo":1,"minecraft:bone_block":3,"minecraft:ender_chest":1,"minecraft:smithing_table":5,"minecraft:lily_of_the_valley":6,"minecraft:dandelion":9,"croptopia:sweetpotato_crop":1,"minecraft:cornflower":1,"minecraft:short_grass":660,"minecraft:sponge":4,"croptopia:lemon_crop":10,"minecraft:tall_grass":12,"minecraft:copper_ore":62,"minecraft:deepslate_gold_ore":52,"minecraft:diorite":88,"croptopia:olive_crop":1,"travelersbackpack:squid":3,"minecraft:red_terracotta":8,"minecraft:coarse_dirt":3,"minecraft:creeper_head":2,"minecraft:spruce_log":7,"minecraft:birch_leaves":4,"croptopia:celery_crop":2,"minecraft:zombie_head":1,"minecraft:sunflower":1,"minecraft:gravel":888,"minecraft:dripstone_block":8,"croptopia:rutabaga_crop":1,"minecraft:cobweb":66,"minecraft:brown_terracotta":47,"minecraft:acacia_planks":12,"minecraft:stone_bricks":2,"minecraft:chipped_anvil":1,"minecraft:gold_ore":163,"minecraft:fern":3,"croptopia:cantaloupe_crop":1,"minecraft:spruce_planks":2,"croptopia:greenbean_crop":1,"minecraft:cobbled_deepslate_stairs":1,"minecraft:sculk_vein":5,"minecraft:brewing_stand":2,"minecraft:spruce_trapdoor":3,"minecraft:budding_amethyst":3,"minecraft:grass_block":1425,"minecraft:mangrove_fence":2,"minecraft:soul_soil":1,"minecraft:raw_iron_block":4,"croptopia:cherry_crop":3,"minecraft:sculk_catalyst":2,"minecraft:iron_ore":241,"minecraft:anvil":4,"minecraft:azure_bluet":2,"minecraft:pointed_dripstone":17,"minecraft:iron_bars":1,"minecraft:potted_orange_tulip":1,"minecraft:spruce_slab":2,"minecraft:dead_fire_coral":1,"minecraft:deepslate_redstone_ore":41,"minecraft:medium_amethyst_bud":1,"minecraft:orange_terracotta":17,"minecraft:clay":1,"minecraft:calcite":4,"minecraft:poppy":5,"minecraft:chest":24,"minecraft:cobblestone":58,"minecraft:prismarine":27,"minecraft:oak_planks":10,"minecraft:wall_torch":11,"minecraft:birch_log":45,"croptopia:apricot_crop":5,"minecraft:oak_log":188,"croptopia:salt_ore":1,"minecraft:sand":505,"minecraft:dirt":719,"minecraft:netherrack":4,"minecraft:oak_leaves":81,"minecraft:emerald_block":15,"minecraft:crying_obsidian":5,"minecraft:tuff":45,"minecraft:deepslate_diamond_ore":39,"minecraft:candle":1,"minecraft:decorated_pot":80,"dark-enchanting:dark_enchanter":1,"minecraft:spruce_leaves":2,"minecraft:large_fern":2,"minecraft:furnace":24,"minecraft:raw_gold_block":51,"minecraft:acacia_stairs":2,"minecraft:peony":9,"minecraft:gold_block":26,"minecraft:bell":3,"minecraft:dead_horn_coral_block":1,"croptopia:squash_crop":2,"minecraft:bookshelf":17,"minecraft:deepslate_iron_ore":81,"minecraft:packed_ice":102,"minecraft:wet_sponge":4,"minecraft:stone":1153,"minecraft:acacia_leaves":2,"minecraft:red_wool":5,"minecraft:snow_block":9,"travelersbackpack:standard":6,"minecraft:oak_fence":3,"minecraft:crafting_table":20,"minecraft:andesite_slab":1,"minecraft:sculk_sensor":2,"minecraft:lectern":1,"minecraft:lapis_ore":13,"minecraft:sculk":6,"minecraft:prismarine_bricks":10,"minecraft:spruce_stairs":2,"minecraft:cactus":15,"croptopia:plum_crop":5,"minecraft:sea_pickle":5,"minecraft:sweet_berry_bush":2,"minecraft:ice":14,"minecraft:mangrove_planks":10,"croptopia:yam_crop":1,"croptopia:dragonfruit_crop":2,"croptopia:tomato_crop":1,"croptopia:hops_crop":1,"minecraft:dead_brain_coral_block":1,"minecraft:coal_ore":469,"minecraft:cocoa":1,"travelersbackpack:cow":1,"croptopia:kiwi_crop":1,"minecraft:lodestone":1,"minecraft:cracked_stone_bricks":3,"minecraft:terracotta":31,"minecraft:mossy_stone_bricks":5}},"DataVersion":3839}