{"stats":{"minecraft:killed":{"minecraft:cave_spider":2,"minecraft:spider":19,"minecraft:cod":5,"minecraft:skeleton":21,"minecraft:chicken":15,"minecraft:tropical_fish":1,"minecraft:pig":9,"minecraft:creeper":3,"minecraft:sheep":13,"minecraft:pillager":7,"minecraft:zombie":42,"minecraft:glow_squid":1,"minecraft:cow":8,"minecraft:armadillo":1,"minecraft:vindicator":2,"minecraft:slime":1},"minecraft:dropped":{"minecraft:cooked_porkchop":7,"minecraft:mangrove_planks":8,"travelersbackpack:standard":2,"minecraft:leather_helmet":1,"minecraft:red_carpet":1,"minecraft:brush":3,"minecraft:iron_pickaxe":2,"minecraft:bone":34,"minecraft:cooked_chicken":4,"minecraft:cooked_mutton":4,"minecraft:salmon":10,"minecraft:ward_armor_trim_smithing_template":1,"minecraft:egg":1,"minecraft:bread":1,"minecraft:wheat_seeds":2,"minecraft:iron_helmet":1,"minecraft:granite":5,"minecraft:iron_leggings":1,"minecraft:armadillo_scute":8,"croptopia:plum":1,"minecraft:bucket":1,"minecraft:acacia_planks":64,"minecraft:iron_boots":1,"minecraft:pumpkin_seeds":1,"minecraft:shield":1,"minecraft:iron_chestplate":1,"minecraft:andesite":2,"minecraft:spider_eye":1,"minecraft:stone_pickaxe":4},"minecraft:killed_by":{"minecraft:creeper":1,"minecraft:pufferfish":1,"minecraft:zombie":1,"minecraft:warden":2},"minecraft:custom":{"minecraft:interact_with_crafting_table":51,"minecraft:open_barrel":27,"goblintraders:trade_with_goblin":61,"minecraft:bell_ring":53,"minecraft:leave_game":2,"minecraft:time_since_death":39258,"minecraft:sprint_one_cm":688635,"minecraft:damage_blocked_by_shield":883,"minecraft:drop":52,"minecraft:talked_to_villager":3,"minecraft:play_time":305401,"minecraft:deaths":6,"minecraft:jump":5389,"minecraft:walk_on_water_one_cm":37127,"minecraft:interact_with_furnace":118,"minecraft:sleep_in_bed":5,"minecraft:waystone_activated":3,"minecraft:damage_dealt":22596,"minecraft:crouch_one_cm":112835,"minecraft:mob_kills":158,"minecraft:climb_one_cm":1534,"minecraft:walk_one_cm":653211,"minecraft:sneak_time":32031,"minecraft:walk_under_water_one_cm":38035,"minecraft:boat_one_cm":32595,"minecraft:total_world_time":305401,"minecraft:time_since_rest":39304,"minecraft:damage_taken":4555,"minecraft:swim_one_cm":58371,"minecraft:fly_one_cm":959397,"minecraft:open_chest":95,"minecraft:fall_one_cm":171479},"minecraft:used":{"minecraft:chest":8,"minecraft:shield":34,"minecraft:iron_sword":311,"minecraft:rotten_flesh":32,"minecraft:iron_chestplate":1,"minecraft:sweet_berries":2,"croptopia:lime":1,"minecraft:furnace":14,"minecraft:cooked_cod":8,"minecraft:egg":2,"minecraft:diorite":2,"minecraft:stone_pickaxe":277,"minecraft:prismarine":3,"minecraft:mangrove_planks":1,"minecraft:wooden_pickaxe":59,"minecraft:sugar_cane":4,"minecraft:glow_berries":9,"croptopia:rutabaga":1,"croptopia:orange":7,"croptopia:plum":4,"minecraft:acacia_door":2,"minecraft:bread":7,"minecraft:birch_log":2,"minecraft:andesite":1,"croptopia:cantaloupe":1,"minecraft:stone_sword":244,"minecraft:cooked_chicken":7,"minecraft:torch":334,"minecraft:dirt":64,"minecraft:wooden_axe":60,"minecraft:barrel":1,"croptopia:squash":2,"minecraft:cooked_beef":8,"minecraft:acacia_planks":1,"minecraft:mangrove_boat":1,"minecraft:cooked_mutton":7,"minecraft:water_bucket":9,"croptopia:lemon":8,"croptopia:apricot":5,"minecraft:crafting_table":15,"croptopia:cherry":3,"minecraft:white_bed":1,"minecraft:dark_prismarine":6,"croptopia:yam":1,"minecraft:acacia_stairs":1,"minecraft:apple":2,"minecraft:suspicious_stew":3,"minecraft:iron_pickaxe":644,"minecraft:stone_axe":133,"minecraft:cobblestone":32,"croptopia:kiwi":1,"travelersbackpack:standard":5,"minecraft:cooked_porkchop":4,"minecraft:bucket":9,"minecraft:sea_pickle":1},"minecraft:broken":{"minecraft:stone_pickaxe":2,"minecraft:stone_axe":1,"minecraft:iron_sword":1,"minecraft:wooden_axe":1,"minecraft:stone_sword":2,"minecraft:wooden_pickaxe":1,"minecraft:brush":2,"minecraft:iron_pickaxe":2,"minecraft:iron_helmet":1},"minecraft:picked_up":{"minecraft:wooden_axe":1,"minecraft:prismarine_shard":19,"croptopia:tomatillo_seed":2,"minecraft:lead":1,"minecraft:oak_stairs":3,"minecraft:string":38,"minecraft:dead_tube_coral_block":2,"croptopia:cantaloupe":1,"minecraft:raw_copper":160,"minecraft:iron_leggings":3,"minecraft:sea_pickle":19,"minecraft:cobbled_deepslate":36,"minecraft:iron_pickaxe":3,"minecraft:coal_block":2,"minecraft:iron_boots":1,"minecraft:furnace":11,"minecraft:stick":53,"minecraft:oak_fence":3,"minecraft:acacia_log":38,"minecraft:torch":69,"croptopia:rutabaga":1,"minecraft:porkchop":15,"croptopia:olive_seed":1,"minecraft:diorite":19,"minecraft:stone_sword":5,"minecraft:cactus":8,"minecraft:rotten_flesh":43,"croptopia:squash_seed":2,"minecraft:tropical_fish":1,"minecraft:armadillo_scute":8,"minecraft:cod":4,"minecraft:cobblestone":308,"minecraft:sponge":4,"minecraft:birch_log":35,"minecraft:magma_block":4,"minecraft:feather":12,"minecraft:water_bucket":1,"minecraft:andesite":12,"minecraft:prismarine_bricks":17,"minecraft:dirt":92,"croptopia:celery":2,"minecraft:lapis_lazuli":132,"croptopia:kiwi_seed":1,"minecraft:mangrove_fence":2,"minecraft:bone":35,"minecraft:acacia_planks":12,"minecraft:bow":1,"minecraft:wheat_seeds":10,"minecraft:raw_gold":37,"croptopia:roe":4,"minecraft:oak_planks":12,"minecraft:prismarine":52,"croptopia:lime":1,"croptopia:yam":1,"croptopia:plum":5,"minecraft:oak_pressure_plate":2,"croptopia:celery_seed":4,"minecraft:sand":61,"minecraft:ink_sac":14,"minecraft:acacia_stairs":3,"minecraft:barrel":1,"minecraft:dark_prismarine":36,"croptopia:cherry":3,"croptopia:hops_seed":2,"minecraft:diamond":11,"minecraft:dead_brain_coral_block":2,"minecraft:granite":11,"minecraft:bread":24,"minecraft:emerald":12,"minecraft:oak_sapling":2,"minecraft:fishing_rod":2,"minecraft:crafting_table":12,"minecraft:chicken":16,"minecraft:chest_minecart":1,"minecraft:wooden_pickaxe":1,"minecraft:gold_block":2,"minecraft:acacia_button":1,"minecraft:dead_horn_coral_block":2,"minecraft:shield":2,"minecraft:brick":32,"minecraft:candle":4,"croptopia:tomatillo":1,"croptopia:tomato_seed":1,"minecraft:beef":17,"minecraft:sugar_cane":33,"minecraft:chest":4,"minecraft:birch_sapling":3,"minecraft:piston":2,"minecraft:egg":4,"minecraft:raw_iron":201,"minecraft:redstone":13,"minecraft:prismarine_crystals":20,"croptopia:yam_seed":2,"minecraft:arrow":46,"croptopia:cantaloupe_seed":1,"minecraft:gold_ingot":19,"minecraft:mutton":18,"minecraft:white_wool":12,"minecraft:bone_block":6,"minecraft:rail":1,"minecraft:wet_sponge":4,"minecraft:glow_ink_sac":3,"minecraft:salmon":7,"minecraft:leather":9,"minecraft:birch_planks":1,"minecraft:oak_log":110,"minecraft:gunpowder":7,"croptopia:olive":1,"minecraft:red_carpet":1,"minecraft:apple":10,"croptopia:squash":2,"minecraft:iron_ingot":6,"minecraft:stone_pickaxe":3,"croptopia:tomato":1,"minecraft:mangrove_planks":22,"minecraft:iron_sword":1,"croptopia:kiwi":1,"minecraft:acacia_sapling":8,"minecraft:dark_oak_slab":4,"minecraft:pumpkin":1,"croptopia:apricot":5,"minecraft:sweet_berries":4,"minecraft:red_wool":13,"minecraft:raw_iron_block":2,"minecraft:gravel":4,"croptopia:hops":1,"croptopia:rutabaga_seed":2,"minecraft:red_banner":3,"minecraft:spider_eye":8,"minecraft:sea_lantern":5,"minecraft:leather_helmet":1,"travelersbackpack:standard":4,"minecraft:pumpkin_seeds":1,"croptopia:lemon":8,"minecraft:slime_ball":1,"minecraft:stone_axe":1,"minecraft:iron_helmet":4,"croptopia:orange":7,"minecraft:gray_wool":1,"minecraft:coal":402},"minecraft:crafted":{"minecraft:oak_planks":44,"minecraft:cooked_chicken":11,"minecraft:mangrove_boat":1,"minecraft:cooked_mutton":11,"minecraft:glass":20,"minecraft:bow":1,"minecraft:iron_boots":2,"minecraft:chest":5,"minecraft:cooked_porkchop":15,"minecraft:crafting_table":5,"minecraft:iron_helmet":1,"minecraft:wooden_pickaxe":1,"travelersbackpack:standard":1,"minecraft:brush":5,"minecraft:copper_ingot":65,"minecraft:birch_planks":68,"minecraft:iron_chestplate":2,"minecraft:shield":2,"minecraft:stick":84,"minecraft:iron_ingot":228,"minecraft:iron_pickaxe":5,"minecraft:stone_sword":1,"minecraft:acacia_door":3,"minecraft:gold_ingot":21,"minecraft:shears":1,"minecraft:raw_iron":27,"minecraft:coal":18,"minecraft:furnace":8,"travelersbackpack:white_sleeping_bag":1,"minecraft:stone_pickaxe":2,"minecraft:cooked_beef":10,"minecraft:cooked_cod":8,"travelersbackpack:backpack_tank":2,"minecraft:iron_sword":2,"minecraft:bucket":2,"minecraft:stone_axe":1,"minecraft:air":0,"minecraft:white_wool":2,"minecraft:wooden_axe":1,"minecraft:iron_leggings":2,"minecraft:white_bed":1,"minecraft:acacia_planks":152,"minecraft:torch":308},"minecraft:mined":{"croptopia:cantaloupe_crop":1,"minecraft:sculk_vein":2,"minecraft:granite":11,"minecraft:acacia_log":38,"croptopia:lime_crop":1,"minecraft:grass_block":13,"minecraft:mangrove_fence":2,"minecraft:oak_pressure_plate":1,"minecraft:coal_block":2,"minecraft:tube_coral_block":1,"minecraft:spawner":3,"minecraft:magma_block":2,"minecraft:raw_iron_block":2,"croptopia:cherry_crop":3,"minecraft:sculk_catalyst":1,"minecraft:barrel":1,"minecraft:iron_ore":143,"minecraft:pumpkin":1,"minecraft:deepslate_lapis_ore":16,"minecraft:sculk_shrieker":1,"minecraft:oak_stairs":3,"minecraft:dead_fire_coral":1,"minecraft:chest":4,"minecraft:dead_bush":21,"minecraft:dead_brain_coral_fan":1,"minecraft:cobblestone":10,"minecraft:sugar_cane":13,"minecraft:prismarine":27,"minecraft:oak_planks":9,"minecraft:wall_torch":5,"minecraft:birch_log":19,"croptopia:tomatillo_crop":1,"croptopia:apricot_crop":5,"minecraft:oak_log":58,"minecraft:sand":19,"minecraft:dirt":21,"minecraft:piston":2,"minecraft:oak_leaves":24,"minecraft:deepslate":35,"minecraft:dark_prismarine":17,"croptopia:orange_crop":7,"minecraft:deepslate_diamond_ore":11,"minecraft:candle":1,"minecraft:sea_lantern":4,"minecraft:decorated_pot":8,"minecraft:redstone_ore":3,"minecraft:furnace":10,"minecraft:acacia_stairs":2,"minecraft:andesite":11,"minecraft:dead_horn_coral_block":1,"croptopia:squash_crop":2,"minecraft:deepslate_iron_ore":39,"minecraft:wet_sponge":4,"minecraft:stone":205,"minecraft:bone_block":3,"minecraft:acacia_leaves":2,"minecraft:red_wool":5,"travelersbackpack:standard":4,"minecraft:oak_fence":2,"minecraft:crafting_table":10,"minecraft:short_grass":47,"minecraft:sponge":4,"minecraft:sculk_sensor":1,"croptopia:lemon_crop":9,"minecraft:copper_ore":49,"minecraft:tall_grass":5,"minecraft:lapis_ore":6,"minecraft:deepslate_gold_ore":21,"minecraft:sculk":1,"minecraft:diorite":17,"croptopia:olive_crop":1,"minecraft:prismarine_bricks":10,"minecraft:cactus":2,"croptopia:plum_crop":5,"minecraft:sea_pickle":4,"minecraft:birch_leaves":1,"minecraft:mangrove_planks":10,"croptopia:yam_crop":1,"croptopia:tomato_crop":1,"minecraft:dead_brain_coral_block":1,"croptopia:hops_crop":1,"minecraft:coal_ore":282,"croptopia:celery_crop":2,"croptopia:kiwi_crop":1,"minecraft:gravel":4,"croptopia:rutabaga_crop":1,"minecraft:cobweb":15,"minecraft:acacia_planks":12,"minecraft:gold_ore":16}},"DataVersion":3839}