{
  "minecraft:recipes/decorations/crafting_table": {
    "criteria": {
      "unlock_right_away": "2024-07-07 22:40:39 +0000"
    },
    "done": true
  },
  "minecraft:adventure/adventuring_time": {
    "criteria": {
      "minecraft:badlands": "2024-07-07 22:40:40 +0000",
      "minecraft:savanna_plateau": "2024-07-08 03:04:51 +0000",
      "minecraft:eroded_badlands": "2024-07-07 22:59:04 +0000",
      "minecraft:beach": "2024-07-08 00:39:35 +0000",
      "minecraft:desert": "2024-07-07 22:58:10 +0000",
      "minecraft:forest": "2024-07-07 23:17:29 +0000",
      "minecraft:deep_dark": "2024-07-08 03:34:10 +0000",
      "minecraft:river": "2024-07-07 22:59:00 +0000",
      "minecraft:lukewarm_ocean": "2024-07-07 23:16:24 +0000",
      "minecraft:stony_shore": "2024-07-07 22:59:24 +0000",
      "minecraft:savanna": "2024-07-08 00:40:46 +0000",
      "minecraft:warm_ocean": "2024-07-07 23:00:05 +0000"
    },
    "done": false
  },
  "croptopia:recipes/beef_jerky": {
    "criteria": {
      "has_salt": "2024-07-07 22:52:26 +0000"
    },
    "done": true
  },
  "minecraft:recipes/decorations/ladder": {
    "criteria": {
      "has_stick": "2024-07-07 22:52:26 +0000"
    },
    "done": true
  },
  "croptopia:recipes/sushi": {
    "criteria": {
      "has_rice": "2024-07-07 22:52:26 +0000"
    },
    "done": true
  },
  "croptopia:recipes/spaghetti_squash": {
    "criteria": {
      "has_squash": "2024-07-07 22:52:26 +0000"
    },
    "done": true
  },
  "croptopia:recipes/veggie_salad": {
    "criteria": {
      "has_cucumber": "2024-07-07 22:52:26 +0000"
    },
    "done": true
  },
  "croptopia:recipes/chocolate": {
    "criteria": {
      "has_butter": "2024-07-07 22:52:26 +0000"
    },
    "done": true
  },
  "croptopia:recipes/shaped_kiwi_sorbet": {
    "criteria": {
      "has_kiwi": "2024-07-07 22:52:26 +0000"
    },
    "done": true
  },
  "croptopia:recipes/pork_and_beans": {
    "criteria": {
      "has_beans": "2024-07-07 22:52:26 +0000"
    },
    "done": true
  },
  "croptopia:recipes/candy_corn": {
    "criteria": {
      "has_corn": "2024-07-07 22:52:26 +0000",
      "has_the_recipe": "2024-07-07 22:52:26 +0000"
    },
    "done": true
  },
  "croptopia:recipes/pork_jerky": {
    "criteria": {
      "has_the_recipe": "2024-07-07 22:52:26 +0000",
      "has_salt": "2024-07-07 22:52:26 +0000"
    },
    "done": true
  },
  "croptopia:recipes/shaped_roasted_asparagus": {
    "criteria": {
      "has_olive_oil": "2024-07-07 22:52:26 +0000",
      "has_asparagus": "2024-07-07 22:52:26 +0000"
    },
    "done": true
  },
  "croptopia:knife": {
    "criteria": {
      "knife": "2024-07-07 22:52:26 +0000"
    },
    "done": true
  },
  "croptopia:recipes/shaped_fish_and_chips": {
    "criteria": {
      "has_flour": "2024-07-07 22:52:26 +0000"
    },
    "done": true
  },
  "croptopia:recipes/fajitas": {
    "criteria": {
      "has_bellpepper": "2024-07-07 22:52:26 +0000"
    },
    "done": true
  },
  "croptopia:recipes/stuffed_poblanos": {
    "criteria": {
      "has_corn": "2024-07-07 22:52:26 +0000",
      "has_beans": "2024-07-07 22:52:26 +0000",
      "has_beef": "2024-07-07 22:52:26 +0000"
    },
    "done": true
  },
  "croptopia:getsapling": {
    "criteria": {
      "has_sapling": "2024-07-07 22:52:26 +0000"
    },
    "done": true
  },
  "croptopia:recipes/almond_brittle": {
    "criteria": {
      "has_almond": "2024-07-07 22:52:26 +0000"
    },
    "done": true
  },
  "croptopia:recipes/pepperoni": {
    "criteria": {
      "has_pepper": "2024-07-07 22:52:26 +0000"
    },
    "done": true
  },
  "croptopia:recipes/pizza": {
    "criteria": {
      "has_dough": "2024-07-07 22:52:26 +0000"
    },
    "done": true
  },
  "croptopia:recipes/food/beef_jerky": {
    "criteria": {
      "has_the_recipe": "2024-07-07 22:52:26 +0000"
    },
    "done": true
  },
  "croptopia:recipes/shaped_roasted_radishes": {
    "criteria": {
      "has_olive_oil": "2024-07-07 22:52:26 +0000",
      "has_radish": "2024-07-07 22:52:26 +0000"
    },
    "done": true
  },
  "croptopia:recipes/burrito": {
    "criteria": {
      "has_beans": "2024-07-07 22:52:26 +0000",
      "has_tortilla": "2024-07-07 22:52:26 +0000",
      "has_the_recipe": "2024-07-07 22:52:26 +0000"
    },
    "done": true
  },
  "croptopia:recipes/soy_milk": {
    "criteria": {
      "has_soybean": "2024-07-07 22:52:26 +0000"
    },
    "done": true
  },
  "croptopia:recipes/carnitas": {
    "criteria": {
      "has_tortilla": "2024-07-07 22:52:26 +0000"
    },
    "done": true
  },
  "croptopia:recipes/olive_oil": {
    "criteria": {
      "has_olives": "2024-07-07 22:52:26 +0000"
    },
    "done": true
  },
  "croptopia:recipes/brownies": {
    "criteria": {
      "has_chocolate": "2024-07-07 22:52:26 +0000"
    },
    "done": true
  },
  "croptopia:recipes/campfire_raisins": {
    "criteria": {
      "has_grapes": "2024-07-07 22:52:26 +0000"
    },
    "done": true
  },
  "minecraft:recipes/tools/wooden_axe": {
    "criteria": {
      "has_stick": "2024-07-07 22:52:26 +0000"
    },
    "done": true
  },
  "croptopia:recipes/shaped_tea": {
    "criteria": {
      "has_tea_seed": "2024-07-07 22:52:26 +0000"
    },
    "done": true
  },
  "croptopia:recipes/leafy_salad": {
    "criteria": {
      "has_kale": "2024-07-07 22:52:26 +0000",
      "has_lettuce": "2024-07-07 22:52:26 +0000",
      "has_spinach": "2024-07-07 22:52:26 +0000"
    },
    "done": true
  },
  "croptopia:recipes/dough": {
    "criteria": {
      "has_flour": "2024-07-07 22:52:26 +0000"
    },
    "done": true
  },
  "croptopia:recipes/shaped_cheesy_asparagus": {
    "criteria": {
      "has_asparagus": "2024-07-07 22:52:26 +0000"
    },
    "done": true
  },
  "croptopia:recipes/rum": {
    "criteria": {
      "has_molasses": "2024-07-07 22:52:26 +0000"
    },
    "done": true
  },
  "croptopia:recipes/shaped_figgy_pudding": {
    "criteria": {
      "has_fig": "2024-07-07 22:52:26 +0000",
      "has_date": "2024-07-07 22:52:26 +0000"
    },
    "done": true
  },
  "croptopia:recipes/limeade": {
    "criteria": {
      "has_lime": "2024-07-07 22:52:26 +0000"
    },
    "done": true
  },
  "croptopia:recipes/shaped_roasted_squash": {
    "criteria": {
      "has_olive_oil": "2024-07-07 22:52:26 +0000",
      "has_squash": "2024-07-07 22:52:26 +0000"
    },
    "done": true
  },
  "croptopia:recipes/raisin_oatmeal_cookie": {
    "criteria": {
      "has_raisins": "2024-07-07 22:52:26 +0000"
    },
    "done": true
  },
  "croptopia:recipes/shaped_shepherds_pie": {
    "criteria": {
      "has_corn": "2024-07-07 22:52:26 +0000"
    },
    "done": true
  },
  "croptopia:recipes/chocolate_milkshake": {
    "criteria": {
      "has_chocolate": "2024-07-07 22:52:26 +0000"
    },
    "done": true
  },
  "croptopia:recipes/saucy_chips": {
    "criteria": {
      "has_sauce": "2024-07-07 22:52:26 +0000"
    },
    "done": true
  },
  "croptopia:recipes/tofu": {
    "criteria": {
      "has_soybean": "2024-07-07 22:52:26 +0000"
    },
    "done": true
  },
  "croptopia:recipes/tofuburger": {
    "criteria": {
      "has_tofu": "2024-07-07 22:52:26 +0000"
    },
    "done": true
  },
  "croptopia:recipes/fruit_smoothie": {
    "criteria": {
      "has_milk": "2024-07-07 22:52:26 +0000",
      "has_fruit": "2024-07-07 22:52:26 +0000"
    },
    "done": true
  },
  "croptopia:recipes/coffee": {
    "criteria": {
      "has_coffee": "2024-07-07 22:52:26 +0000"
    },
    "done": true
  },
  "croptopia:recipes/mango_ice_cream": {
    "criteria": {
      "has_mango": "2024-07-07 22:52:26 +0000"
    },
    "done": true
  },
  "croptopia:recipes/cheeseburger": {
    "criteria": {
      "has_beef": "2024-07-07 22:52:26 +0000"
    },
    "done": true
  },
  "croptopia:recipes/buttered_toast": {
    "criteria": {
      "has_butter": "2024-07-07 22:52:26 +0000",
      "has_toast": "2024-07-07 22:52:26 +0000"
    },
    "done": true
  },
  "croptopia:recipes/nutty_cookie": {
    "criteria": {
      "has_nuts": "2024-07-07 22:52:26 +0000",
      "has_the_recipe": "2024-07-07 22:52:26 +0000"
    },
    "done": true
  },
  "croptopia:recipes/horchata": {
    "criteria": {
      "has_almond": "2024-07-07 22:52:26 +0000"
    },
    "done": true
  },
  "croptopia:recipes/shaped_scones": {
    "criteria": {
      "has_vanilla": "2024-07-07 22:52:26 +0000"
    },
    "done": true
  },
  "croptopia:recipes/shaped_steamed_green_beans": {
    "criteria": {
      "has_green_beans": "2024-07-07 22:52:26 +0000"
    },
    "done": true
  },
  "croptopia:recipes/rum_raisin_ice_cream": {
    "criteria": {
      "has_raisin": "2024-07-07 22:52:26 +0000",
      "has_rum": "2024-07-07 22:52:26 +0000"
    },
    "done": true
  },
  "croptopia:recipes/doughnut": {
    "criteria": {
      "has_milk": "2024-07-07 22:52:26 +0000",
      "has_flour": "2024-07-07 22:52:26 +0000"
    },
    "done": true
  },
  "croptopia:recipes/toast_with_jam": {
    "criteria": {
      "has_toast": "2024-07-07 22:52:26 +0000",
      "has_jam": "2024-07-07 22:52:26 +0000"
    },
    "done": true
  },
  "croptopia:recipes/enchilada": {
    "criteria": {
      "has_tortilla": "2024-07-07 22:52:26 +0000"
    },
    "done": true
  },
  "croptopia:recipes/kale_chips": {
    "criteria": {
      "has_kale": "2024-07-07 22:52:26 +0000"
    },
    "done": true
  },
  "croptopia:recipes/chilli_relleno": {
    "criteria": {
      "has_flour": "2024-07-07 22:52:26 +0000"
    },
    "done": true
  },
  "croptopia:recipes/shaped_beef_stir_fry": {
    "criteria": {
      "has_broccoli": "2024-07-07 22:52:26 +0000"
    },
    "done": true
  },
  "croptopia:recipes/oatmeal": {
    "criteria": {
      "has_milk": "2024-07-07 22:52:26 +0000",
      "has_oats": "2024-07-07 22:52:26 +0000"
    },
    "done": true
  },
  "croptopia:recipes/shaped_fruit_cake": {
    "criteria": {
      "has_nutmeg": "2024-07-07 22:52:26 +0000"
    },
    "done": true
  },
  "croptopia:recipes/shaped_grilled_eggplant": {
    "criteria": {
      "has_olive_oil": "2024-07-07 22:52:26 +0000",
      "has_eggplant": "2024-07-07 22:52:26 +0000"
    },
    "done": true
  },
  "croptopia:recipes/shaped_lemon_coconut_bar": {
    "criteria": {
      "has_coconut": "2024-07-07 22:52:26 +0000",
      "has_lemon": "2024-07-07 22:52:26 +0000"
    },
    "done": true
  },
  "croptopia:recipes/food/pork_jerky": {
    "criteria": {
      "has_the_recipe": "2024-07-07 22:52:26 +0000"
    },
    "done": true
  },
  "croptopia:recipes/shaped_chocolate_ice_cream": {
    "criteria": {
      "has_chocolate": "2024-07-07 22:52:26 +0000"
    },
    "done": true
  },
  "croptopia:recipes/campfire_baked_yam": {
    "criteria": {
      "has_yam": "2024-07-07 22:52:26 +0000"
    },
    "done": true
  },
  "croptopia:recipes/shaped_sticky_toffee_pudding": {
    "criteria": {
      "has_vanilla": "2024-07-07 22:52:26 +0000",
      "has_date": "2024-07-07 22:52:26 +0000"
    },
    "done": true
  },
  "croptopia:recipes/chicken_and_rice": {
    "criteria": {
      "has_chicken": "2024-07-07 22:52:26 +0000",
      "has_rice": "2024-07-07 22:52:26 +0000"
    },
    "done": true
  },
  "croptopia:recipes/salsa": {
    "criteria": {
      "has_lime": "2024-07-07 22:52:26 +0000"
    },
    "done": true
  },
  "croptopia:recipes/lemon_chicken": {
    "criteria": {
      "has_lemon": "2024-07-07 22:52:26 +0000"
    },
    "done": true
  },
  "croptopia:recipes/banana_nut_bread": {
    "criteria": {
      "has_banana": "2024-07-07 22:52:26 +0000"
    },
    "done": true
  },
  "croptopia:recipes/campfire_popcorn": {
    "criteria": {
      "has_corn": "2024-07-07 22:52:26 +0000"
    },
    "done": true
  },
  "croptopia:recipes/crema": {
    "criteria": {
      "has_milk": "2024-07-07 22:52:26 +0000",
      "has_lime": "2024-07-07 22:52:26 +0000",
      "has_salt": "2024-07-07 22:52:26 +0000"
    },
    "done": true
  },
  "croptopia:recipes/roasted_nuts_from_campfire": {
    "criteria": {
      "has_nut": "2024-07-07 22:52:26 +0000"
    },
    "done": true
  },
  "croptopia:recipes/cucumber_salad": {
    "criteria": {
      "has_lettuce": "2024-07-07 22:52:26 +0000",
      "has_cucumber": "2024-07-07 22:52:26 +0000",
      "has_the_recipe": "2024-07-07 22:52:26 +0000"
    },
    "done": true
  },
  "croptopia:recipes/whipping_cream": {
    "criteria": {
      "has_vanilla": "2024-07-07 22:52:26 +0000"
    },
    "done": true
  },
  "croptopia:recipes/lemonade": {
    "criteria": {
      "has_lemon": "2024-07-07 22:52:26 +0000"
    },
    "done": true
  },
  "croptopia:recipes/beer": {
    "criteria": {
      "has_hops": "2024-07-07 22:52:26 +0000"
    },
    "done": true
  },
  "croptopia:recipes/egg_roll": {
    "criteria": {
      "has_dough": "2024-07-07 22:52:26 +0000"
    },
    "done": true
  },
  "croptopia:recipes/roasted_nuts": {
    "criteria": {
      "has_nut": "2024-07-07 22:52:26 +0000"
    },
    "done": true
  },
  "croptopia:recipes/tostada": {
    "criteria": {
      "has_beans": "2024-07-07 22:52:26 +0000",
      "has_tortilla": "2024-07-07 22:52:26 +0000"
    },
    "done": true
  },
  "croptopia:recipes/noodles": {
    "criteria": {
      "has_flour": "2024-07-07 22:52:26 +0000"
    },
    "done": true
  },
  "croptopia:recipes/kale_smoothie": {
    "criteria": {
      "has_kale": "2024-07-07 22:52:26 +0000"
    },
    "done": true
  },
  "croptopia:recipes/shaped_stuffed_artichoke": {
    "criteria": {
      "has_artichokes": "2024-07-07 22:52:26 +0000"
    },
    "done": true
  },
  "croptopia:recipes/misc/mango_ice_cream": {
    "criteria": {
      "has_the_recipe": "2024-07-07 22:52:26 +0000"
    },
    "done": true
  },
  "croptopia:recipes/shaped_ratatouille": {
    "criteria": {
      "has_squash": "2024-07-07 22:52:26 +0000",
      "has_eggplant": "2024-07-07 22:52:26 +0000"
    },
    "done": true
  },
  "croptopia:recipes/protein_bar": {
    "criteria": {
      "has_chocolate": "2024-07-07 22:52:26 +0000",
      "has_caramel": "2024-07-07 22:52:26 +0000"
    },
    "done": true
  },
  "minecraft:recipes/decorations/campfire": {
    "criteria": {
      "has_stick": "2024-07-07 22:52:26 +0000"
    },
    "done": true
  },
  "minecraft:recipes/tools/wooden_hoe": {
    "criteria": {
      "has_stick": "2024-07-07 22:52:26 +0000"
    },
    "done": true
  },
  "croptopia:recipes/soy_sauce": {
    "criteria": {
      "has_soybean": "2024-07-07 22:52:26 +0000"
    },
    "done": true
  },
  "croptopia:recipes/shaped_avocado_toast": {
    "criteria": {
      "has_avocado": "2024-07-07 22:52:26 +0000"
    },
    "done": true
  },
  "croptopia:recipes/shaped_roasted_turnips": {
    "criteria": {
      "has_olive_oil": "2024-07-07 22:52:26 +0000",
      "has_turnip": "2024-07-07 22:52:26 +0000"
    },
    "done": true
  },
  "minecraft:recipes/tools/wooden_pickaxe": {
    "criteria": {
      "has_stick": "2024-07-07 22:52:26 +0000"
    },
    "done": true
  },
  "croptopia:recipes/onion_rings": {
    "criteria": {
      "has_onions": "2024-07-07 22:52:26 +0000"
    },
    "done": true
  },
  "croptopia:recipes/leek_soup": {
    "criteria": {
      "has_leek": "2024-07-07 22:52:26 +0000"
    },
    "done": true
  },
  "croptopia:recipes/caesar_salad": {
    "criteria": {
      "has_olive": "2024-07-07 22:52:26 +0000",
      "has_lettuce": "2024-07-07 22:52:26 +0000"
    },
    "done": true
  },
  "croptopia:recipes/documentation": {
    "criteria": {
      "has_crop": "2024-07-07 22:52:26 +0000"
    },
    "done": true
  },
  "croptopia:recipes/scrambled_eggs": {
    "criteria": {
      "has_cheese": "2024-07-07 22:52:26 +0000"
    },
    "done": true
  },
  "croptopia:recipes/surpreme_pizza": {
    "criteria": {
      "has_olive": "2024-07-07 22:52:26 +0000"
    },
    "done": true
  },
  "croptopia:recipes/cashew_chicken": {
    "criteria": {
      "has_cashew": "2024-07-07 22:52:26 +0000"
    },
    "done": true
  },
  "croptopia:recipes/shaped_buttered_green_beans": {
    "criteria": {
      "has_greenbeans": "2024-07-07 22:52:26 +0000"
    },
    "done": true
  },
  "croptopia:recipes/taco": {
    "criteria": {
      "has_tortilla": "2024-07-07 22:52:26 +0000"
    },
    "done": true
  },
  "croptopia:recipes/corn_husk": {
    "criteria": {
      "has_corn": "2024-07-07 22:52:26 +0000"
    },
    "done": true
  },
  "croptopia:recipes/campfire_baked_sweet_potato": {
    "criteria": {
      "has_sweetpotato": "2024-07-07 22:52:26 +0000"
    },
    "done": true
  },
  "croptopia:recipes/quesadilla": {
    "criteria": {
      "has_avocado": "2024-07-07 22:52:26 +0000",
      "has_tortilla": "2024-07-07 22:52:26 +0000"
    },
    "done": true
  },
  "croptopia:recipes/fruit_salad": {
    "criteria": {
      "has_strawberry": "2024-07-07 22:52:26 +0000",
      "has_banana": "2024-07-07 22:52:26 +0000",
      "has_grapes": "2024-07-07 22:52:26 +0000"
    },
    "done": true
  },
  "croptopia:recipes/tofu_and_dumplings": {
    "criteria": {
      "has_tofu": "2024-07-07 22:52:26 +0000"
    },
    "done": true
  },
  "croptopia:recipes/chicken_and_dumplings": {
    "criteria": {
      "has_dough": "2024-07-07 22:52:26 +0000"
    },
    "done": true
  },
  "croptopia:recipes/artichoke_dip": {
    "criteria": {
      "has_artichoke": "2024-07-07 22:52:26 +0000"
    },
    "done": true
  },
  "minecraft:recipes/tools/wooden_shovel": {
    "criteria": {
      "has_stick": "2024-07-07 22:52:26 +0000"
    },
    "done": true
  },
  "croptopia:recipes/shaped_trifle": {
    "criteria": {
      "has_strawberry": "2024-07-07 22:52:26 +0000"
    },
    "done": true
  },
  "croptopia:recipes/banana_cream_pie": {
    "criteria": {
      "has_vanilla": "2024-07-07 22:52:26 +0000",
      "has_banana": "2024-07-07 22:52:26 +0000"
    },
    "done": true
  },
  "croptopia:recipes/roasted_smoking": {
    "criteria": {
      "has_nut": "2024-07-07 22:52:26 +0000"
    },
    "done": true
  },
  "croptopia:recipes/butter": {
    "criteria": {
      "has_milk": "2024-07-07 22:52:26 +0000",
      "has_salt": "2024-07-07 22:52:26 +0000"
    },
    "done": true
  },
  "croptopia:recipes/shaped_steamed_broccoli": {
    "criteria": {
      "has_broccoli": "2024-07-07 22:52:26 +0000"
    },
    "done": true
  },
  "croptopia:recipes/wine": {
    "criteria": {
      "has_grapes": "2024-07-07 22:52:26 +0000"
    },
    "done": true
  },
  "croptopia:getseeds": {
    "criteria": {
      "has_seeds": "2024-07-07 22:52:26 +0000"
    },
    "done": true
  },
  "croptopia:recipes/nougat": {
    "criteria": {
      "has_nuts": "2024-07-07 22:52:26 +0000"
    },
    "done": true
  },
  "minecraft:recipes/combat/wooden_sword": {
    "criteria": {
      "has_stick": "2024-07-07 22:52:26 +0000"
    },
    "done": true
  },
  "croptopia:recipes/steamed_rice": {
    "criteria": {
      "has_rice": "2024-07-07 22:52:26 +0000"
    },
    "done": true
  },
  "croptopia:root": {
    "criteria": {
      "root": "2024-07-07 22:52:26 +0000"
    },
    "done": true
  },
  "croptopia:recipes/ravioli": {
    "criteria": {
      "has_noodle": "2024-07-07 22:52:26 +0000",
      "has_cheese": "2024-07-07 22:52:26 +0000"
    },
    "done": true
  },
  "croptopia:recipes/grilled_cheese": {
    "criteria": {
      "has_cheese": "2024-07-07 22:52:26 +0000"
    },
    "done": true
  },
  "croptopia:recipes/cheese_pizza": {
    "criteria": {
      "has_dough": "2024-07-07 22:52:26 +0000"
    },
    "done": true
  },
  "croptopia:recipes/peanut_butter_and_jam": {
    "criteria": {
      "has_jam": "2024-07-07 22:52:26 +0000"
    },
    "done": true
  },
  "croptopia:recipes/chicken_and_noodles": {
    "criteria": {
      "has_chicken": "2024-07-07 22:52:26 +0000",
      "has_noodles": "2024-07-07 22:52:26 +0000"
    },
    "done": true
  },
  "croptopia:recipes/campfire_baked_beans": {
    "criteria": {
      "has_beans": "2024-07-07 22:52:26 +0000"
    },
    "done": true
  },
  "croptopia:recipes/fried_chicken": {
    "criteria": {
      "has_chicken": "2024-07-07 22:52:26 +0000"
    },
    "done": true
  },
  "croptopia:recipes/trail_mix": {
    "criteria": {
      "has_raisins": "2024-07-07 22:52:26 +0000",
      "has_nuts": "2024-07-07 22:52:26 +0000",
      "has_chocolate": "2024-07-07 22:52:26 +0000"
    },
    "done": true
  },
  "croptopia:recipes/yoghurt": {
    "criteria": {
      "has_strawberry": "2024-07-07 22:52:26 +0000"
    },
    "done": true
  },
  "croptopia:recipes/cheese": {
    "criteria": {
      "has_milk": "2024-07-07 22:52:26 +0000",
      "has_salt": "2024-07-07 22:52:26 +0000"
    },
    "done": true
  },
  "croptopia:recipes/flour": {
    "criteria": {
      "has_grain": "2024-07-07 22:52:26 +0000"
    },
    "done": true
  },
  "croptopia:recipes/pineapple_pepperoni_pizza": {
    "criteria": {
      "has_pineapple": "2024-07-07 22:52:26 +0000"
    },
    "done": true
  },
  "croptopia:recipes/churros": {
    "criteria": {
      "has_milk": "2024-07-07 22:52:26 +0000"
    },
    "done": true
  },
  "croptopia:recipes/shaped_eggplant_parmesan": {
    "criteria": {
      "has_eggplant": "2024-07-07 22:52:26 +0000",
      "has_basil": "2024-07-07 22:52:26 +0000"
    },
    "done": true
  },
  "croptopia:recipes/shaped_cornish_pasty": {
    "criteria": {
      "has_rutabaga": "2024-07-07 22:52:26 +0000"
    },
    "done": true
  },
  "croptopia:recipes/refried_beans": {
    "criteria": {
      "has_beans": "2024-07-07 22:52:26 +0000"
    },
    "done": true
  },
  "croptopia:recipes/paprika": {
    "criteria": {
      "has_chile_peppers": "2024-07-07 22:52:26 +0000"
    },
    "done": true
  },
  "croptopia:recipes/candied_nuts": {
    "criteria": {
      "has_nut": "2024-07-07 22:52:26 +0000"
    },
    "done": true
  },
  "croptopia:recipes/shaped_potato_soup": {
    "criteria": {
      "has_greenonion": "2024-07-07 22:52:26 +0000"
    },
    "done": true
  },
  "croptopia:recipes/shaped_stir_fry": {
    "criteria": {
      "has_broccoli": "2024-07-07 22:52:26 +0000"
    },
    "done": true
  },
  "croptopia:recipes/sweet_potato_fries": {
    "criteria": {
      "has_sweetpotatos": "2024-07-07 22:52:26 +0000"
    },
    "done": true
  },
  "croptopia:recipes/shaped_peanut_butter": {
    "criteria": {
      "has_peanuts": "2024-07-07 22:52:26 +0000"
    },
    "done": true
  },
  "croptopia:recipes/ham_sandwich": {
    "criteria": {
      "has_cheese": "2024-07-07 22:52:26 +0000"
    },
    "done": true
  },
  "croptopia:recipes/shaped_ajvar": {
    "criteria": {
      "has_bellpepper": "2024-07-07 22:52:26 +0000",
      "has_eggplant": "2024-07-07 22:52:26 +0000"
    },
    "done": true
  },
  "minecraft:adventure/kill_all_mobs": {
    "criteria": {
      "minecraft:pillager": "2024-07-07 23:17:56 +0000",
      "minecraft:cave_spider": "2024-07-08 00:11:55 +0000",
      "minecraft:skeleton": "2024-07-07 23:11:06 +0000",
      "minecraft:vindicator": "2024-07-07 23:21:43 +0000",
      "minecraft:enderman": "2024-07-08 21:30:08 +0000",
      "minecraft:spider": "2024-07-07 23:17:41 +0000",
      "minecraft:zombie": "2024-07-07 22:56:59 +0000",
      "minecraft:creeper": "2024-07-07 23:45:29 +0000",
      "minecraft:zombie_villager": "2024-07-07 23:27:26 +0000",
      "minecraft:slime": "2024-07-08 03:52:47 +0000"
    },
    "done": false
  },
  "minecraft:adventure/root": {
    "criteria": {
      "killed_something": "2024-07-07 22:56:59 +0000"
    },
    "done": true
  },
  "minecraft:adventure/kill_a_mob": {
    "criteria": {
      "minecraft:zombie": "2024-07-07 22:56:59 +0000"
    },
    "done": true
  },
  "travelersbackpack:recipes/misc/cactus": {
    "criteria": {
      "has_cactus": "2024-07-07 22:58:47 +0000"
    },
    "done": true
  },
  "minecraft:recipes/misc/green_dye": {
    "criteria": {
      "has_cactus": "2024-07-07 22:58:47 +0000"
    },
    "done": true
  },
  "minecraft:recipes/transportation/cherry_boat": {
    "criteria": {
      "in_water": "2024-07-07 22:58:56 +0000"
    },
    "done": true
  },
  "minecraft:recipes/transportation/bamboo_raft": {
    "criteria": {
      "in_water": "2024-07-07 22:58:56 +0000"
    },
    "done": true
  },
  "minecraft:recipes/transportation/spruce_boat": {
    "criteria": {
      "in_water": "2024-07-07 22:58:56 +0000"
    },
    "done": true
  },
  "minecraft:recipes/transportation/birch_boat": {
    "criteria": {
      "in_water": "2024-07-07 22:58:56 +0000"
    },
    "done": true
  },
  "minecraft:recipes/transportation/oak_boat": {
    "criteria": {
      "in_water": "2024-07-07 22:58:56 +0000"
    },
    "done": true
  },
  "minecraft:recipes/transportation/mangrove_boat": {
    "criteria": {
      "in_water": "2024-07-07 22:58:56 +0000"
    },
    "done": true
  },
  "minecraft:recipes/transportation/acacia_boat": {
    "criteria": {
      "in_water": "2024-07-07 22:58:56 +0000"
    },
    "done": true
  },
  "minecraft:recipes/transportation/jungle_boat": {
    "criteria": {
      "in_water": "2024-07-07 22:58:56 +0000"
    },
    "done": true
  },
  "minecraft:recipes/transportation/dark_oak_boat": {
    "criteria": {
      "in_water": "2024-07-07 22:58:56 +0000"
    },
    "done": true
  },
  "minecraft:recipes/misc/lime_dye_from_smelting": {
    "criteria": {
      "has_sea_pickle": "2024-07-07 23:00:16 +0000"
    },
    "done": true
  },
  "minecraft:recipes/tools/golden_axe": {
    "criteria": {
      "has_gold_ingot": "2024-07-07 23:00:21 +0000"
    },
    "done": true
  },
  "minecraft:recipes/tools/golden_pickaxe": {
    "criteria": {
      "has_gold_ingot": "2024-07-07 23:00:21 +0000"
    },
    "done": true
  },
  "minecraft:recipes/misc/gold_nugget": {
    "criteria": {
      "has_gold_ingot": "2024-07-07 23:00:21 +0000"
    },
    "done": true
  },
  "minecraft:recipes/tools/golden_shovel": {
    "criteria": {
      "has_gold_ingot": "2024-07-07 23:00:21 +0000"
    },
    "done": true
  },
  "minecraft:recipes/food/golden_apple": {
    "criteria": {
      "has_gold_ingot": "2024-07-07 23:00:21 +0000"
    },
    "done": true
  },
  "minecraft:recipes/combat/golden_boots": {
    "criteria": {
      "has_gold_ingot": "2024-07-07 23:00:21 +0000"
    },
    "done": true
  },
  "minecraft:recipes/combat/golden_helmet": {
    "criteria": {
      "has_gold_ingot": "2024-07-07 23:00:21 +0000"
    },
    "done": true
  },
  "minecraft:recipes/combat/golden_chestplate": {
    "criteria": {
      "has_gold_ingot": "2024-07-07 23:00:21 +0000"
    },
    "done": true
  },
  "travelersbackpack:recipes/misc/gold": {
    "criteria": {
      "has_gold_ingot": "2024-07-07 23:00:21 +0000"
    },
    "done": true
  },
  "minecraft:recipes/redstone/light_weighted_pressure_plate": {
    "criteria": {
      "has_gold_ingot": "2024-07-07 23:00:21 +0000"
    },
    "done": true
  },
  "minecraft:recipes/decorations/torch": {
    "criteria": {
      "has_stone_pickaxe": "2024-07-07 23:00:21 +0000"
    },
    "done": true
  },
  "minecraft:story/upgrade_tools": {
    "criteria": {
      "stone_pickaxe": "2024-07-07 23:00:21 +0000"
    },
    "done": true
  },
  "minecraft:recipes/combat/golden_sword": {
    "criteria": {
      "has_gold_ingot": "2024-07-07 23:00:21 +0000"
    },
    "done": true
  },
  "minecraft:recipes/building_blocks/gold_block": {
    "criteria": {
      "has_gold_ingot": "2024-07-07 23:00:21 +0000"
    },
    "done": true
  },
  "travelersbackpack:recipes/misc/gold_tier_upgrade": {
    "criteria": {
      "has_gold_ingot": "2024-07-07 23:00:21 +0000"
    },
    "done": true
  },
  "minecraft:recipes/tools/golden_hoe": {
    "criteria": {
      "has_gold_ingot": "2024-07-07 23:00:21 +0000"
    },
    "done": true
  },
  "minecraft:recipes/combat/golden_leggings": {
    "criteria": {
      "has_gold_ingot": "2024-07-07 23:00:21 +0000"
    },
    "done": true
  },
  "minecraft:recipes/building_blocks/prismarine": {
    "criteria": {
      "has_prismarine_shard": "2024-07-07 23:00:22 +0000"
    },
    "done": true
  },
  "minecraft:recipes/building_blocks/prismarine_bricks": {
    "criteria": {
      "has_prismarine_shard": "2024-07-07 23:00:22 +0000"
    },
    "done": true
  },
  "minecraft:recipes/building_blocks/dark_prismarine": {
    "criteria": {
      "has_prismarine_shard": "2024-07-07 23:00:22 +0000"
    },
    "done": true
  },
  "minecraft:recipes/decorations/prismarine_wall_from_prismarine_stonecutting": {
    "criteria": {
      "has_prismarine": "2024-07-07 23:00:23 +0000"
    },
    "done": true
  },
  "minecraft:recipes/decorations/prismarine_wall": {
    "criteria": {
      "has_prismarine": "2024-07-07 23:00:23 +0000"
    },
    "done": true
  },
  "minecraft:recipes/building_blocks/prismarine_slab_from_prismarine_stonecutting": {
    "criteria": {
      "has_prismarine": "2024-07-07 23:00:23 +0000"
    },
    "done": true
  },
  "minecraft:recipes/building_blocks/prismarine_stairs_from_prismarine_stonecutting": {
    "criteria": {
      "has_prismarine": "2024-07-07 23:00:23 +0000"
    },
    "done": true
  },
  "minecraft:recipes/building_blocks/prismarine_stairs": {
    "criteria": {
      "has_prismarine": "2024-07-07 23:00:23 +0000"
    },
    "done": true
  },
  "minecraft:recipes/building_blocks/prismarine_slab": {
    "criteria": {
      "has_prismarine": "2024-07-07 23:00:23 +0000"
    },
    "done": true
  },
  "minecraft:recipes/misc/bone_meal_from_bone_block": {
    "criteria": {
      "has_bone_block": "2024-07-07 23:00:41 +0000"
    },
    "done": true
  },
  "minecraft:recipes/building_blocks/dark_prismarine_stairs": {
    "criteria": {
      "has_dark_prismarine": "2024-07-07 23:00:50 +0000"
    },
    "done": true
  },
  "minecraft:recipes/building_blocks/dark_prismarine_slab": {
    "criteria": {
      "has_dark_prismarine": "2024-07-07 23:00:50 +0000"
    },
    "done": true
  },
  "minecraft:recipes/building_blocks/dark_prismarine_stairs_from_dark_prismarine_stonecutting": {
    "criteria": {
      "has_dark_prismarine": "2024-07-07 23:00:50 +0000"
    },
    "done": true
  },
  "minecraft:recipes/building_blocks/dark_prismarine_slab_from_dark_prismarine_stonecutting": {
    "criteria": {
      "has_dark_prismarine": "2024-07-07 23:00:50 +0000"
    },
    "done": true
  },
  "minecraft:recipes/building_blocks/light_gray_concrete_powder": {
    "criteria": {
      "has_sand": "2024-07-07 23:00:57 +0000"
    },
    "done": true
  },
  "minecraft:recipes/building_blocks/pink_concrete_powder": {
    "criteria": {
      "has_sand": "2024-07-07 23:00:57 +0000"
    },
    "done": true
  },
  "minecraft:recipes/building_blocks/red_concrete_powder": {
    "criteria": {
      "has_sand": "2024-07-07 23:00:57 +0000"
    },
    "done": true
  },
  "minecraft:recipes/building_blocks/brown_concrete_powder": {
    "criteria": {
      "has_sand": "2024-07-07 23:00:57 +0000"
    },
    "done": true
  },
  "minecraft:recipes/building_blocks/light_blue_concrete_powder": {
    "criteria": {
      "has_sand": "2024-07-07 23:00:57 +0000"
    },
    "done": true
  },
  "minecraft:recipes/building_blocks/glass": {
    "criteria": {
      "has_smelts_to_glass": "2024-07-07 23:00:57 +0000"
    },
    "done": true
  },
  "minecraft:recipes/building_blocks/green_concrete_powder": {
    "criteria": {
      "has_sand": "2024-07-07 23:00:57 +0000"
    },
    "done": true
  },
  "minecraft:recipes/building_blocks/blue_concrete_powder": {
    "criteria": {
      "has_sand": "2024-07-07 23:00:57 +0000"
    },
    "done": true
  },
  "minecraft:recipes/decorations/chest": {
    "criteria": {
      "has_lots_of_items": "2024-07-07 23:00:57 +0000"
    },
    "done": true
  },
  "minecraft:recipes/building_blocks/white_concrete_powder": {
    "criteria": {
      "has_sand": "2024-07-07 23:00:57 +0000"
    },
    "done": true
  },
  "minecraft:recipes/building_blocks/lime_concrete_powder": {
    "criteria": {
      "has_sand": "2024-07-07 23:00:57 +0000"
    },
    "done": true
  },
  "minecraft:recipes/building_blocks/orange_concrete_powder": {
    "criteria": {
      "has_sand": "2024-07-07 23:00:57 +0000"
    },
    "done": true
  },
  "minecraft:recipes/building_blocks/magenta_concrete_powder": {
    "criteria": {
      "has_sand": "2024-07-07 23:00:57 +0000"
    },
    "done": true
  },
  "minecraft:recipes/building_blocks/yellow_concrete_powder": {
    "criteria": {
      "has_sand": "2024-07-07 23:00:57 +0000"
    },
    "done": true
  },
  "minecraft:recipes/building_blocks/sandstone": {
    "criteria": {
      "has_sand": "2024-07-07 23:00:57 +0000"
    },
    "done": true
  },
  "minecraft:recipes/building_blocks/gray_concrete_powder": {
    "criteria": {
      "has_sand": "2024-07-07 23:00:57 +0000"
    },
    "done": true
  },
  "minecraft:recipes/building_blocks/black_concrete_powder": {
    "criteria": {
      "has_sand": "2024-07-07 23:00:57 +0000"
    },
    "done": true
  },
  "minecraft:recipes/building_blocks/purple_concrete_powder": {
    "criteria": {
      "has_sand": "2024-07-07 23:00:57 +0000"
    },
    "done": true
  },
  "minecraft:recipes/building_blocks/cyan_concrete_powder": {
    "criteria": {
      "has_sand": "2024-07-07 23:00:57 +0000"
    },
    "done": true
  },
  "minecraft:recipes/building_blocks/sea_lantern": {
    "criteria": {
      "has_prismarine_crystals": "2024-07-07 23:01:20 +0000"
    },
    "done": true
  },
  "minecraft:recipes/building_blocks/prismarine_brick_stairs": {
    "criteria": {
      "has_prismarine_bricks": "2024-07-07 23:01:21 +0000"
    },
    "done": true
  },
  "minecraft:recipes/building_blocks/prismarine_brick_slab_from_prismarine_stonecutting": {
    "criteria": {
      "has_prismarine_brick": "2024-07-07 23:01:21 +0000"
    },
    "done": true
  },
  "minecraft:recipes/building_blocks/prismarine_brick_stairs_from_prismarine_stonecutting": {
    "criteria": {
      "has_prismarine_brick": "2024-07-07 23:01:21 +0000"
    },
    "done": true
  },
  "minecraft:recipes/building_blocks/prismarine_brick_slab": {
    "criteria": {
      "has_prismarine_bricks": "2024-07-07 23:01:21 +0000"
    },
    "done": true
  },
  "travelersbackpack:recipes/misc/squid": {
    "criteria": {
      "has_ink_sac": "2024-07-07 23:02:06 +0000"
    },
    "done": true
  },
  "minecraft:recipes/misc/black_dye": {
    "criteria": {
      "has_ink_sac": "2024-07-07 23:02:06 +0000"
    },
    "done": true
  },
  "minecraft:recipes/misc/gold_ingot_from_gold_block": {
    "criteria": {
      "has_gold_block": "2024-07-07 23:03:15 +0000"
    },
    "done": true
  },
  "minecraft:recipes/redstone/lever": {
    "criteria": {
      "has_cobblestone": "2024-07-07 23:03:46 +0000"
    },
    "done": true
  },
  "minecraft:recipes/combat/stone_sword": {
    "criteria": {
      "has_cobblestone": "2024-07-07 23:03:46 +0000"
    },
    "done": true
  },
  "minecraft:recipes/decorations/cobblestone_wall": {
    "criteria": {
      "has_cobblestone": "2024-07-07 23:03:46 +0000"
    },
    "done": true
  },
  "minecraft:recipes/tools/stone_axe": {
    "criteria": {
      "has_cobblestone": "2024-07-07 23:03:46 +0000"
    },
    "done": true
  },
  "minecraft:story/mine_stone": {
    "criteria": {
      "get_stone": "2024-07-07 23:03:46 +0000"
    },
    "done": true
  },
  "minecraft:recipes/decorations/furnace": {
    "criteria": {
      "has_cobblestone": "2024-07-07 23:03:46 +0000"
    },
    "done": true
  },
  "minecraft:recipes/building_blocks/cobblestone_slab_from_cobblestone_stonecutting": {
    "criteria": {
      "has_cobblestone": "2024-07-07 23:03:46 +0000"
    },
    "done": true
  },
  "minecraft:recipes/building_blocks/stone": {
    "criteria": {
      "has_cobblestone": "2024-07-07 23:03:46 +0000"
    },
    "done": true
  },
  "minecraft:recipes/tools/stone_pickaxe": {
    "criteria": {
      "has_cobblestone": "2024-07-07 23:03:46 +0000"
    },
    "done": true
  },
  "minecraft:recipes/building_blocks/cobblestone_slab": {
    "criteria": {
      "has_cobblestone": "2024-07-07 23:03:46 +0000"
    },
    "done": true
  },
  "minecraft:recipes/decorations/cobblestone_wall_from_cobblestone_stonecutting": {
    "criteria": {
      "has_cobblestone": "2024-07-07 23:03:46 +0000"
    },
    "done": true
  },
  "minecraft:recipes/building_blocks/cobblestone_stairs_from_cobblestone_stonecutting": {
    "criteria": {
      "has_cobblestone": "2024-07-07 23:03:46 +0000"
    },
    "done": true
  },
  "minecraft:recipes/building_blocks/cobblestone_stairs": {
    "criteria": {
      "has_cobblestone": "2024-07-07 23:03:46 +0000"
    },
    "done": true
  },
  "minecraft:recipes/tools/stone_hoe": {
    "criteria": {
      "has_cobblestone": "2024-07-07 23:03:46 +0000"
    },
    "done": true
  },
  "minecraft:recipes/tools/stone_shovel": {
    "criteria": {
      "has_cobblestone": "2024-07-07 23:03:46 +0000"
    },
    "done": true
  },
  "travelersbackpack:recipes/misc/coal": {
    "criteria": {
      "has_coal": "2024-07-07 23:03:50 +0000"
    },
    "done": true
  },
  "minecraft:recipes/building_blocks/coal_block": {
    "criteria": {
      "has_coal": "2024-07-07 23:03:50 +0000"
    },
    "done": true
  },
  "minecraft:recipes/decorations/decorated_pot_simple": {
    "criteria": {
      "has_brick": "2024-07-07 23:06:41 +0000"
    },
    "done": true
  },
  "minecraft:adventure/salvage_sherd": {
    "criteria": {
      "has_sherd": "2024-07-07 23:06:41 +0000"
    },
    "done": false
  },
  "minecraft:recipes/food/cooked_salmon": {
    "criteria": {
      "has_salmon": "2024-07-07 23:06:43 +0000"
    },
    "done": true
  },
  "minecraft:recipes/building_blocks/emerald_block": {
    "criteria": {
      "has_emerald": "2024-07-07 23:06:43 +0000"
    },
    "done": true
  },
  "travelersbackpack:recipes/misc/emerald": {
    "criteria": {
      "has_emerald": "2024-07-07 23:06:43 +0000"
    },
    "done": true
  },
  "minecraft:recipes/food/cooked_salmon_from_smoking": {
    "criteria": {
      "has_salmon": "2024-07-07 23:06:43 +0000"
    },
    "done": true
  },
  "minecraft:recipes/food/cooked_salmon_from_campfire_cooking": {
    "criteria": {
      "has_salmon": "2024-07-07 23:06:43 +0000"
    },
    "done": true
  },
  "minecraft:recipes/food/cooked_cod_from_smoking": {
    "criteria": {
      "has_cod": "2024-07-07 23:06:46 +0000"
    },
    "done": true
  },
  "travelersbackpack:recipes/misc/ocelot": {
    "criteria": {
      "has_cod": "2024-07-07 23:06:46 +0000"
    },
    "done": true
  },
  "minecraft:recipes/food/cooked_cod_from_campfire_cooking": {
    "criteria": {
      "has_cod": "2024-07-07 23:06:46 +0000"
    },
    "done": true
  },
  "minecraft:recipes/food/cooked_cod": {
    "criteria": {
      "has_cod": "2024-07-07 23:06:46 +0000"
    },
    "done": true
  },
  "minecraft:recipes/redstone/acacia_button": {
    "criteria": {
      "has_planks": "2024-07-07 23:08:03 +0000"
    },
    "done": true
  },
  "minecraft:recipes/redstone/acacia_pressure_plate": {
    "criteria": {
      "has_planks": "2024-07-07 23:08:03 +0000"
    },
    "done": true
  },
  "minecraft:recipes/building_blocks/acacia_slab": {
    "criteria": {
      "has_planks": "2024-07-07 23:08:03 +0000"
    },
    "done": true
  },
  "minecraft:recipes/redstone/acacia_trapdoor": {
    "criteria": {
      "has_planks": "2024-07-07 23:08:03 +0000"
    },
    "done": true
  },
  "minecraft:recipes/misc/stick": {
    "criteria": {
      "has_planks": "2024-07-07 23:08:03 +0000"
    },
    "done": true
  },
  "minecraft:recipes/building_blocks/acacia_stairs": {
    "criteria": {
      "has_planks": "2024-07-07 23:08:03 +0000"
    },
    "done": true
  },
  "minecraft:recipes/redstone/acacia_door": {
    "criteria": {
      "has_planks": "2024-07-07 23:08:03 +0000"
    },
    "done": true
  },
  "minecraft:recipes/redstone/acacia_fence_gate": {
    "criteria": {
      "has_planks": "2024-07-07 23:08:03 +0000"
    },
    "done": true
  },
  "minecraft:recipes/decorations/acacia_sign": {
    "criteria": {
      "has_planks": "2024-07-07 23:08:03 +0000"
    },
    "done": true
  },
  "minecraft:recipes/decorations/acacia_fence": {
    "criteria": {
      "has_planks": "2024-07-07 23:08:03 +0000"
    },
    "done": true
  },
  "minecraft:recipes/decorations/barrel": {
    "criteria": {
      "has_planks": "2024-07-07 23:08:03 +0000"
    },
    "done": true
  },
  "travelersbackpack:recipes/misc/crafting_upgrade": {
    "criteria": {
      "has_crafting_table": "2024-07-07 23:08:16 +0000"
    },
    "done": true
  },
  "minecraft:story/root": {
    "criteria": {
      "crafting_table": "2024-07-07 23:08:16 +0000"
    },
    "done": true
  },
  "croptopia:eatbig": {
    "criteria": {
      "eat_big": "2024-07-07 23:09:51 +0000"
    },
    "done": true
  },
  "minecraft:husbandry/root": {
    "criteria": {
      "consumed_item": "2024-07-07 23:09:51 +0000"
    },
    "done": true
  },
  "croptopia:eatcrafted": {
    "criteria": {
      "eat_crafted": "2024-07-07 23:09:51 +0000"
    },
    "done": true
  },
  "minecraft:husbandry/balanced_diet": {
    "criteria": {
      "cooked_porkchop": "2024-07-08 02:56:16 +0000",
      "apple": "2024-07-07 23:52:39 +0000",
      "bread": "2024-07-08 00:03:45 +0000",
      "cooked_chicken": "2024-07-07 23:52:45 +0000",
      "rotten_flesh": "2024-07-07 23:31:23 +0000",
      "suspicious_stew": "2024-07-07 23:24:26 +0000",
      "cooked_mutton": "2024-07-08 02:38:00 +0000",
      "glow_berries": "2024-07-08 00:21:10 +0000",
      "cooked_cod": "2024-07-07 23:09:51 +0000",
      "sweet_berries": "2024-07-07 23:39:45 +0000",
      "cooked_beef": "2024-07-08 00:43:25 +0000"
    },
    "done": false
  },
  "croptopia:getdrinks": {
    "criteria": {
      "has_drink": "2024-07-07 23:09:51 +0000"
    },
    "done": true
  },
  "minecraft:recipes/building_blocks/sponge": {
    "criteria": {
      "has_wet_sponge": "2024-07-07 23:11:04 +0000"
    },
    "done": true
  },
  "minecraft:recipes/misc/bone_meal": {
    "criteria": {
      "has_bone": "2024-07-07 23:11:04 +0000"
    },
    "done": true
  },
  "travelersbackpack:recipes/misc/skeleton": {
    "criteria": {
      "has_arrow": "2024-07-07 23:11:04 +0000"
    },
    "done": true
  },
  "travelersbackpack:recipes/misc/wolf": {
    "criteria": {
      "has_bone": "2024-07-07 23:11:04 +0000"
    },
    "done": true
  },
  "minecraft:recipes/combat/bow": {
    "criteria": {
      "has_string": "2024-07-07 23:11:17 +0000"
    },
    "done": true
  },
  "minecraft:recipes/tools/fishing_rod": {
    "criteria": {
      "has_string": "2024-07-07 23:11:17 +0000"
    },
    "done": true
  },
  "minecraft:recipes/redstone/tripwire_hook": {
    "criteria": {
      "has_string": "2024-07-07 23:11:17 +0000"
    },
    "done": true
  },
  "travelersbackpack:recipes/misc/spider": {
    "criteria": {
      "has_string": "2024-07-07 23:11:17 +0000"
    },
    "done": true
  },
  "minecraft:recipes/decorations/candle": {
    "criteria": {
      "has_string": "2024-07-07 23:11:17 +0000"
    },
    "done": true
  },
  "minecraft:recipes/building_blocks/white_wool_from_string": {
    "criteria": {
      "has_string": "2024-07-07 23:11:17 +0000"
    },
    "done": true
  },
  "minecraft:recipes/combat/crossbow": {
    "criteria": {
      "has_string": "2024-07-07 23:11:17 +0000"
    },
    "done": true
  },
  "minecraft:recipes/decorations/loom": {
    "criteria": {
      "has_string": "2024-07-07 23:11:17 +0000"
    },
    "done": true
  },
  "minecraft:recipes/building_blocks/mangrove_stairs": {
    "criteria": {
      "has_planks": "2024-07-07 23:12:17 +0000"
    },
    "done": true
  },
  "minecraft:recipes/redstone/mangrove_door": {
    "criteria": {
      "has_planks": "2024-07-07 23:12:17 +0000"
    },
    "done": true
  },
  "minecraft:recipes/redstone/mangrove_pressure_plate": {
    "criteria": {
      "has_planks": "2024-07-07 23:12:17 +0000"
    },
    "done": true
  },
  "minecraft:recipes/decorations/mangrove_fence": {
    "criteria": {
      "has_planks": "2024-07-07 23:12:17 +0000"
    },
    "done": true
  },
  "minecraft:recipes/redstone/mangrove_trapdoor": {
    "criteria": {
      "has_planks": "2024-07-07 23:12:17 +0000"
    },
    "done": true
  },
  "minecraft:recipes/redstone/mangrove_fence_gate": {
    "criteria": {
      "has_planks": "2024-07-07 23:12:17 +0000"
    },
    "done": true
  },
  "minecraft:recipes/decorations/mangrove_sign": {
    "criteria": {
      "has_planks": "2024-07-07 23:12:17 +0000"
    },
    "done": true
  },
  "minecraft:recipes/redstone/mangrove_button": {
    "criteria": {
      "has_planks": "2024-07-07 23:12:17 +0000"
    },
    "done": true
  },
  "minecraft:recipes/building_blocks/mangrove_slab": {
    "criteria": {
      "has_planks": "2024-07-07 23:12:17 +0000"
    },
    "done": true
  },
  "travelersbackpack:recipes/misc/sponge": {
    "criteria": {
      "has_sponge": "2024-07-07 23:12:47 +0000"
    },
    "done": true
  },
  "croptopia:recipes/misc/food_press": {
    "criteria": {
      "has_piston": "2024-07-07 23:12:58 +0000"
    },
    "done": true
  },
  "minecraft:recipes/decorations/painting": {
    "criteria": {
      "has_wool": "2024-07-07 23:13:14 +0000"
    },
    "done": true
  },
  "minecraft:recipes/decorations/red_carpet": {
    "criteria": {
      "has_red_wool": "2024-07-07 23:13:14 +0000"
    },
    "done": true
  },
  "minecraft:recipes/decorations/red_banner": {
    "criteria": {
      "has_red_wool": "2024-07-07 23:13:14 +0000"
    },
    "done": true
  },
  "travelersbackpack:recipes/decorations/red_sleeping_bag": {
    "criteria": {
      "has_red_wool": "2024-07-07 23:13:14 +0000"
    },
    "done": true
  },
  "minecraft:recipes/decorations/red_bed": {
    "criteria": {
      "has_red_wool": "2024-07-07 23:13:14 +0000"
    },
    "done": true
  },
  "minecraft:recipes/transportation/spruce_chest_boat": {
    "criteria": {
      "has_boat": "2024-07-07 23:15:36 +0000"
    },
    "done": true
  },
  "minecraft:recipes/transportation/jungle_chest_boat": {
    "criteria": {
      "has_boat": "2024-07-07 23:15:36 +0000"
    },
    "done": true
  },
  "minecraft:recipes/transportation/acacia_chest_boat": {
    "criteria": {
      "has_boat": "2024-07-07 23:15:36 +0000"
    },
    "done": true
  },
  "minecraft:recipes/transportation/mangrove_chest_boat": {
    "criteria": {
      "has_boat": "2024-07-07 23:15:36 +0000"
    },
    "done": true
  },
  "minecraft:recipes/transportation/oak_chest_boat": {
    "criteria": {
      "has_boat": "2024-07-07 23:15:36 +0000"
    },
    "done": true
  },
  "minecraft:recipes/transportation/cherry_chest_boat": {
    "criteria": {
      "has_boat": "2024-07-07 23:15:36 +0000"
    },
    "done": true
  },
  "minecraft:recipes/transportation/birch_chest_boat": {
    "criteria": {
      "has_boat": "2024-07-07 23:15:36 +0000"
    },
    "done": true
  },
  "minecraft:recipes/transportation/dark_oak_chest_boat": {
    "criteria": {
      "has_boat": "2024-07-07 23:15:36 +0000"
    },
    "done": true
  },
  "minecraft:recipes/transportation/bamboo_chest_raft": {
    "criteria": {
      "has_boat": "2024-07-07 23:15:36 +0000"
    },
    "done": true
  },
  "minecraft:recipes/brewing/fermented_spider_eye": {
    "criteria": {
      "has_spider_eye": "2024-07-07 23:18:27 +0000"
    },
    "done": true
  },
  "travelersbackpack:recipes/decorations/white_sleeping_bag": {
    "criteria": {
      "has_white_wool": "2024-07-07 23:19:46 +0000"
    },
    "done": true
  },
  "minecraft:recipes/decorations/white_carpet": {
    "criteria": {
      "has_white_wool": "2024-07-07 23:19:46 +0000"
    },
    "done": true
  },
  "travelersbackpack:recipes/misc/sheep": {
    "criteria": {
      "has_white_wool": "2024-07-07 23:19:46 +0000"
    },
    "done": true
  },
  "minecraft:recipes/decorations/white_banner": {
    "criteria": {
      "has_white_wool": "2024-07-07 23:19:46 +0000"
    },
    "done": true
  },
  "minecraft:recipes/decorations/white_bed": {
    "criteria": {
      "has_white_wool": "2024-07-07 23:19:46 +0000"
    },
    "done": true
  },
  "nova_structures:adventure/find_all_illager_structures": {
    "criteria": {
      "illager_camp": "2024-07-07 23:21:46 +0000"
    },
    "done": false
  },
  "minecraft:recipes/misc/charcoal": {
    "criteria": {
      "has_log": "2024-07-07 23:22:04 +0000"
    },
    "done": true
  },
  "minecraft:recipes/building_blocks/oak_planks": {
    "criteria": {
      "has_logs": "2024-07-07 23:22:04 +0000"
    },
    "done": true
  },
  "minecraft:recipes/building_blocks/oak_wood": {
    "criteria": {
      "has_log": "2024-07-07 23:22:04 +0000"
    },
    "done": true
  },
  "minecraft:recipes/decorations/oak_sign": {
    "criteria": {
      "has_planks": "2024-07-07 23:22:08 +0000"
    },
    "done": true
  },
  "minecraft:recipes/redstone/oak_trapdoor": {
    "criteria": {
      "has_planks": "2024-07-07 23:22:08 +0000"
    },
    "done": true
  },
  "minecraft:recipes/building_blocks/oak_stairs": {
    "criteria": {
      "has_planks": "2024-07-07 23:22:08 +0000"
    },
    "done": true
  },
  "minecraft:recipes/decorations/oak_fence": {
    "criteria": {
      "has_planks": "2024-07-07 23:22:08 +0000"
    },
    "done": true
  },
  "minecraft:recipes/redstone/oak_button": {
    "criteria": {
      "has_planks": "2024-07-07 23:22:08 +0000"
    },
    "done": true
  },
  "minecraft:recipes/building_blocks/oak_slab": {
    "criteria": {
      "has_planks": "2024-07-07 23:22:08 +0000"
    },
    "done": true
  },
  "minecraft:recipes/redstone/oak_fence_gate": {
    "criteria": {
      "has_planks": "2024-07-07 23:22:08 +0000"
    },
    "done": true
  },
  "minecraft:recipes/redstone/oak_pressure_plate": {
    "criteria": {
      "has_planks": "2024-07-07 23:22:08 +0000"
    },
    "done": true
  },
  "minecraft:recipes/redstone/oak_door": {
    "criteria": {
      "has_planks": "2024-07-07 23:22:08 +0000"
    },
    "done": true
  },
  "travelersbackpack:recipes/misc/standard": {
    "criteria": {
      "has_chest": "2024-07-07 23:22:11 +0000"
    },
    "done": true
  },
  "travelersbackpack:recipes/misc/blank_upgrade": {
    "criteria": {
      "has_chest": "2024-07-07 23:22:11 +0000"
    },
    "done": true
  },
  "minecraft:recipes/decorations/smoker": {
    "criteria": {
      "has_furnace": "2024-07-07 23:22:13 +0000"
    },
    "done": true
  },
  "croptopia:recipes/misc/apple_juice": {
    "criteria": {
      "has_apple": "2024-07-07 23:22:18 +0000"
    },
    "done": true
  },
  "croptopia:recipes/misc/apple_pie": {
    "criteria": {
      "has_apple": "2024-07-07 23:22:18 +0000"
    },
    "done": true
  },
  "croptopia:recipes/misc/apple_sapling": {
    "criteria": {
      "has_apple": "2024-07-07 23:22:18 +0000"
    },
    "done": true
  },
  "minecraft:recipes/combat/iron_leggings": {
    "criteria": {
      "has_iron_ingot": "2024-07-07 23:22:26 +0000"
    },
    "done": true
  },
  "minecraft:story/obtain_armor": {
    "criteria": {
      "iron_helmet": "2024-07-07 23:22:26 +0000"
    },
    "done": true
  },
  "minecraft:recipes/misc/iron_nugget_from_smelting": {
    "criteria": {
      "has_iron_helmet": "2024-07-07 23:22:26 +0000"
    },
    "done": true
  },
  "minecraft:recipes/combat/iron_chestplate": {
    "criteria": {
      "has_iron_ingot": "2024-07-07 23:22:26 +0000"
    },
    "done": true
  },
  "travelersbackpack:recipes/misc/backpack_tank": {
    "criteria": {
      "has_iron": "2024-07-07 23:22:26 +0000"
    },
    "done": true
  },
  "minecraft:recipes/misc/iron_nugget": {
    "criteria": {
      "has_iron_ingot": "2024-07-07 23:22:26 +0000"
    },
    "done": true
  },
  "minecraft:recipes/misc/bucket": {
    "criteria": {
      "has_iron_ingot": "2024-07-07 23:22:26 +0000"
    },
    "done": true
  },
  "minecraft:recipes/combat/iron_helmet": {
    "criteria": {
      "has_iron_ingot": "2024-07-07 23:22:26 +0000"
    },
    "done": true
  },
  "minecraft:recipes/transportation/minecart": {
    "criteria": {
      "has_iron_ingot": "2024-07-07 23:22:26 +0000"
    },
    "done": true
  },
  "minecraft:recipes/tools/iron_hoe": {
    "criteria": {
      "has_iron_ingot": "2024-07-07 23:22:26 +0000"
    },
    "done": true
  },
  "minecraft:story/smelt_iron": {
    "criteria": {
      "iron": "2024-07-07 23:22:26 +0000"
    },
    "done": true
  },
  "minecraft:recipes/tools/shears": {
    "criteria": {
      "has_iron_ingot": "2024-07-07 23:22:26 +0000"
    },
    "done": true
  },
  "minecraft:recipes/decorations/chain": {
    "criteria": {
      "has_iron_ingot": "2024-07-07 23:22:26 +0000"
    },
    "done": true
  },
  "minecraft:recipes/building_blocks/iron_block": {
    "criteria": {
      "has_iron_ingot": "2024-07-07 23:22:26 +0000"
    },
    "done": true
  },
  "minecraft:recipes/decorations/smithing_table": {
    "criteria": {
      "has_iron_ingot": "2024-07-07 23:22:26 +0000"
    },
    "done": true
  },
  "minecraft:recipes/combat/iron_sword": {
    "criteria": {
      "has_iron_ingot": "2024-07-07 23:22:26 +0000"
    },
    "done": true
  },
  "minecraft:recipes/tools/iron_pickaxe": {
    "criteria": {
      "has_iron_ingot": "2024-07-07 23:22:26 +0000"
    },
    "done": true
  },
  "minecraft:recipes/combat/shield": {
    "criteria": {
      "has_iron_ingot": "2024-07-07 23:22:26 +0000"
    },
    "done": true
  },
  "minecraft:recipes/redstone/hopper": {
    "criteria": {
      "has_iron_ingot": "2024-07-07 23:22:26 +0000"
    },
    "done": true
  },
  "travelersbackpack:recipes/misc/iron": {
    "criteria": {
      "has_iron_ingot": "2024-07-07 23:22:26 +0000"
    },
    "done": true
  },
  "minecraft:recipes/decorations/iron_bars": {
    "criteria": {
      "has_iron_ingot": "2024-07-07 23:22:26 +0000"
    },
    "done": true
  },
  "travelersbackpack:recipes/misc/iron_tier_upgrade": {
    "criteria": {
      "has_iron_ingot": "2024-07-07 23:22:26 +0000"
    },
    "done": true
  },
  "minecraft:recipes/combat/iron_boots": {
    "criteria": {
      "has_iron_ingot": "2024-07-07 23:22:26 +0000"
    },
    "done": true
  },
  "travelersbackpack:recipes/misc/hose_nozzle": {
    "criteria": {
      "has_iron": "2024-07-07 23:22:26 +0000"
    },
    "done": true
  },
  "croptopia:recipes/misc/frying_pan": {
    "criteria": {
      "has_iron": "2024-07-07 23:22:26 +0000"
    },
    "done": true
  },
  "minecraft:recipes/decorations/lantern": {
    "criteria": {
      "has_iron_ingot": "2024-07-07 23:22:26 +0000"
    },
    "done": true
  },
  "minecraft:recipes/tools/iron_shovel": {
    "criteria": {
      "has_iron_ingot": "2024-07-07 23:22:26 +0000"
    },
    "done": true
  },
  "minecraft:recipes/redstone/iron_trapdoor": {
    "criteria": {
      "has_iron_ingot": "2024-07-07 23:22:26 +0000"
    },
    "done": true
  },
  "minecraft:recipes/tools/iron_axe": {
    "criteria": {
      "has_iron_ingot": "2024-07-07 23:22:26 +0000"
    },
    "done": true
  },
  "croptopia:recipes/misc/knife": {
    "criteria": {
      "has_iron": "2024-07-07 23:22:26 +0000"
    },
    "done": true
  },
  "minecraft:recipes/misc/iron_nugget_from_blasting": {
    "criteria": {
      "has_iron_helmet": "2024-07-07 23:22:26 +0000"
    },
    "done": true
  },
  "minecraft:recipes/redstone/iron_door": {
    "criteria": {
      "has_iron_ingot": "2024-07-07 23:22:26 +0000"
    },
    "done": true
  },
  "croptopia:recipes/misc/cooking_pot": {
    "criteria": {
      "has_iron": "2024-07-07 23:22:26 +0000"
    },
    "done": true
  },
  "minecraft:recipes/redstone/heavy_weighted_pressure_plate": {
    "criteria": {
      "has_iron_ingot": "2024-07-07 23:22:26 +0000"
    },
    "done": true
  },
  "croptopia:recipes/food/toast_from_smoking_bread": {
    "criteria": {
      "has_bread": "2024-07-07 23:22:32 +0000"
    },
    "done": true
  },
  "croptopia:recipes/campfire_toast": {
    "criteria": {
      "has_bread": "2024-07-07 23:22:32 +0000"
    },
    "done": true
  },
  "croptopia:recipes/food/toast_from_bread": {
    "criteria": {
      "has_bread": "2024-07-07 23:22:32 +0000"
    },
    "done": true
  },
  "minecraft:recipes/misc/pumpkin_seeds": {
    "criteria": {
      "has_pumpkin": "2024-07-07 23:23:18 +0000"
    },
    "done": true
  },
  "croptopia:recipes/misc/pumpkin_soup": {
    "criteria": {
      "has_pumpkin": "2024-07-07 23:23:18 +0000"
    },
    "done": true
  },
  "travelersbackpack:recipes/misc/pumpkin": {
    "criteria": {
      "has_pumpkin": "2024-07-07 23:23:18 +0000"
    },
    "done": true
  },
  "minecraft:recipes/food/pumpkin_pie": {
    "criteria": {
      "has_pumpkin": "2024-07-07 23:23:18 +0000"
    },
    "done": true
  },
  "croptopia:recipes/misc/pumpkin_bars": {
    "criteria": {
      "has_pumpkin": "2024-07-07 23:23:18 +0000"
    },
    "done": true
  },
  "minecraft:recipes/building_blocks/bricks": {
    "criteria": {
      "has_brick": "2024-07-07 23:23:19 +0000"
    },
    "done": true
  },
  "minecraft:recipes/decorations/flower_pot": {
    "criteria": {
      "has_brick": "2024-07-07 23:23:19 +0000"
    },
    "done": true
  },
  "croptopia:recipes/misc/mortar_and_pestle": {
    "criteria": {
      "has_bowl": "2024-07-07 23:24:26 +0000"
    },
    "done": true
  },
  "minecraft:recipes/food/mushroom_stew": {
    "criteria": {
      "has_bowl": "2024-07-07 23:24:26 +0000"
    },
    "done": true
  },
  "minecraft:recipes/food/cooked_chicken_from_campfire_cooking": {
    "criteria": {
      "has_chicken": "2024-07-07 23:27:56 +0000"
    },
    "done": true
  },
  "minecraft:recipes/food/cooked_chicken": {
    "criteria": {
      "has_chicken": "2024-07-07 23:27:56 +0000"
    },
    "done": true
  },
  "minecraft:recipes/food/cooked_chicken_from_smoking": {
    "criteria": {
      "has_chicken": "2024-07-07 23:27:56 +0000"
    },
    "done": true
  },
  "minecraft:adventure/sleep_in_bed": {
    "criteria": {
      "slept_in_bed": "2024-07-07 23:29:50 +0000"
    },
    "done": true
  },
  "minecraft:recipes/building_blocks/birch_wood": {
    "criteria": {
      "has_log": "2024-07-07 23:33:41 +0000"
    },
    "done": true
  },
  "minecraft:recipes/building_blocks/birch_planks": {
    "criteria": {
      "has_logs": "2024-07-07 23:33:41 +0000"
    },
    "done": true
  },
  "travelersbackpack:recipes/misc/fox": {
    "criteria": {
      "has_sweet_berries": "2024-07-07 23:37:37 +0000"
    },
    "done": true
  },
  "minecraft:recipes/building_blocks/raw_iron_block": {
    "criteria": {
      "has_raw_iron": "2024-07-07 23:38:48 +0000"
    },
    "done": true
  },
  "minecraft:recipes/misc/iron_ingot_from_smelting_raw_iron": {
    "criteria": {
      "has_raw_iron": "2024-07-07 23:38:48 +0000"
    },
    "done": true
  },
  "minecraft:recipes/misc/iron_ingot_from_blasting_raw_iron": {
    "criteria": {
      "has_raw_iron": "2024-07-07 23:38:48 +0000"
    },
    "done": true
  },
  "minecraft:story/iron_tools": {
    "criteria": {
      "iron_pickaxe": "2024-07-07 23:42:33 +0000"
    },
    "done": true
  },
  "minecraft:recipes/misc/copper_ingot_from_blasting_raw_copper": {
    "criteria": {
      "has_raw_copper": "2024-07-07 23:43:46 +0000"
    },
    "done": true
  },
  "minecraft:recipes/building_blocks/raw_copper_block": {
    "criteria": {
      "has_raw_copper": "2024-07-07 23:43:46 +0000"
    },
    "done": true
  },
  "minecraft:recipes/misc/copper_ingot_from_smelting_raw_copper": {
    "criteria": {
      "has_raw_copper": "2024-07-07 23:43:46 +0000"
    },
    "done": true
  },
  "travelersbackpack:recipes/misc/creeper": {
    "criteria": {
      "has_gunpowder": "2024-07-07 23:45:30 +0000"
    },
    "done": true
  },
  "minecraft:recipes/misc/firework_rocket_simple": {
    "criteria": {
      "has_gunpowder": "2024-07-07 23:45:30 +0000"
    },
    "done": true
  },
  "minecraft:recipes/redstone/tnt": {
    "criteria": {
      "has_gunpowder": "2024-07-07 23:45:30 +0000"
    },
    "done": true
  },
  "minecraft:recipes/misc/blue_dye": {
    "criteria": {
      "has_lapis_lazuli": "2024-07-07 23:50:57 +0000"
    },
    "done": true
  },
  "minecraft:recipes/building_blocks/lapis_block": {
    "criteria": {
      "has_lapis_lazuli": "2024-07-07 23:50:57 +0000"
    },
    "done": true
  },
  "travelersbackpack:recipes/misc/lapis": {
    "criteria": {
      "has_lapis_lazuli": "2024-07-07 23:50:57 +0000"
    },
    "done": true
  },
  "croptopia:recipes/misc/apricot_jam": {
    "criteria": {
      "has_apricot": "2024-07-07 23:53:44 +0000"
    },
    "done": true
  },
  "croptopia:recipes/misc/apricot_sapling": {
    "criteria": {
      "has_apricot": "2024-07-07 23:53:44 +0000"
    },
    "done": true
  },
  "minecraft:recipes/building_blocks/andesite_stairs": {
    "criteria": {
      "has_andesite": "2024-07-07 23:54:38 +0000"
    },
    "done": true
  },
  "minecraft:recipes/decorations/andesite_wall_from_andesite_stonecutting": {
    "criteria": {
      "has_andesite": "2024-07-07 23:54:38 +0000"
    },
    "done": true
  },
  "minecraft:recipes/building_blocks/polished_andesite_slab_from_andesite_stonecutting": {
    "criteria": {
      "has_andesite": "2024-07-07 23:54:38 +0000"
    },
    "done": true
  },
  "minecraft:recipes/building_blocks/andesite_slab_from_andesite_stonecutting": {
    "criteria": {
      "has_andesite": "2024-07-07 23:54:38 +0000"
    },
    "done": true
  },
  "minecraft:recipes/building_blocks/andesite_stairs_from_andesite_stonecutting": {
    "criteria": {
      "has_andesite": "2024-07-07 23:54:38 +0000"
    },
    "done": true
  },
  "minecraft:recipes/building_blocks/polished_andesite_from_andesite_stonecutting": {
    "criteria": {
      "has_andesite": "2024-07-07 23:54:38 +0000"
    },
    "done": true
  },
  "minecraft:recipes/building_blocks/polished_andesite": {
    "criteria": {
      "has_andesite": "2024-07-07 23:54:38 +0000"
    },
    "done": true
  },
  "minecraft:recipes/decorations/andesite_wall": {
    "criteria": {
      "has_andesite": "2024-07-07 23:54:38 +0000"
    },
    "done": true
  },
  "minecraft:recipes/building_blocks/andesite_slab": {
    "criteria": {
      "has_andesite": "2024-07-07 23:54:38 +0000"
    },
    "done": true
  },
  "minecraft:recipes/building_blocks/polished_andesite_stairs_from_andesite_stonecutting": {
    "criteria": {
      "has_andesite": "2024-07-07 23:54:38 +0000"
    },
    "done": true
  },
  "minecraft:recipes/redstone/birch_button": {
    "criteria": {
      "has_planks": "2024-07-07 23:57:04 +0000"
    },
    "done": true
  },
  "minecraft:recipes/redstone/birch_door": {
    "criteria": {
      "has_planks": "2024-07-07 23:57:04 +0000"
    },
    "done": true
  },
  "minecraft:recipes/decorations/birch_fence": {
    "criteria": {
      "has_planks": "2024-07-07 23:57:04 +0000"
    },
    "done": true
  },
  "minecraft:recipes/decorations/birch_sign": {
    "criteria": {
      "has_planks": "2024-07-07 23:57:04 +0000"
    },
    "done": true
  },
  "minecraft:recipes/redstone/birch_fence_gate": {
    "criteria": {
      "has_planks": "2024-07-07 23:57:04 +0000"
    },
    "done": true
  },
  "minecraft:recipes/building_blocks/birch_slab": {
    "criteria": {
      "has_planks": "2024-07-07 23:57:04 +0000"
    },
    "done": true
  },
  "minecraft:recipes/building_blocks/birch_stairs": {
    "criteria": {
      "has_planks": "2024-07-07 23:57:04 +0000"
    },
    "done": true
  },
  "minecraft:recipes/redstone/birch_trapdoor": {
    "criteria": {
      "has_planks": "2024-07-07 23:57:04 +0000"
    },
    "done": true
  },
  "minecraft:recipes/redstone/birch_pressure_plate": {
    "criteria": {
      "has_planks": "2024-07-07 23:57:04 +0000"
    },
    "done": true
  },
  "minecraft:recipes/building_blocks/granite_slab_from_granite_stonecutting": {
    "criteria": {
      "has_granite": "2024-07-07 23:59:09 +0000"
    },
    "done": true
  },
  "minecraft:recipes/decorations/granite_wall_from_granite_stonecutting": {
    "criteria": {
      "has_granite": "2024-07-07 23:59:09 +0000"
    },
    "done": true
  },
  "minecraft:recipes/building_blocks/polished_granite_from_granite_stonecutting": {
    "criteria": {
      "has_granite": "2024-07-07 23:59:09 +0000"
    },
    "done": true
  },
  "minecraft:recipes/building_blocks/granite_slab": {
    "criteria": {
      "has_granite": "2024-07-07 23:59:09 +0000"
    },
    "done": true
  },
  "minecraft:recipes/building_blocks/granite_stairs": {
    "criteria": {
      "has_granite": "2024-07-07 23:59:09 +0000"
    },
    "done": true
  },
  "minecraft:recipes/building_blocks/granite_stairs_from_granite_stonecutting": {
    "criteria": {
      "has_granite": "2024-07-07 23:59:09 +0000"
    },
    "done": true
  },
  "minecraft:recipes/decorations/granite_wall": {
    "criteria": {
      "has_granite": "2024-07-07 23:59:09 +0000"
    },
    "done": true
  },
  "minecraft:recipes/building_blocks/polished_granite_slab_from_granite_stonecutting": {
    "criteria": {
      "has_granite": "2024-07-07 23:59:09 +0000"
    },
    "done": true
  },
  "minecraft:recipes/building_blocks/polished_granite": {
    "criteria": {
      "has_granite": "2024-07-07 23:59:09 +0000"
    },
    "done": true
  },
  "minecraft:recipes/building_blocks/polished_granite_stairs_from_granite_stonecutting": {
    "criteria": {
      "has_granite": "2024-07-07 23:59:09 +0000"
    },
    "done": true
  },
  "minecraft:recipes/building_blocks/polished_diorite": {
    "criteria": {
      "has_diorite": "2024-07-08 00:01:27 +0000"
    },
    "done": true
  },
  "minecraft:recipes/building_blocks/diorite_slab": {
    "criteria": {
      "has_diorite": "2024-07-08 00:01:27 +0000"
    },
    "done": true
  },
  "minecraft:recipes/decorations/diorite_wall": {
    "criteria": {
      "has_diorite": "2024-07-08 00:01:27 +0000"
    },
    "done": true
  },
  "minecraft:recipes/building_blocks/polished_diorite_stairs_from_diorite_stonecutting": {
    "criteria": {
      "has_diorite": "2024-07-08 00:01:27 +0000"
    },
    "done": true
  },
  "minecraft:recipes/building_blocks/diorite_stairs_from_diorite_stonecutting": {
    "criteria": {
      "has_diorite": "2024-07-08 00:01:27 +0000"
    },
    "done": true
  },
  "minecraft:recipes/decorations/diorite_wall_from_diorite_stonecutting": {
    "criteria": {
      "has_diorite": "2024-07-08 00:01:27 +0000"
    },
    "done": true
  },
  "minecraft:recipes/building_blocks/andesite": {
    "criteria": {
      "has_stone": "2024-07-08 00:01:27 +0000"
    },
    "done": true
  },
  "minecraft:recipes/building_blocks/polished_diorite_from_diorite_stonecutting": {
    "criteria": {
      "has_diorite": "2024-07-08 00:01:27 +0000"
    },
    "done": true
  },
  "minecraft:recipes/building_blocks/diorite_slab_from_diorite_stonecutting": {
    "criteria": {
      "has_diorite": "2024-07-08 00:01:27 +0000"
    },
    "done": true
  },
  "minecraft:recipes/building_blocks/polished_diorite_slab_from_diorite_stonecutting": {
    "criteria": {
      "has_diorite": "2024-07-08 00:01:27 +0000"
    },
    "done": true
  },
  "minecraft:recipes/building_blocks/diorite_stairs": {
    "criteria": {
      "has_diorite": "2024-07-08 00:01:27 +0000"
    },
    "done": true
  },
  "minecraft:recipes/redstone/lightning_rod": {
    "criteria": {
      "has_copper_ingot": "2024-07-08 00:08:35 +0000"
    },
    "done": true
  },
  "minecraft:recipes/building_blocks/copper_block": {
    "criteria": {
      "has_copper_ingot": "2024-07-08 00:08:35 +0000"
    },
    "done": true
  },
  "minecraft:recipes/tools/brush": {
    "criteria": {
      "has_copper_ingot": "2024-07-08 00:08:35 +0000"
    },
    "done": true
  },
  "friendsandfoes:recipes/redstone/copper_button": {
    "criteria": {
      "has_copper_ingot": "2024-07-08 00:08:35 +0000"
    },
    "done": true
  },
  "minecraft:recipes/transportation/activator_rail": {
    "criteria": {
      "has_rail": "2024-07-08 00:12:10 +0000"
    },
    "done": true
  },
  "minecraft:recipes/transportation/detector_rail": {
    "criteria": {
      "has_rail": "2024-07-08 00:12:10 +0000"
    },
    "done": true
  },
  "minecraft:recipes/transportation/powered_rail": {
    "criteria": {
      "has_rail": "2024-07-08 00:12:10 +0000"
    },
    "done": true
  },
  "croptopia:recipes/misc/roasted_pumpkin_seeds": {
    "criteria": {
      "has_pumpkin_seed": "2024-07-08 00:12:23 +0000"
    },
    "done": true
  },
  "minecraft:story/deflect_arrow": {
    "criteria": {
      "deflected_projectile": "2024-07-08 00:14:42 +0000"
    },
    "done": true
  },
  "minecraft:recipes/misc/gold_ingot_from_blasting_raw_gold": {
    "criteria": {
      "has_raw_gold": "2024-07-08 00:19:58 +0000"
    },
    "done": true
  },
  "minecraft:recipes/misc/gold_ingot_from_smelting_raw_gold": {
    "criteria": {
      "has_raw_gold": "2024-07-08 00:19:58 +0000"
    },
    "done": true
  },
  "minecraft:recipes/building_blocks/raw_gold_block": {
    "criteria": {
      "has_raw_gold": "2024-07-08 00:19:58 +0000"
    },
    "done": true
  },
  "travelersbackpack:recipes/misc/standard_smithing": {
    "criteria": {
      "has_standard": "2024-07-08 00:20:39 +0000"
    },
    "done": true
  },
  "travelersbackpack:standard_from_custom": {
    "criteria": {
      "has_backpack": "2024-07-08 00:20:39 +0000"
    },
    "done": true
  },
  "minecraft:recipes/building_blocks/polished_deepslate": {
    "criteria": {
      "has_cobbled_deepslate": "2024-07-08 00:21:49 +0000"
    },
    "done": true
  },
  "minecraft:recipes/building_blocks/deepslate_tile_stairs_from_cobbled_deepslate_stonecutting": {
    "criteria": {
      "has_cobbled_deepslate": "2024-07-08 00:21:49 +0000"
    },
    "done": true
  },
  "minecraft:recipes/building_blocks/deepslate_brick_stairs_from_cobbled_deepslate_stonecutting": {
    "criteria": {
      "has_cobbled_deepslate": "2024-07-08 00:21:49 +0000"
    },
    "done": true
  },
  "minecraft:recipes/building_blocks/chiseled_deepslate_from_cobbled_deepslate_stonecutting": {
    "criteria": {
      "has_cobbled_deepslate": "2024-07-08 00:21:49 +0000"
    },
    "done": true
  },
  "minecraft:recipes/building_blocks/cobbled_deepslate_slab": {
    "criteria": {
      "has_cobbled_deepslate": "2024-07-08 00:21:49 +0000"
    },
    "done": true
  },
  "minecraft:recipes/decorations/cobbled_deepslate_wall_from_cobbled_deepslate_stonecutting": {
    "criteria": {
      "has_cobbled_deepslate": "2024-07-08 00:21:49 +0000"
    },
    "done": true
  },
  "minecraft:recipes/decorations/cobbled_deepslate_wall": {
    "criteria": {
      "has_cobbled_deepslate": "2024-07-08 00:21:49 +0000"
    },
    "done": true
  },
  "minecraft:recipes/decorations/polished_deepslate_wall_from_cobbled_deepslate_stonecutting": {
    "criteria": {
      "has_cobbled_deepslate": "2024-07-08 00:21:49 +0000"
    },
    "done": true
  },
  "minecraft:recipes/building_blocks/cobbled_deepslate_stairs_from_cobbled_deepslate_stonecutting": {
    "criteria": {
      "has_cobbled_deepslate": "2024-07-08 00:21:49 +0000"
    },
    "done": true
  },
  "minecraft:recipes/building_blocks/deepslate": {
    "criteria": {
      "has_cobbled_deepslate": "2024-07-08 00:21:49 +0000"
    },
    "done": true
  },
  "minecraft:recipes/building_blocks/polished_deepslate_stairs_from_cobbled_deepslate_stonecutting": {
    "criteria": {
      "has_cobbled_deepslate": "2024-07-08 00:21:49 +0000"
    },
    "done": true
  },
  "minecraft:recipes/decorations/deepslate_brick_wall_from_cobbled_deepslate_stonecutting": {
    "criteria": {
      "has_cobbled_deepslate": "2024-07-08 00:21:49 +0000"
    },
    "done": true
  },
  "minecraft:recipes/building_blocks/polished_deepslate_from_cobbled_deepslate_stonecutting": {
    "criteria": {
      "has_cobbled_deepslate": "2024-07-08 00:21:49 +0000"
    },
    "done": true
  },
  "minecraft:recipes/building_blocks/polished_deepslate_slab_from_cobbled_deepslate_stonecutting": {
    "criteria": {
      "has_cobbled_deepslate": "2024-07-08 00:21:49 +0000"
    },
    "done": true
  },
  "minecraft:recipes/building_blocks/deepslate_brick_slab_from_cobbled_deepslate_stonecutting": {
    "criteria": {
      "has_cobbled_deepslate": "2024-07-08 00:21:49 +0000"
    },
    "done": true
  },
  "minecraft:recipes/building_blocks/cobbled_deepslate_slab_from_cobbled_deepslate_stonecutting": {
    "criteria": {
      "has_cobbled_deepslate": "2024-07-08 00:21:49 +0000"
    },
    "done": true
  },
  "minecraft:recipes/building_blocks/deepslate_tile_slab_from_cobbled_deepslate_stonecutting": {
    "criteria": {
      "has_cobbled_deepslate": "2024-07-08 00:21:49 +0000"
    },
    "done": true
  },
  "minecraft:recipes/building_blocks/cobbled_deepslate_stairs": {
    "criteria": {
      "has_cobbled_deepslate": "2024-07-08 00:21:49 +0000"
    },
    "done": true
  },
  "minecraft:recipes/decorations/deepslate_tile_wall_from_cobbled_deepslate_stonecutting": {
    "criteria": {
      "has_cobbled_deepslate": "2024-07-08 00:21:49 +0000"
    },
    "done": true
  },
  "minecraft:recipes/building_blocks/deepslate_bricks_from_cobbled_deepslate_stonecutting": {
    "criteria": {
      "has_cobbled_deepslate": "2024-07-08 00:21:49 +0000"
    },
    "done": true
  },
  "minecraft:recipes/building_blocks/deepslate_tiles_from_cobbled_deepslate_stonecutting": {
    "criteria": {
      "has_cobbled_deepslate": "2024-07-08 00:21:49 +0000"
    },
    "done": true
  },
  "minecraft:recipes/building_blocks/coarse_dirt": {
    "criteria": {
      "has_gravel": "2024-07-08 00:29:39 +0000"
    },
    "done": true
  },
  "croptopia:recipes/misc/celery_seed": {
    "criteria": {
      "has_celery": "2024-07-08 00:33:49 +0000"
    },
    "done": true
  },
  "croptopia:gather_forest": {
    "criteria": {
      "tomatillo_seed": "2024-07-08 00:34:44 +0000",
      "cantaloupe_seed": "2024-07-08 00:34:44 +0000",
      "tomato_seed": "2024-07-08 02:41:17 +0000",
      "celery_seed": "2024-07-08 00:33:49 +0000"
    },
    "done": false
  },
  "croptopia:gather_all": {
    "criteria": {
      "yam_seed": "2024-07-08 03:05:34 +0000",
      "leek_seed": "2024-07-08 21:15:47 +0000",
      "hops_seed": "2024-07-08 00:48:45 +0000",
      "squash_seed": "2024-07-08 03:00:31 +0000",
      "tomatillo_seed": "2024-07-08 00:34:44 +0000",
      "kiwi_seed": "2024-07-08 03:44:44 +0000",
      "cantaloupe_seed": "2024-07-08 00:34:44 +0000",
      "ginger_seed": "2024-07-08 21:16:45 +0000",
      "rutabaga_seed": "2024-07-08 03:05:27 +0000",
      "tomato_seed": "2024-07-08 02:41:17 +0000",
      "olive_seed": "2024-07-08 03:05:29 +0000",
      "celery_seed": "2024-07-08 00:33:49 +0000"
    },
    "done": false
  },
  "croptopia:recipes/misc/orange_sapling": {
    "criteria": {
      "has_orange": "2024-07-08 00:34:02 +0000"
    },
    "done": true
  },
  "croptopia:recipes/misc/orange_juice": {
    "criteria": {
      "has_orange": "2024-07-08 00:34:02 +0000"
    },
    "done": true
  },
  "croptopia:recipes/misc/cantaloupe_seed": {
    "criteria": {
      "has_cantaloupe": "2024-07-08 00:34:44 +0000"
    },
    "done": true
  },
  "croptopia:recipes/misc/tomatillo_seed": {
    "criteria": {
      "has_tomatillo": "2024-07-08 00:34:44 +0000"
    },
    "done": true
  },
  "croptopia:recipes/misc/melon_juice": {
    "criteria": {
      "has_melon": "2024-07-08 00:34:44 +0000"
    },
    "done": true
  },
  "croptopia:recipes/misc/plum_sapling": {
    "criteria": {
      "has_plum": "2024-07-08 00:34:49 +0000"
    },
    "done": true
  },
  "croptopia:recipes/misc/lemon_sapling": {
    "criteria": {
      "has_lemon": "2024-07-08 00:35:01 +0000"
    },
    "done": true
  },
  "croptopia:recipes/shaped_beef_stew": {
    "criteria": {
      "has_beef": "2024-07-08 00:37:45 +0000"
    },
    "done": true
  },
  "minecraft:recipes/food/cooked_beef_from_smoking": {
    "criteria": {
      "has_beef": "2024-07-08 00:37:45 +0000"
    },
    "done": true
  },
  "croptopia:recipes/hamburger": {
    "criteria": {
      "has_beef": "2024-07-08 00:37:45 +0000"
    },
    "done": true
  },
  "minecraft:recipes/food/cooked_beef": {
    "criteria": {
      "has_beef": "2024-07-08 00:37:45 +0000"
    },
    "done": true
  },
  "minecraft:recipes/food/cooked_beef_from_campfire_cooking": {
    "criteria": {
      "has_beef": "2024-07-08 00:37:45 +0000"
    },
    "done": true
  },
  "croptopia:recipes/misc/cherry_pie": {
    "criteria": {
      "has_cherry": "2024-07-08 00:38:10 +0000"
    },
    "done": true
  },
  "croptopia:recipes/misc/cherry_sapling": {
    "criteria": {
      "has_cherry": "2024-07-08 00:38:10 +0000"
    },
    "done": true
  },
  "croptopia:recipes/misc/cherry_jam": {
    "criteria": {
      "has_cherry": "2024-07-08 00:38:10 +0000"
    },
    "done": true
  },
  "minecraft:recipes/combat/leather_helmet": {
    "criteria": {
      "has_leather": "2024-07-08 00:38:27 +0000"
    },
    "done": true
  },
  "minecraft:recipes/combat/leather_leggings": {
    "criteria": {
      "has_leather": "2024-07-08 00:38:27 +0000"
    },
    "done": true
  },
  "minecraft:recipes/combat/leather_chestplate": {
    "criteria": {
      "has_leather": "2024-07-08 00:38:27 +0000"
    },
    "done": true
  },
  "minecraft:recipes/misc/leather_horse_armor": {
    "criteria": {
      "has_leather": "2024-07-08 00:38:27 +0000"
    },
    "done": true
  },
  "travelersbackpack:recipes/misc/horse": {
    "criteria": {
      "has_leather": "2024-07-08 00:38:27 +0000"
    },
    "done": true
  },
  "minecraft:recipes/decorations/item_frame": {
    "criteria": {
      "has_leather": "2024-07-08 00:38:27 +0000"
    },
    "done": true
  },
  "minecraft:recipes/combat/leather_boots": {
    "criteria": {
      "has_leather": "2024-07-08 00:38:27 +0000"
    },
    "done": true
  },
  "minecraft:recipes/combat/arrow": {
    "criteria": {
      "has_feather": "2024-07-08 00:38:50 +0000"
    },
    "done": true
  },
  "travelersbackpack:recipes/misc/chicken": {
    "criteria": {
      "has_feather": "2024-07-08 00:38:50 +0000"
    },
    "done": true
  },
  "minecraft:recipes/food/cake": {
    "criteria": {
      "has_egg": "2024-07-08 00:38:54 +0000"
    },
    "done": true
  },
  "croptopia:recipes/misc/meringue": {
    "criteria": {
      "has_egg": "2024-07-08 00:38:54 +0000"
    },
    "done": true
  },
  "travelersbackpack:recipes/misc/cake": {
    "criteria": {
      "has_egg": "2024-07-08 00:38:54 +0000"
    },
    "done": true
  },
  "minecraft:recipes/food/cooked_porkchop_from_campfire_cooking": {
    "criteria": {
      "has_porkchop": "2024-07-08 00:39:20 +0000"
    },
    "done": true
  },
  "croptopia:recipes/shaped_bacon": {
    "criteria": {
      "has_porkchop": "2024-07-08 00:39:20 +0000"
    },
    "done": true
  },
  "minecraft:recipes/food/cooked_porkchop": {
    "criteria": {
      "has_porkchop": "2024-07-08 00:39:20 +0000"
    },
    "done": true
  },
  "minecraft:recipes/food/cooked_porkchop_from_smoking": {
    "criteria": {
      "has_porkchop": "2024-07-08 00:39:20 +0000"
    },
    "done": true
  },
  "travelersbackpack:recipes/misc/pig": {
    "criteria": {
      "has_porkchop": "2024-07-08 00:39:20 +0000"
    },
    "done": true
  },
  "minecraft:recipes/decorations/fletching_table": {
    "criteria": {
      "has_flint": "2024-07-08 00:40:54 +0000"
    },
    "done": true
  },
  "minecraft:recipes/tools/flint_and_steel": {
    "criteria": {
      "has_flint": "2024-07-08 00:40:54 +0000"
    },
    "done": true
  },
  "croptopia:recipes/food/molasses_from_smoking_sugar_cane": {
    "criteria": {
      "has_sugar_cane": "2024-07-08 00:42:29 +0000"
    },
    "done": true
  },
  "croptopia:recipes/campfire_molasses": {
    "criteria": {
      "has_sugar_cane": "2024-07-08 00:42:29 +0000"
    },
    "done": true
  },
  "minecraft:recipes/misc/paper": {
    "criteria": {
      "has_reeds": "2024-07-08 00:42:29 +0000"
    },
    "done": true
  },
  "croptopia:recipes/food/molasses_from_sugar_cane": {
    "criteria": {
      "has_sugar_cane": "2024-07-08 00:42:29 +0000"
    },
    "done": true
  },
  "minecraft:recipes/misc/sugar_from_sugar_cane": {
    "criteria": {
      "has_sugar_cane": "2024-07-08 00:42:29 +0000"
    },
    "done": true
  },
  "minecraft:recipes/building_blocks/acacia_wood": {
    "criteria": {
      "has_log": "2024-07-08 00:42:39 +0000"
    },
    "done": true
  },
  "minecraft:recipes/building_blocks/acacia_planks": {
    "criteria": {
      "has_log": "2024-07-08 00:42:39 +0000"
    },
    "done": true
  },
  "minecraft:recipes/food/cooked_mutton_from_smoking": {
    "criteria": {
      "has_mutton": "2024-07-08 00:48:42 +0000"
    },
    "done": true
  },
  "minecraft:recipes/food/cooked_mutton": {
    "criteria": {
      "has_mutton": "2024-07-08 00:48:42 +0000"
    },
    "done": true
  },
  "minecraft:recipes/food/cooked_mutton_from_campfire_cooking": {
    "criteria": {
      "has_mutton": "2024-07-08 00:48:42 +0000"
    },
    "done": true
  },
  "croptopia:recipes/misc/hops_seed": {
    "criteria": {
      "has_hops": "2024-07-08 00:48:45 +0000"
    },
    "done": true
  },
  "croptopia:gather_savanna": {
    "criteria": {
      "yam_seed": "2024-07-08 03:05:34 +0000",
      "leek_seed": "2024-07-08 21:15:47 +0000",
      "hops_seed": "2024-07-08 00:48:45 +0000",
      "squash_seed": "2024-07-08 03:00:31 +0000",
      "kiwi_seed": "2024-07-08 03:44:44 +0000",
      "ginger_seed": "2024-07-08 21:16:45 +0000",
      "rutabaga_seed": "2024-07-08 03:05:27 +0000",
      "olive_seed": "2024-07-08 03:05:29 +0000"
    },
    "done": false
  },
  "minecraft:recipes/decorations/composter": {
    "criteria": {
      "has_wood_slab": "2024-07-08 00:48:53 +0000"
    },
    "done": true
  },
  "minecraft:recipes/decorations/glow_item_frame": {
    "criteria": {
      "has_glow_ink_sac": "2024-07-08 00:49:14 +0000"
    },
    "done": true
  },
  "minecraft:recipes/misc/gold_nugget_from_smelting": {
    "criteria": {
      "has_golden_axe": "2024-07-08 00:50:12 +0000"
    },
    "done": true
  },
  "minecraft:recipes/misc/gold_nugget_from_blasting": {
    "criteria": {
      "has_golden_axe": "2024-07-08 00:50:12 +0000"
    },
    "done": true
  },
  "minecraft:recipes/building_blocks/light_blue_stained_glass": {
    "criteria": {
      "has_glass": "2024-07-08 02:40:58 +0000"
    },
    "done": true
  },
  "minecraft:recipes/building_blocks/green_stained_glass": {
    "criteria": {
      "has_glass": "2024-07-08 02:40:58 +0000"
    },
    "done": true
  },
  "minecraft:recipes/building_blocks/brown_stained_glass": {
    "criteria": {
      "has_glass": "2024-07-08 02:40:58 +0000"
    },
    "done": true
  },
  "minecraft:recipes/building_blocks/blue_stained_glass": {
    "criteria": {
      "has_glass": "2024-07-08 02:40:58 +0000"
    },
    "done": true
  },
  "minecraft:recipes/building_blocks/orange_stained_glass": {
    "criteria": {
      "has_glass": "2024-07-08 02:40:58 +0000"
    },
    "done": true
  },
  "minecraft:recipes/building_blocks/pink_stained_glass": {
    "criteria": {
      "has_glass": "2024-07-08 02:40:58 +0000"
    },
    "done": true
  },
  "minecraft:recipes/building_blocks/black_stained_glass": {
    "criteria": {
      "has_glass": "2024-07-08 02:40:58 +0000"
    },
    "done": true
  },
  "minecraft:recipes/building_blocks/gray_stained_glass": {
    "criteria": {
      "has_glass": "2024-07-08 02:40:58 +0000"
    },
    "done": true
  },
  "minecraft:recipes/building_blocks/lime_stained_glass": {
    "criteria": {
      "has_glass": "2024-07-08 02:40:58 +0000"
    },
    "done": true
  },
  "minecraft:recipes/decorations/glass_pane": {
    "criteria": {
      "has_glass": "2024-07-08 02:40:58 +0000"
    },
    "done": true
  },
  "minecraft:recipes/building_blocks/magenta_stained_glass": {
    "criteria": {
      "has_glass": "2024-07-08 02:40:58 +0000"
    },
    "done": true
  },
  "minecraft:recipes/building_blocks/white_stained_glass": {
    "criteria": {
      "has_glass": "2024-07-08 02:40:58 +0000"
    },
    "done": true
  },
  "minecraft:recipes/building_blocks/red_stained_glass": {
    "criteria": {
      "has_glass": "2024-07-08 02:40:58 +0000"
    },
    "done": true
  },
  "minecraft:recipes/brewing/glass_bottle": {
    "criteria": {
      "has_glass": "2024-07-08 02:40:58 +0000"
    },
    "done": true
  },
  "minecraft:recipes/building_blocks/light_gray_stained_glass": {
    "criteria": {
      "has_glass": "2024-07-08 02:40:58 +0000"
    },
    "done": true
  },
  "minecraft:recipes/building_blocks/cyan_stained_glass": {
    "criteria": {
      "has_glass": "2024-07-08 02:40:58 +0000"
    },
    "done": true
  },
  "minecraft:recipes/building_blocks/purple_stained_glass": {
    "criteria": {
      "has_glass": "2024-07-08 02:40:58 +0000"
    },
    "done": true
  },
  "minecraft:recipes/building_blocks/yellow_stained_glass": {
    "criteria": {
      "has_glass": "2024-07-08 02:40:58 +0000"
    },
    "done": true
  },
  "croptopia:recipes/misc/tomato_seed": {
    "criteria": {
      "has_tomato": "2024-07-08 02:41:17 +0000"
    },
    "done": true
  },
  "croptopia:recipes/misc/tomato_juice": {
    "criteria": {
      "has_tomato": "2024-07-08 02:41:17 +0000"
    },
    "done": true
  },
  "minecraft:recipes/misc/raw_iron": {
    "criteria": {
      "has_raw_iron_block": "2024-07-08 02:44:24 +0000"
    },
    "done": true
  },
  "minecraft:recipes/misc/coal": {
    "criteria": {
      "has_coal_block": "2024-07-08 02:44:26 +0000"
    },
    "done": true
  },
  "minecraft:recipes/redstone/redstone_torch": {
    "criteria": {
      "has_redstone": "2024-07-08 02:46:52 +0000"
    },
    "done": true
  },
  "minecraft:recipes/tools/clock": {
    "criteria": {
      "has_redstone": "2024-07-08 02:46:52 +0000"
    },
    "done": true
  },
  "minecraft:recipes/redstone/note_block": {
    "criteria": {
      "has_redstone": "2024-07-08 02:46:52 +0000"
    },
    "done": true
  },
  "minecraft:recipes/redstone/target": {
    "criteria": {
      "has_redstone": "2024-07-08 02:46:52 +0000"
    },
    "done": true
  },
  "minecraft:recipes/tools/compass": {
    "criteria": {
      "has_redstone": "2024-07-08 02:46:52 +0000"
    },
    "done": true
  },
  "travelersbackpack:recipes/misc/redstone": {
    "criteria": {
      "has_redstone": "2024-07-08 02:46:52 +0000"
    },
    "done": true
  },
  "minecraft:recipes/redstone/dropper": {
    "criteria": {
      "has_redstone": "2024-07-08 02:46:52 +0000"
    },
    "done": true
  },
  "minecraft:recipes/redstone/redstone_block": {
    "criteria": {
      "has_redstone": "2024-07-08 02:46:52 +0000"
    },
    "done": true
  },
  "minecraft:recipes/redstone/piston": {
    "criteria": {
      "has_redstone": "2024-07-08 02:46:52 +0000"
    },
    "done": true
  },
  "croptopia:recipes/misc/lime_sapling": {
    "criteria": {
      "has_lime": "2024-07-08 02:55:19 +0000"
    },
    "done": true
  },
  "croptopia:recipes/misc/squash_seed": {
    "criteria": {
      "has_squash": "2024-07-08 03:00:31 +0000"
    },
    "done": true
  },
  "minecraft:recipes/redstone/dispenser": {
    "criteria": {
      "has_bow": "2024-07-08 03:02:17 +0000"
    },
    "done": true
  },
  "croptopia:recipes/misc/rutabaga_seed": {
    "criteria": {
      "has_rutabaga": "2024-07-08 03:05:28 +0000"
    },
    "done": true
  },
  "croptopia:recipes/misc/olive_seed": {
    "criteria": {
      "has_olive": "2024-07-08 03:05:29 +0000"
    },
    "done": true
  },
  "croptopia:recipes/food/baked_yam_from_smoking_yam": {
    "criteria": {
      "has_yam": "2024-07-08 03:05:34 +0000"
    },
    "done": true
  },
  "croptopia:recipes/misc/yam_seed": {
    "criteria": {
      "has_yam": "2024-07-08 03:05:34 +0000"
    },
    "done": true
  },
  "croptopia:recipes/food/baked_yam_from_yam": {
    "criteria": {
      "has_yam": "2024-07-08 03:05:34 +0000"
    },
    "done": true
  },
  "croptopia:recipes/shaped_water_bottle": {
    "criteria": {
      "has_water": "2024-07-08 03:09:19 +0000"
    },
    "done": true
  },
  "minecraft:recipes/brewing/cauldron": {
    "criteria": {
      "has_water_bucket": "2024-07-08 03:09:19 +0000"
    },
    "done": true
  },
  "minecraft:recipes/combat/wolf_armor": {
    "criteria": {
      "has_armadillo_scute": "2024-07-08 03:12:19 +0000"
    },
    "done": true
  },
  "minecraft:adventure/brush_armadillo": {
    "criteria": {
      "brush_armadillo": "2024-07-08 03:12:19 +0000"
    },
    "done": true
  },
  "minecraft:recipes/combat/diamond_leggings": {
    "criteria": {
      "has_diamond": "2024-07-08 03:24:47 +0000"
    },
    "done": true
  },
  "minecraft:recipes/combat/diamond_sword": {
    "criteria": {
      "has_diamond": "2024-07-08 03:24:47 +0000"
    },
    "done": true
  },
  "minecraft:recipes/decorations/jukebox": {
    "criteria": {
      "has_diamond": "2024-07-08 03:24:47 +0000"
    },
    "done": true
  },
  "minecraft:recipes/combat/diamond_chestplate": {
    "criteria": {
      "has_diamond": "2024-07-08 03:24:47 +0000"
    },
    "done": true
  },
  "minecraft:recipes/tools/diamond_pickaxe": {
    "criteria": {
      "has_diamond": "2024-07-08 03:24:47 +0000"
    },
    "done": true
  },
  "minecraft:recipes/tools/diamond_hoe": {
    "criteria": {
      "has_diamond": "2024-07-08 03:24:47 +0000"
    },
    "done": true
  },
  "minecraft:recipes/tools/diamond_shovel": {
    "criteria": {
      "has_diamond": "2024-07-08 03:24:47 +0000"
    },
    "done": true
  },
  "minecraft:recipes/combat/diamond_boots": {
    "criteria": {
      "has_diamond": "2024-07-08 03:24:47 +0000"
    },
    "done": true
  },
  "travelersbackpack:recipes/misc/diamond_tier_upgrade": {
    "criteria": {
      "has_diamond": "2024-07-08 03:24:47 +0000"
    },
    "done": true
  },
  "minecraft:recipes/combat/diamond_helmet": {
    "criteria": {
      "has_diamond": "2024-07-08 03:24:47 +0000"
    },
    "done": true
  },
  "travelersbackpack:recipes/misc/diamond": {
    "criteria": {
      "has_diamond": "2024-07-08 03:24:47 +0000"
    },
    "done": true
  },
  "minecraft:recipes/building_blocks/diamond_block": {
    "criteria": {
      "has_diamond": "2024-07-08 03:24:47 +0000"
    },
    "done": true
  },
  "minecraft:story/mine_diamond": {
    "criteria": {
      "diamond": "2024-07-08 03:24:47 +0000"
    },
    "done": true
  },
  "minecraft:recipes/tools/diamond_axe": {
    "criteria": {
      "has_diamond": "2024-07-08 03:24:47 +0000"
    },
    "done": true
  },
  "minecraft:adventure/avoid_vibration": {
    "criteria": {
      "avoid_vibration": "2024-07-08 03:34:56 +0000"
    },
    "done": true
  },
  "minecraft:recipes/decorations/gray_bed": {
    "criteria": {
      "has_gray_wool": "2024-07-08 03:43:07 +0000"
    },
    "done": true
  },
  "minecraft:recipes/decorations/gray_carpet": {
    "criteria": {
      "has_gray_wool": "2024-07-08 03:43:07 +0000"
    },
    "done": true
  },
  "travelersbackpack:recipes/decorations/gray_sleeping_bag": {
    "criteria": {
      "has_gray_wool": "2024-07-08 03:43:07 +0000"
    },
    "done": true
  },
  "minecraft:recipes/decorations/gray_banner": {
    "criteria": {
      "has_gray_wool": "2024-07-08 03:43:07 +0000"
    },
    "done": true
  },
  "croptopia:recipes/misc/kiwi_seed": {
    "criteria": {
      "has_kiwi": "2024-07-08 03:44:44 +0000"
    },
    "done": true
  },
  "minecraft:recipes/tools/lead": {
    "criteria": {
      "has_slime_ball": "2024-07-08 03:52:47 +0000"
    },
    "done": true
  },
  "minecraft:recipes/redstone/sticky_piston": {
    "criteria": {
      "has_slime_ball": "2024-07-08 03:52:47 +0000"
    },
    "done": true
  },
  "minecraft:recipes/redstone/slime_block": {
    "criteria": {
      "has_slime_ball": "2024-07-08 03:52:47 +0000"
    },
    "done": true
  },
  "minecraft:recipes/misc/ward_armor_trim_smithing_template_smithing_trim": {
    "criteria": {
      "has_smithing_trim_template": "2024-07-08 04:36:14 +0000"
    },
    "done": true
  },
  "minecraft:recipes/misc/ward_armor_trim_smithing_template": {
    "criteria": {
      "has_ward_armor_trim_smithing_template": "2024-07-08 04:36:14 +0000"
    },
    "done": true
  },
  "minecraft:recipes/misc/mojang_banner_pattern": {
    "criteria": {
      "has_enchanted_golden_apple": "2024-07-08 04:36:16 +0000"
    },
    "done": true
  },
  "minecraft:story/shiny_gear": {
    "criteria": {
      "diamond_leggings": "2024-07-08 04:36:17 +0000"
    },
    "done": true
  },
  "minecraft:recipes/decorations/soul_lantern": {
    "criteria": {
      "has_soul_torch": "2024-07-08 04:44:43 +0000"
    },
    "done": true
  },
  "minecraft:adventure/shoot_arrow": {
    "criteria": {
      "shot_arrow": "2024-07-08 04:51:07 +0000"
    },
    "done": true
  },
  "minecraft:recipes/food/bread": {
    "criteria": {
      "has_wheat": "2024-07-08 04:59:45 +0000"
    },
    "done": true
  },
  "minecraft:recipes/building_blocks/hay_block": {
    "criteria": {
      "has_wheat": "2024-07-08 04:59:45 +0000"
    },
    "done": true
  },
  "travelersbackpack:recipes/misc/hay": {
    "criteria": {
      "has_wheat": "2024-07-08 04:59:45 +0000"
    },
    "done": true
  },
  "waystones:recipes/decorations/warp_scroll": {
    "criteria": {
      "has_ender_pearl": "2024-07-08 21:30:13 +0000"
    },
    "done": true
  },
  "croptopia:recipes/food/cooked_calamari_from_glowing_calamari": {
    "criteria": {
      "has_glowing_calamari": "2024-07-08 21:19:53 +0000"
    },
    "done": true
  },
  "croptopia:recipes/misc/strawberry_jam": {
    "criteria": {
      "has_strawberry": "2024-07-08 21:16:46 +0000"
    },
    "done": true
  },
  "croptopia:recipes/food/cooked_calamari_from_smoking_glowing_calamari": {
    "criteria": {
      "has_glowing_calamari": "2024-07-08 21:19:53 +0000"
    },
    "done": true
  },
  "minecraft:recipes/building_blocks/mossy_cobblestone_stairs_from_mossy_cobblestone_stonecutting": {
    "criteria": {
      "has_mossy_cobblestone": "2024-07-08 21:40:34 +0000"
    },
    "done": true
  },
  "croptopia:recipes/misc/strawberry_smoothie": {
    "criteria": {
      "has_strawberry": "2024-07-08 21:16:46 +0000"
    },
    "done": true
  },
  "travelersbackpack:recipes/misc/diamond_smithing": {
    "criteria": {
      "has_diamond": "2024-07-08 21:14:34 +0000"
    },
    "done": true
  },
  "croptopia:recipes/misc/blueberry_jam": {
    "criteria": {
      "has_blueberry": "2024-07-08 21:16:46 +0000"
    },
    "done": true
  },
  "waystones:recipes/decorations/warp_stone": {
    "criteria": {
      "has_ender_pearl": "2024-07-08 21:30:13 +0000"
    },
    "done": true
  },
  "waystones:recipes/decorations/warp_dust": {
    "criteria": {
      "has_ender_pearl": "2024-07-08 21:30:13 +0000"
    },
    "done": true
  },
  "minecraft:recipes/building_blocks/mossy_cobblestone_slab": {
    "criteria": {
      "has_mossy_cobblestone": "2024-07-08 21:40:34 +0000"
    },
    "done": true
  },
  "minecraft:recipes/building_blocks/mossy_cobblestone_stairs": {
    "criteria": {
      "has_mossy_cobblestone": "2024-07-08 21:40:34 +0000"
    },
    "done": true
  },
  "croptopia:gather_food": {
    "criteria": {
      "glowing_calamari": "2024-07-08 21:19:53 +0000"
    },
    "done": false
  },
  "minecraft:recipes/decorations/mossy_cobblestone_wall": {
    "criteria": {
      "has_mossy_cobblestone": "2024-07-08 21:40:34 +0000"
    },
    "done": true
  },
  "travelersbackpack:recipes/misc/enderman": {
    "criteria": {
      "has_ender_pearl": "2024-07-08 21:30:13 +0000"
    },
    "done": true
  },
  "minecraft:recipes/building_blocks/mossy_cobblestone_slab_from_mossy_cobblestone_stonecutting": {
    "criteria": {
      "has_mossy_cobblestone": "2024-07-08 21:40:34 +0000"
    },
    "done": true
  },
  "croptopia:recipes/misc/blueberry_seed": {
    "criteria": {
      "has_blueberry": "2024-07-08 21:16:46 +0000"
    },
    "done": true
  },
  "croptopia:recipes/misc/strawberry_ice_cream": {
    "criteria": {
      "has_strawberry": "2024-07-08 21:16:46 +0000"
    },
    "done": true
  },
  "croptopia:recipes/misc/strawberry_seed": {
    "criteria": {
      "has_strawberry": "2024-07-08 21:16:46 +0000"
    },
    "done": true
  },
  "minecraft:recipes/decorations/mossy_cobblestone_wall_from_mossy_cobblestone_stonecutting": {
    "criteria": {
      "has_mossy_cobblestone": "2024-07-08 21:40:34 +0000"
    },
    "done": true
  },
  "croptopia:recipes/misc/leek_seed": {
    "criteria": {
      "has_leek": "2024-07-08 21:15:47 +0000"
    },
    "done": true
  },
  "DataVersion": 3839
}